absolute_path,svs_filename,binary_label,label,EXP_ID,GROUP_ID,INDIVIDUAL_ID,COMPOUND_NAME,drug_name,DOSE_LEVEL,DOSE,DOSE_UNIT,SACRIFICE_PERIOD,SINGLE_REPEAT_TYPE,ADMINISTRATION_ROUTE_TYPE,SPECIES,ANIMAL_AGE(week),ORGAN,FINDING_TYPE,TOPOGRAPHY_TYPE,GRADE_TYPE
/mnt/e/spass/open-tggates-pathological-images/LATEST/images/colchicine/Liver/41475.svs,41475.svs,1,abnormal,501,13,1,colchicine,colchicine,High,15,mg/kg,3 hr,Single,Gavage,Rat,6,Liver,Increased mitosis | Single cell necrosis,Midlobular,slight
/mnt/e/spass/open-tggates-pathological-images/LATEST/images/bromoethylamine/Liver/52783.svs,52783.svs,1,abnormal,578,14,2,bromoethylamine,bromoethylamine,High,60,mg/kg,6 hr,Single,intravenous injection,Rat,6,Liver,"Deposit, glycogen",Hepatocyte,slight
/mnt/e/spass/open-tggates-pathological-images/LATEST/images/ethinylestradiol/Liver/13638.svs,13638.svs,1,abnormal,304,6,1,ethinylestradiol,ethinylestradiol,Low,1,mg/kg,6 hr,Single,Gavage,Rat,6,Liver,Necrosis,Hepatocyte,minimal
/mnt/e/spass/open-tggates-pathological-images/LATEST/images/amitriptyline/Liver/34280.svs,34280.svs,1,abnormal,368,15,3,amitriptyline,amitriptyline,High,150,mg/kg,15 day,Repeat,Gavage,Rat,6,Liver,"Hypertrophy | Vacuolization, cytoplasmic",Hepatocyte,moderate | slight
/mnt/e/spass/open-tggates-pathological-images/LATEST/images/hexachlorobenzene/Liver/6287.svs,6287.svs,1,abnormal,157,7,3,hexachlorobenzene,hexachlorobenzene,Low,30,mg/kg,15 day,Repeat,Gavage,Rat,6,Liver,"Ground glass appearance | Hypertrophy | Vacuolization, cytoplasmic",Centrilobular | Periportal,slight | minimal
/mnt/e/spass/open-tggates-pathological-images/LATEST/images/WY-14643/Liver/29639.svs,29639.svs,1,abnormal,182,14,1,WY-14643,WY-14643,High,100,mg/kg,8 day,Repeat,Gavage,Rat,6,Liver,"Degeneration, granular, eosinophilic | Granuloma | Hypertrophy | Increased mitosis","Hepatocyte | Bile duct, interlobular",severe | minimal
/mnt/e/spass/open-tggates-pathological-images/LATEST/images/methylene_dianiline/Liver/63481.svs,63481.svs,1,abnormal,685,9,4,methylene dianiline,methylene_dianiline,Middle,100,mg/kg,3 hr,Single,Gavage,Rat,6,Liver,Cellular infiltration | Dilatation | Edema | Hemorrhage | Necrosis,Glisson's sheath | Lymphatic | Bile duct cell,minimal | slight | moderate
/mnt/e/spass/open-tggates-pathological-images/LATEST/images/acetamidofluorene/Liver/51853.svs,51853.svs,1,abnormal,569,10,4,acetamidofluorene,acetamidofluorene,Middle,100,mg/kg,8 day,Repeat,Gavage,Rat,6,Liver,"Cellular infiltration | Proliferation, bile duct | Proliferation, oval cell | Swelling",Periportal | Centrilobular,minimal | slight
/mnt/e/spass/open-tggates-pathological-images/LATEST/images/dantrolene/Liver/43769.svs,43769.svs,1,abnormal,520,3,2,dantrolene,dantrolene,Control,0,mg/kg,15 day,Repeat,Gavage,Rat,6,Liver,Microgranuloma,,minimal
/mnt/e/spass/open-tggates-pathological-images/LATEST/images/acetamide/Liver/65654.svs,65654.svs,1,abnormal,713,11,3,acetamide,acetamide,Middle,1000,mg/kg,15 day,Repeat,Gavage,Rat,6,Liver,"Change, acidophilic | Pyknosis",Hepatocyte,slight
/mnt/e/spass/open-tggates-pathological-images/LATEST/images/WY-14643/Liver/8344.svs,8344.svs,1,abnormal,181,9,3,WY-14643,WY-14643,Middle,30,mg/kg,3 hr,Single,Gavage,Rat,6,Liver,Single cell necrosis,Hepatocyte,minimal
/mnt/e/spass/open-tggates-pathological-images/LATEST/images/WY-14643/Liver/8325.svs,8325.svs,1,abnormal,181,8,1,WY-14643,WY-14643,Low,10,mg/kg,24 hr,Single,Gavage,Rat,6,Liver,"Degeneration, granular, eosinophilic | Increased mitosis",Hepatocyte,slight | minimal
/mnt/e/spass/open-tggates-pathological-images/LATEST/images/promethazine/Liver/70688.svs,70688.svs,1,abnormal,494,16,3,promethazine,promethazine,High,200,mg/kg,29 day,Repeat,Gavage,Rat,6,Liver,Ground glass appearance | Hypertrophy,Centrilobular,severe
/mnt/e/spass/open-tggates-pathological-images/LATEST/images/enalapril/Liver/35527.svs,35527.svs,1,abnormal,423,4,4,enalapril,enalapril,Control,0,mg/kg,29 day,Repeat,Gavage,Rat,6,Liver,Microgranuloma,,minimal
/mnt/e/spass/open-tggates-pathological-images/LATEST/images/N-methyl-N-nitrosourea/Liver/65349.svs,65349.svs,1,abnormal,716,4,3,N-methyl-N-nitrosourea,N-methyl-N-nitrosourea,High,100,mg/kg,24 hr,Single,intraperitoneal injection,Rat,6,Liver,"Alteration, nuclear",Hepatocyte,slight
/mnt/e/spass/open-tggates-pathological-images/LATEST/images/papaverine/Liver/37721.svs,37721.svs,1,abnormal,432,12,5,papaverine,papaverine,Middle,120,mg/kg,29 day,Repeat,Gavage,Rat,6,Liver,Ground glass appearance,Centrilobular,slight
/mnt/e/spass/open-tggates-pathological-images/LATEST/images/omeprazole/Liver/4848.svs,4848.svs,1,abnormal,123,14,3,omeprazole,omeprazole,High,1000,mg/kg,6 hr,Single,Gavage,Rat,6,Liver,"Change, eosinophilic",Periportal,slight
/mnt/e/spass/open-tggates-pathological-images/LATEST/images/thioacetamide/Liver/27622.svs,27622.svs,1,abnormal,116,10,3,thioacetamide,thioacetamide,Middle,15,mg/kg,6 hr,Single,Gavage,Rat,6,Liver,"Atypia, nuclear | Single cell necrosis",Hepatocyte,minimal
/mnt/e/spass/open-tggates-pathological-images/LATEST/images/hydroxyzine/Liver/19747.svs,19747.svs,1,abnormal,370,13,4,hydroxyzine,hydroxyzine,High,100,mg/kg,4 day,Repeat,Gavage,Rat,6,Liver,Hypertrophy,Centrilobular,minimal
/mnt/e/spass/open-tggates-pathological-images/LATEST/images/methyltestosterone/Liver/10646.svs,10646.svs,1,abnormal,241,12,1,methyltestosterone,methyltestosterone,Middle,100,mg/kg,24 hr,Single,Gavage,Rat,6,Liver,Increased mitosis,Hepatocyte,minimal
/mnt/e/spass/open-tggates-pathological-images/LATEST/images/acetamidofluorene/Liver/51456.svs,51456.svs,1,abnormal,568,14,3,acetamidofluorene,acetamidofluorene,High,1000,mg/kg,6 hr,Single,Gavage,Rat,6,Liver,Swelling,Centrilobular,minimal
/mnt/e/spass/open-tggates-pathological-images/LATEST/images/hydroxyzine/Liver/19770.svs,19770.svs,1,abnormal,370,15,3,hydroxyzine,hydroxyzine,High,100,mg/kg,15 day,Repeat,Gavage,Rat,6,Liver,Hypertrophy,Centrilobular,slight
/mnt/e/spass/open-tggates-pathological-images/LATEST/images/flutamide/Liver/11938.svs,11938.svs,1,abnormal,292,12,1,flutamide,flutamide,Middle,50,mg/kg,29 day,Repeat,Gavage,Rat,6,Liver,Hypertrophy,Centrilobular,slight
/mnt/e/spass/open-tggates-pathological-images/LATEST/images/nitrosodiethylamine/Liver/52388.svs,52388.svs,1,abnormal,570,11,1,nitrosodiethylamine,nitrosodiethylamine,Middle,30,mg/kg,9 hr,Single,Gavage,Rat,6,Liver,Swelling,Centrilobular,moderate
/mnt/e/spass/open-tggates-pathological-images/LATEST/images/ethionamide/Liver/46064.svs,46064.svs,1,abnormal,584,10,1,ethionamide,ethionamide,Middle,300,mg/kg,6 hr,Single,Gavage,Rat,6,Liver,"Microgranuloma | Single cell necrosis | Vacuolization, nuclear",Hepatocyte,minimal
/mnt/e/spass/open-tggates-pathological-images/LATEST/images/fenofibrate/Liver/20301.svs,20301.svs,1,abnormal,394,8,1,fenofibrate,fenofibrate,Low,10,mg/kg,24 hr,Single,Gavage,Rat,6,Liver,Increased mitosis,Hepatocyte,minimal
/mnt/e/spass/open-tggates-pathological-images/LATEST/images/colchicine/Liver/41826.svs,41826.svs,1,abnormal,502,13,3,colchicine,colchicine,High,5,mg/kg,4 day,Repeat,Gavage,Rat,6,Liver,Cellular infiltration | Increased mitosis,Periductular | Bile duct cell | Midlobular,minimal | slight | moderate
/mnt/e/spass/open-tggates-pathological-images/LATEST/images/thioacetamide/Liver/46820.svs,46820.svs,1,abnormal,117,15,1,thioacetamide,thioacetamide,High,45,mg/kg,15 day,Repeat,Gavage,Rat,6,Liver,"Alteration, nuclear | Cellular foci | Degeneration, granular, eosinophilic | Hypertrophy | Proliferation, oval cell",Centrilobular,slight | minimal | moderate
/mnt/e/spass/open-tggates-pathological-images/LATEST/images/clofibrate/Liver/25021.svs,25021.svs,1,abnormal,99,15,4,clofibrate,clofibrate,High,300,mg/kg,15 day,Repeat,Gavage,Rat,6,Liver,"Cellular infiltration | Degeneration, granular, eosinophilic | Swelling",Centrilobular,minimal
/mnt/e/spass/open-tggates-pathological-images/LATEST/images/chlorpropamide/Liver/35379.svs,35379.svs,1,abnormal,436,15,2,chlorpropamide,chlorpropamide,High,300,mg/kg,15 day,Repeat,Gavage,Rat,6,Liver,Hypertrophy,Centrilobular,minimal
/mnt/e/spass/open-tggates-pathological-images/LATEST/images/dantrolene/Liver/43872.svs,43872.svs,1,abnormal,520,13,5,dantrolene,dantrolene,High,250,mg/kg,4 day,Repeat,Gavage,Rat,6,Liver,Microgranuloma,,minimal
/mnt/e/spass/open-tggates-pathological-images/LATEST/images/sulfasalazine/Liver/30716.svs,30716.svs,1,abnormal,211,13,2,sulfasalazine,sulfasalazine,High,1000,mg/kg,4 day,Repeat,Gavage,Rat,6,Liver,Swelling,Centrilobular,slight
/mnt/e/spass/open-tggates-pathological-images/LATEST/images/aflatoxin_B1/Liver/65383.svs,65383.svs,1,abnormal,717,2,2,aflatoxin B1,aflatoxin_B1,Low,1,mg/kg,24 hr,Single,Gavage,Rat,6,Liver,"Change, eosinophilic | Single cell necrosis",Periportal,slight
/mnt/e/spass/open-tggates-pathological-images/LATEST/images/carbon_tetrachloride/Liver/26458.svs,26458.svs,1,abnormal,67,9,2,carbon tetrachloride,carbon_tetrachloride,Low,30,mg/kg,4 day,Repeat,Gavage,Rat,6,Liver,"Degeneration, fatty",Centrilobular,minimal
/mnt/e/spass/open-tggates-pathological-images/LATEST/images/nicotinic_acid/Liver/57831.svs,57831.svs,1,abnormal,386,6,5,nicotinic acid,nicotinic_acid,Low,100,mg/kg,6 hr,Single,Gavage,Rat,6,Liver,"Change, eosinophilic",Peripheral,slight
/mnt/e/spass/open-tggates-pathological-images/LATEST/images/acetamidofluorene/Liver/51986.svs,51986.svs,1,abnormal,569,8,1,acetamidofluorene,acetamidofluorene,Low,30,mg/kg,29 day,Repeat,Gavage,Rat,6,Liver,"Adenoma, hepatocellular | Cellular foci | Proliferation, bile duct | Proliferation, oval cell | Swelling",Periportal | Centrilobular,P | slight | severe
/mnt/e/spass/open-tggates-pathological-images/LATEST/images/tamoxifen/Liver/13649.svs,13649.svs,1,abnormal,296,2,2,tamoxifen,tamoxifen,Control,0,mg/kg,6 hr,Single,Gavage,Rat,6,Liver,Necrosis,,minimal
/mnt/e/spass/open-tggates-pathological-images/LATEST/images/bromobenzene/Liver/30510.svs,30510.svs,1,abnormal,186,13,2,bromobenzene,bromobenzene,High,300,mg/kg,4 day,Repeat,Gavage,Rat,6,Liver,Cellular infiltration | Hypertrophy,Centrilobular,minimal | slight
/mnt/e/spass/open-tggates-pathological-images/LATEST/images/carbon_tetrachloride/Liver/26476.svs,26476.svs,1,abnormal,67,17,1,carbon tetrachloride,carbon_tetrachloride,High,300,mg/kg,4 day,Repeat,Gavage,Rat,6,Liver,"Cellular infiltration | Degeneration, fatty | Degeneration, hydropic",Centrilobular,minimal | slight
/mnt/e/spass/open-tggates-pathological-images/LATEST/images/bendazac/Liver/44473.svs,44473.svs,1,abnormal,551,15,2,bendazac,bendazac,High,300,mg/kg,15 day,Repeat,Gavage,Rat,6,Liver,Hypertrophy | Microgranuloma | Single cell necrosis,Centrilobular,slight | minimal
/mnt/e/spass/open-tggates-pathological-images/LATEST/images/chlorpropamide/Liver/35377.svs,35377.svs,1,abnormal,436,14,5,chlorpropamide,chlorpropamide,High,300,mg/kg,8 day,Repeat,Gavage,Rat,6,Liver,Hypertrophy,Centrilobular,slight
/mnt/e/spass/open-tggates-pathological-images/LATEST/images/hexachlorobenzene/Liver/62084.svs,62084.svs,1,abnormal,633,10,2,hexachlorobenzene,hexachlorobenzene,Middle,1000,mg/kg,6 hr,Single,Gavage,Rat,6,Liver,Cellular infiltration,,minimal
/mnt/e/spass/open-tggates-pathological-images/LATEST/images/griseofulvin/Liver/10913.svs,10913.svs,1,abnormal,289,9,3,griseofulvin,griseofulvin,Middle,300,mg/kg,3 hr,Single,Gavage,Rat,6,Liver,Increased mitosis,,minimal
/mnt/e/spass/open-tggates-pathological-images/LATEST/images/simvastatin/Liver/42376.svs,42376.svs,1,abnormal,516,1,3,simvastatin,simvastatin,Control,0,mg/kg,4 day,Repeat,Gavage,Rat,6,Liver,Microgranuloma,,minimal
/mnt/e/spass/open-tggates-pathological-images/LATEST/images/phenylanthranilic_acid/Liver/50247.svs,50247.svs,1,abnormal,597,15,1,phenylanthranilic acid,phenylanthranilic_acid,High,2000,mg/kg,9 hr,Single,Gavage,Rat,6,Liver,"Change, eosinophilic | Necrosis",Hepatocyte,slight | P
/mnt/e/spass/open-tggates-pathological-images/LATEST/images/disulfiram/Liver/47932.svs,47932.svs,1,abnormal,492,16,2,disulfiram,disulfiram,High,600,mg/kg,29 day,Repeat,Gavage,Rat,6,Liver,Hypertrophy,Centrilobular,slight
/mnt/e/spass/open-tggates-pathological-images/LATEST/images/nimesulide/Liver/47493.svs,47493.svs,1,abnormal,587,15,5,nimesulide,nimesulide,High,100,mg/kg,15 day,Repeat,Gavage,Rat,6,Liver,Ground glass appearance | Hypertrophy,Centrilobular,slight
/mnt/e/spass/open-tggates-pathological-images/LATEST/images/clofibrate/Liver/25065.svs,25065.svs,1,abnormal,99,16,3,clofibrate,clofibrate,High,300,mg/kg,29 day,Repeat,Gavage,Rat,6,Liver,"Degeneration, granular, eosinophilic | Mineralization | Swelling",Centrilobular,slight | minimal
/mnt/e/spass/open-tggates-pathological-images/LATEST/images/papaverine/Liver/37688.svs,37688.svs,1,abnormal,432,11,3,papaverine,papaverine,Middle,120,mg/kg,15 day,Repeat,Gavage,Rat,6,Liver,Ground glass appearance,Centrilobular,slight
/mnt/e/spass/open-tggates-pathological-images/LATEST/images/cycloheximide/Liver/58987.svs,58987.svs,1,abnormal,454,15,5,cycloheximide,cycloheximide,High,10,mg/kg,9 hr,Single,intravenous injection,Rat,6,Liver,"Change, eosinophilic | Single cell necrosis",Hepatocyte,slight
/mnt/e/spass/open-tggates-pathological-images/LATEST/images/acetamidofluorene/Liver/51493.svs,51493.svs,1,abnormal,568,11,1,acetamidofluorene,acetamidofluorene,Middle,300,mg/kg,9 hr,Single,Gavage,Rat,6,Liver,Swelling,Centrilobular,minimal
/mnt/e/spass/open-tggates-pathological-images/LATEST/images/chlormezanone/Liver/13134.svs,13134.svs,1,abnormal,303,15,5,chlormezanone,chlormezanone,High,500,mg/kg,15 day,Repeat,Gavage,Rat,6,Liver,Hypertrophy,Centrilobular,minimal
/mnt/e/spass/open-tggates-pathological-images/LATEST/images/acetamidofluorene/Liver/51903.svs,51903.svs,1,abnormal,569,7,1,acetamidofluorene,acetamidofluorene,Low,30,mg/kg,15 day,Repeat,Gavage,Rat,6,Liver,"Proliferation, bile duct | Proliferation, oval cell | Swelling",Periportal | Centrilobular,slight | severe
/mnt/e/spass/open-tggates-pathological-images/LATEST/images/simvastatin/Liver/42157.svs,42157.svs,1,abnormal,515,12,4,simvastatin,simvastatin,Middle,120,mg/kg,24 hr,Single,Gavage,Rat,6,Liver,Increased mitosis,Midlobular,minimal
/mnt/e/spass/open-tggates-pathological-images/LATEST/images/simvastatin/Liver/42550.svs,42550.svs,1,abnormal,516,15,3,simvastatin,simvastatin,High,400,mg/kg,15 day,Repeat,Gavage,Rat,6,Liver,"Change, basophilic | Increased mitosis",Periportal | Midlobular,slight | minimal
/mnt/e/spass/open-tggates-pathological-images/LATEST/images/terbinafine/Liver/44296.svs,44296.svs,1,abnormal,534,12,1,terbinafine,terbinafine,Middle,250,mg/kg,29 day,Repeat,Gavage,Rat,6,Liver,Hypertrophy,Centrilobular,minimal
/mnt/e/spass/open-tggates-pathological-images/LATEST/images/disopyramide/Liver/38569.svs,38569.svs,1,abnormal,463,12,2,disopyramide,disopyramide,Middle,120,mg/kg,29 day,Repeat,Gavage,Rat,6,Liver,"Change, eosinophilic",Centrilobular,minimal
/mnt/e/spass/open-tggates-pathological-images/LATEST/images/benzbromarone/Liver/6023.svs,6023.svs,1,abnormal,155,10,4,benzbromarone,benzbromarone,Middle,60,mg/kg,8 day,Repeat,Gavage,Rat,6,Liver,Ground glass appearance | Hypertrophy,Centrilobular,minimal | slight
/mnt/e/spass/open-tggates-pathological-images/LATEST/images/methyltestosterone/Liver/14211.svs,14211.svs,1,abnormal,241,16,3,methyltestosterone,methyltestosterone,High,300,mg/kg,24 hr,Single,Gavage,Rat,6,Liver,Hypertrophy | Increased mitosis,Hepatocyte,minimal | slight
/mnt/e/spass/open-tggates-pathological-images/LATEST/images/etoposide/Liver/45553.svs,45553.svs,1,abnormal,555,6,2,etoposide,etoposide,Low,3,mg/kg,8 day,Repeat,Gavage,Rat,6,Liver,Microgranuloma,,minimal
/mnt/e/spass/open-tggates-pathological-images/LATEST/images/ethanol/Liver/47867.svs,47867.svs,1,abnormal,588,15,4,ethanol,ethanol,High,4000,mg/kg,9 hr,Single,Gavage,Rat,6,Liver,"Deposit, lipid",,minimal
/mnt/e/spass/open-tggates-pathological-images/LATEST/images/sulindac/Liver/38209.svs,38209.svs,1,abnormal,442,16,1,sulindac,sulindac,High,150,mg/kg,24 hr,Single,Gavage,Rat,6,Liver,Hypertrophy,Periportal,minimal
/mnt/e/spass/open-tggates-pathological-images/LATEST/images/WY-14643/Liver/29541.svs,29541.svs,1,abnormal,182,5,2,WY-14643,WY-14643,Low,10,mg/kg,4 day,Repeat,Gavage,Rat,6,Liver,"Degeneration, granular, eosinophilic | Increased mitosis",Hepatocyte,slight | minimal
/mnt/e/spass/open-tggates-pathological-images/LATEST/images/flutamide/Liver/11796.svs,11796.svs,1,abnormal,292,14,5,flutamide,flutamide,High,150,mg/kg,8 day,Repeat,Gavage,Rat,6,Liver,Hypertrophy,Centrilobular,slight
/mnt/e/spass/open-tggates-pathological-images/LATEST/images/omeprazole/Liver/27516.svs,27516.svs,1,abnormal,124,12,1,omeprazole,omeprazole,Middle,300,mg/kg,29 day,Repeat,Gavage,Rat,6,Liver,Hypertrophy,Centrilobular,slight
/mnt/e/spass/open-tggates-pathological-images/LATEST/images/ethionamide/Liver/45961.svs,45961.svs,1,abnormal,584,1,1,ethionamide,ethionamide,Control,0,mg/kg,3 hr,Single,Gavage,Rat,6,Liver,Microgranuloma,,minimal
/mnt/e/spass/open-tggates-pathological-images/LATEST/images/ethambutol/Liver/36322.svs,36322.svs,1,abnormal,391,10,5,ethambutol,ethambutol,Middle,300,mg/kg,8 day,Repeat,Gavage,Rat,6,Liver,Single cell necrosis,Hepatocyte,slight
/mnt/e/spass/open-tggates-pathological-images/LATEST/images/bortezomib/Liver/66345.svs,66345.svs,1,abnormal,740,14,5,bortezomib,bortezomib,High,1,mg/kg,6 hr,Single,intravenous injection,Rat,6,Liver,"Alteration, nuclear | Change, eosinophilic | Hypertrophy | Single cell necrosis",Peripheral | Hepatocyte,slight | moderate
/mnt/e/spass/open-tggates-pathological-images/LATEST/images/ethionine/Liver/4786.svs,4786.svs,1,abnormal,125,12,2,ethionine,ethionine,Middle,80,mg/kg,24 hr,Single,Gavage,Rat,6,Liver,"Change, eosinophilic",Centrilobular,minimal
/mnt/e/spass/open-tggates-pathological-images/LATEST/images/nitrofurantoin/Liver/30091.svs,30091.svs,1,abnormal,151,8,5,nitrofurantoin,nitrofurantoin,Low,10,mg/kg,29 day,Repeat,Gavage,Rat,6,Liver,Cellular infiltration,,minimal
/mnt/e/spass/open-tggates-pathological-images/LATEST/images/allyl_alcohol/Liver/25686.svs,25686.svs,1,abnormal,103,11,2,allyl alcohol,allyl_alcohol,Middle,10,mg/kg,15 day,Repeat,Gavage,Rat,6,Liver,Necrosis,,minimal
/mnt/e/spass/open-tggates-pathological-images/LATEST/images/bucetin/Liver/49747.svs,49747.svs,1,abnormal,596,13,4,bucetin,bucetin,High,1000,mg/kg,4 day,Repeat,Gavage,Rat,6,Liver,"Change, eosinophilic",Centrilobular,minimal
/mnt/e/spass/open-tggates-pathological-images/LATEST/images/aspirin/Liver/61550.svs,61550.svs,1,abnormal,630,15,2,aspirin,aspirin,High,2000,mg/kg,9 hr,Single,Gavage,Rat,6,Liver,Swelling,Centrilobular,slight
/mnt/e/spass/open-tggates-pathological-images/LATEST/images/sulfasalazine/Liver/30759.svs,30759.svs,1,abnormal,211,14,1,sulfasalazine,sulfasalazine,High,1000,mg/kg,8 day,Repeat,Gavage,Rat,6,Liver,Swelling,Centrilobular,moderate
/mnt/e/spass/open-tggates-pathological-images/LATEST/images/ethinylestradiol/Liver/33637.svs,33637.svs,1,abnormal,305,8,4,ethinylestradiol,ethinylestradiol,Low,1,mg/kg,29 day,Repeat,Gavage,Rat,6,Liver,Necrosis,Hepatocyte,minimal
/mnt/e/spass/open-tggates-pathological-images/LATEST/images/phenobarbital/Liver/25660.svs,25660.svs,1,abnormal,93,14,3,phenobarbital,phenobarbital,High,100,mg/kg,8 day,Repeat,Gavage,Rat,6,Liver,Ground glass appearance | Hypertrophy | Increased mitosis,Centrilobular,minimal | slight
/mnt/e/spass/open-tggates-pathological-images/LATEST/images/carbon_tetrachloride/Liver/26620.svs,26620.svs,1,abnormal,67,12,5,carbon tetrachloride,carbon_tetrachloride,Low,30,mg/kg,29 day,Repeat,Gavage,Rat,6,Liver,"Cellular infiltration | Degeneration, fatty",Centrilobular,minimal | slight
/mnt/e/spass/open-tggates-pathological-images/LATEST/images/ethionamide/Liver/46126.svs,46126.svs,1,abnormal,584,15,2,ethionamide,ethionamide,High,1000,mg/kg,9 hr,Single,Gavage,Rat,6,Liver,"Change, eosinophilic | Single cell necrosis",Periportal,slight | minimal
/mnt/e/spass/open-tggates-pathological-images/LATEST/images/benzbromarone/Liver/5819.svs,5819.svs,1,abnormal,155,6,1,benzbromarone,benzbromarone,Low,20,mg/kg,8 day,Repeat,Gavage,Rat,6,Liver,Hypertrophy,Centrilobular,minimal
/mnt/e/spass/open-tggates-pathological-images/LATEST/images/phalloidin/Liver/59293.svs,59293.svs,1,abnormal,481,4,4,phalloidin,phalloidin,High,1,mg/kg,8 day,Repeat,intraperitoneal injection,Rat,6,Liver,"Lesion,NOS | Proliferation, bile duct | Single cell necrosis",Centrilobular | Peripheral,moderate | slight
/mnt/e/spass/open-tggates-pathological-images/LATEST/images/methimazole/Liver/33487.svs,33487.svs,1,abnormal,278,14,5,methimazole,methimazole,High,100,mg/kg,8 day,Repeat,Gavage,Rat,6,Liver,Hypertrophy,Centrilobular,minimal
/mnt/e/spass/open-tggates-pathological-images/LATEST/images/tunicamycin/Liver/59189.svs,59189.svs,1,abnormal,455,15,3,tunicamycin,tunicamycin,High,300,꺤g/kg,9 hr,Single,intraperitoneal injection,Rat,6,Liver,Single cell necrosis,Hepatocyte,moderate
/mnt/e/spass/open-tggates-pathological-images/LATEST/images/ciprofloxacin/Liver/15082.svs,15082.svs,1,abnormal,313,14,4,ciprofloxacin,ciprofloxacin,High,1000,mg/kg,8 day,Repeat,Gavage,Rat,6,Liver,Microgranuloma | Necrosis,,minimal
/mnt/e/spass/open-tggates-pathological-images/LATEST/images/acetaminophen/Liver/28185.svs,28185.svs,1,abnormal,42,19,2,acetaminophen,acetaminophen,High,1000,mg/kg,15 day,Repeat,Gavage,Rat,6,Liver,Ground glass appearance,Centrilobular,minimal
/mnt/e/spass/open-tggates-pathological-images/LATEST/images/naphthyl_isothiocyanate/Liver/25426.svs,25426.svs,1,abnormal,101,16,2,naphthyl isothiocyanate,naphthyl_isothiocyanate,High,15,mg/kg,29 day,Repeat,Gavage,Rat,6,Liver,"Cellular infiltration | Necrosis | Proliferation, bile duct",Periportal,minimal
/mnt/e/spass/open-tggates-pathological-images/LATEST/images/ethionine/Liver/27709.svs,27709.svs,1,abnormal,126,5,1,ethionine,ethionine,Low,25,mg/kg,4 day,Repeat,Gavage,Rat,6,Liver,Cellular infiltration,,minimal
/mnt/e/spass/open-tggates-pathological-images/LATEST/images/ciprofloxacin/Liver/13998.svs,13998.svs,1,abnormal,312,3,5,ciprofloxacin,ciprofloxacin,Control,0,mg/kg,9 hr,Single,Gavage,Rat,6,Liver,Necrosis,,minimal
/mnt/e/spass/open-tggates-pathological-images/LATEST/images/fenofibrate/Liver/35052.svs,35052.svs,1,abnormal,434,11,3,fenofibrate,fenofibrate,Middle,100,mg/kg,15 day,Repeat,Gavage,Rat,6,Liver,"Degeneration, granular, eosinophilic",Hepatocyte,slight
/mnt/e/spass/open-tggates-pathological-images/LATEST/images/flutamide/Liver/11940.svs,11940.svs,1,abnormal,292,12,2,flutamide,flutamide,Middle,50,mg/kg,29 day,Repeat,Gavage,Rat,6,Liver,Hypertrophy | Microgranuloma,Centrilobular,slight | minimal
/mnt/e/spass/open-tggates-pathological-images/LATEST/images/chlorpromazine/Liver/28702.svs,28702.svs,1,abnormal,115,10,4,chlorpromazine,chlorpromazine,Middle,15,mg/kg,8 day,Repeat,Gavage,Rat,6,Liver,Microgranuloma,,minimal
/mnt/e/spass/open-tggates-pathological-images/LATEST/images/nitrosodiethylamine/Liver/52364.svs,52364.svs,1,abnormal,570,6,4,nitrosodiethylamine,nitrosodiethylamine,Low,10,mg/kg,6 hr,Single,Gavage,Rat,6,Liver,Swelling,Centrilobular,slight
/mnt/e/spass/open-tggates-pathological-images/LATEST/images/puromycin_aminonucleoside/Liver/55645.svs,55645.svs,1,abnormal,607,11,3,puromycin aminonucleoside,puromycin_aminonucleoside,Middle,12,mg/kg,15 day,Repeat,intravenous injection,Rat,6,Liver,"Change, basophilic | Increased mitosis",Hepatocyte,moderate | slight
/mnt/e/spass/open-tggates-pathological-images/LATEST/images/thioacetamide/Liver/46769.svs,46769.svs,1,abnormal,117,11,3,thioacetamide,thioacetamide,Middle,15,mg/kg,15 day,Repeat,Gavage,Rat,6,Liver,"Alteration, nuclear | Degeneration, granular, eosinophilic | Hypertrophy",Centrilobular,minimal | slight
/mnt/e/spass/open-tggates-pathological-images/LATEST/images/terbinafine/Liver/44311.svs,44311.svs,1,abnormal,534,12,5,terbinafine,terbinafine,Middle,250,mg/kg,29 day,Repeat,Gavage,Rat,6,Liver,Hypertrophy,Centrilobular,minimal
/mnt/e/spass/open-tggates-pathological-images/LATEST/images/nicotinic_acid/Liver/57940.svs,57940.svs,1,abnormal,386,11,4,nicotinic acid,nicotinic_acid,Middle,300,mg/kg,9 hr,Single,Gavage,Rat,6,Liver,"Change, eosinophilic",Peripheral,slight
/mnt/e/spass/open-tggates-pathological-images/LATEST/images/ticlopidine/Liver/53412.svs,53412.svs,1,abnormal,573,10,1,ticlopidine,ticlopidine,Middle,100,mg/kg,8 day,Repeat,Gavage,Rat,6,Liver,Hypertrophy,Centrilobular,minimal
/mnt/e/spass/open-tggates-pathological-images/LATEST/images/benziodarone/Liver/44858.svs,44858.svs,1,abnormal,552,12,5,benziodarone,benziodarone,Middle,100,mg/kg,24 hr,Single,Gavage,Rat,6,Liver,Increased mitosis | Microgranuloma,Hepatocyte,minimal
/mnt/e/spass/open-tggates-pathological-images/LATEST/images/colchicine/Liver/41833.svs,41833.svs,1,abnormal,502,14,1,colchicine,colchicine,High,5,mg/kg,8 day,Repeat,Gavage,Rat,6,Liver,Increased mitosis,Midlobular,minimal
/mnt/e/spass/open-tggates-pathological-images/LATEST/images/acetaminophen/Liver/27143.svs,27143.svs,1,abnormal,40,19,5,acetaminophen,acetaminophen,Middle,600,mg/kg,24 hr,Single,Gavage,Rat,6,Liver,"Cellular infiltration | Change, eosinophilic",Centrilobular,minimal | moderate
/mnt/e/spass/open-tggates-pathological-images/LATEST/images/acetamidofluorene/Liver/51505.svs,51505.svs,1,abnormal,568,15,4,acetamidofluorene,acetamidofluorene,High,1000,mg/kg,9 hr,Single,Gavage,Rat,6,Liver,Swelling,Centrilobular,slight
/mnt/e/spass/open-tggates-pathological-images/LATEST/images/phalloidin/Liver/59188.svs,59188.svs,1,abnormal,480,7,2,phalloidin,phalloidin,High,1,mg/kg,9 hr,Single,intraperitoneal injection,Rat,6,Liver,"Inclusion body, intracytoplasmic | Single cell necrosis",Subserosa | Centrilobular,moderate | slight
/mnt/e/spass/open-tggates-pathological-images/LATEST/images/gemfibrozil/Liver/8745.svs,8745.svs,1,abnormal,183,16,3,gemfibrozil,gemfibrozil,High,300,mg/kg,24 hr,Single,Gavage,Rat,6,Liver,Increased mitosis,Hepatocyte,minimal
/mnt/e/spass/open-tggates-pathological-images/LATEST/images/bromoethylamine/Liver/53036.svs,53036.svs,1,abnormal,579,8,1,bromoethylamine,bromoethylamine,Low,2,mg/kg,29 day,Repeat,intravenous injection,Rat,6,Liver,"Deposit, glycogen",Peripheral,slight
/mnt/e/spass/open-tggates-pathological-images/LATEST/images/griseofulvin/Liver/31990.svs,31990.svs,1,abnormal,290,8,5,griseofulvin,griseofulvin,Low,100,mg/kg,29 day,Repeat,Gavage,Rat,6,Liver,Swelling,Centrilobular,moderate
/mnt/e/spass/open-tggates-pathological-images/LATEST/images/phalloidin/Liver/59182.svs,59182.svs,1,abnormal,480,7,1,phalloidin,phalloidin,High,1,mg/kg,9 hr,Single,intraperitoneal injection,Rat,6,Liver,Single cell necrosis,Centrilobular,slight
/mnt/e/spass/open-tggates-pathological-images/LATEST/images/carbamazepine/Liver/28771.svs,28771.svs,1,abnormal,147,16,2,carbamazepine,carbamazepine,High,300,mg/kg,29 day,Repeat,Gavage,Rat,6,Liver,Hypertrophy,Centrilobular,moderate
/mnt/e/spass/open-tggates-pathological-images/LATEST/images/gemfibrozil/Liver/29868.svs,29868.svs,1,abnormal,184,5,5,gemfibrozil,gemfibrozil,Low,30,mg/kg,4 day,Repeat,Gavage,Rat,6,Liver,Increased mitosis,Hepatocyte,minimal
/mnt/e/spass/open-tggates-pathological-images/LATEST/images/terbinafine/Liver/44299.svs,44299.svs,1,abnormal,534,12,2,terbinafine,terbinafine,Middle,250,mg/kg,29 day,Repeat,Gavage,Rat,6,Liver,Hypertrophy,Centrilobular,minimal
/mnt/e/spass/open-tggates-pathological-images/LATEST/images/tannic_acid/Liver/24203.svs,24203.svs,1,abnormal,419,3,2,tannic acid,tannic_acid,Control,0,mg/kg,15 day,Repeat,Gavage,Rat,6,Liver,Microgranuloma,,minimal
/mnt/e/spass/open-tggates-pathological-images/LATEST/images/simvastatin/Liver/42485.svs,42485.svs,1,abnormal,516,10,1,simvastatin,simvastatin,Middle,120,mg/kg,8 day,Repeat,Gavage,Rat,6,Liver,"Change, basophilic",Periportal,minimal
/mnt/e/spass/open-tggates-pathological-images/LATEST/images/chlorpropamide/Liver/35382.svs,35382.svs,1,abnormal,436,15,5,chlorpropamide,chlorpropamide,High,300,mg/kg,15 day,Repeat,Gavage,Rat,6,Liver,Hypertrophy,Centrilobular,slight
/mnt/e/spass/open-tggates-pathological-images/LATEST/images/acetamidofluorene/Liver/51766.svs,51766.svs,1,abnormal,569,9,2,acetamidofluorene,acetamidofluorene,Middle,100,mg/kg,4 day,Repeat,Gavage,Rat,6,Liver,Swelling,Centrilobular,slight
/mnt/e/spass/open-tggates-pathological-images/LATEST/images/simvastatin/Liver/42198.svs,42198.svs,1,abnormal,515,16,2,simvastatin,simvastatin,High,400,mg/kg,24 hr,Single,Gavage,Rat,6,Liver,Increased mitosis,Midlobular,minimal
/mnt/e/spass/open-tggates-pathological-images/LATEST/images/rifampicin/Liver/4106.svs,4106.svs,1,abnormal,94,11,4,rifampicin,rifampicin,Middle,60,mg/kg,9 hr,Single,Gavage,Rat,6,Liver,"Vacuolization, cytoplasmic",Midlobular,minimal
/mnt/e/spass/open-tggates-pathological-images/LATEST/images/nicotinic_acid/Liver/58047.svs,58047.svs,1,abnormal,386,15,4,nicotinic acid,nicotinic_acid,High,1000,mg/kg,9 hr,Single,Gavage,Rat,6,Liver,"Change, eosinophilic",Peripheral,moderate
/mnt/e/spass/open-tggates-pathological-images/LATEST/images/bortezomib/Liver/66236.svs,66236.svs,1,abnormal,740,10,1,bortezomib,bortezomib,Middle,0,mg/kg,6 hr,Single,intravenous injection,Rat,6,Liver,"Change, eosinophilic | Single cell necrosis",Peripheral | Hepatocyte,slight
/mnt/e/spass/open-tggates-pathological-images/LATEST/images/papaverine/Liver/37806.svs,37806.svs,1,abnormal,432,16,4,papaverine,papaverine,High,400,mg/kg,29 day,Repeat,Gavage,Rat,6,Liver,Ground glass appearance | Hypertrophy,Centrilobular,moderate | slight
/mnt/e/spass/open-tggates-pathological-images/LATEST/images/cycloheximide/Liver/58926.svs,58926.svs,1,abnormal,454,13,5,cycloheximide,cycloheximide,High,10,mg/kg,3 hr,Single,intravenous injection,Rat,6,Liver,Single cell necrosis,Hepatocyte,moderate
/mnt/e/spass/open-tggates-pathological-images/LATEST/images/colchicine/Liver/41430.svs,41430.svs,1,abnormal,501,9,1,colchicine,colchicine,Middle,5,mg/kg,3 hr,Single,Gavage,Rat,6,Liver,Increased mitosis | Single cell necrosis,Midlobular,minimal
/mnt/e/spass/open-tggates-pathological-images/LATEST/images/phorone/Liver/59432.svs,59432.svs,1,abnormal,456,12,4,phorone,phorone,Middle,120,mg/kg,24 hr,Single,intraperitoneal injection,Rat,6,Liver,Increased mitosis,Midlobular,slight
/mnt/e/spass/open-tggates-pathological-images/LATEST/images/acetamide/Liver/65706.svs,65706.svs,1,abnormal,713,14,1,acetamide,acetamide,High,2000,mg/kg,8 day,Repeat,Gavage,Rat,6,Liver,"Anisonucleosis | Cellular infiltration, mononuclear cell | Change, acidophilic | Pyknosis | Single cell necrosis",Hepatocyte,moderate | slight
/mnt/e/spass/open-tggates-pathological-images/LATEST/images/amitriptyline/Liver/34237.svs,34237.svs,1,abnormal,368,12,1,amitriptyline,amitriptyline,Middle,50,mg/kg,29 day,Repeat,Gavage,Rat,6,Liver,Hypertrophy,Hepatocyte,slight
/mnt/e/spass/open-tggates-pathological-images/LATEST/images/fenofibrate/Liver/35090.svs,35090.svs,1,abnormal,434,14,1,fenofibrate,fenofibrate,High,1000,mg/kg,8 day,Repeat,Gavage,Rat,6,Liver,"Degeneration, granular, eosinophilic",Hepatocyte,slight
/mnt/e/spass/open-tggates-pathological-images/LATEST/images/WY-14643/Liver/8423.svs,8423.svs,1,abnormal,181,15,5,WY-14643,WY-14643,High,100,mg/kg,9 hr,Single,Gavage,Rat,6,Liver,"Degeneration, granular, eosinophilic",Hepatocyte,slight
/mnt/e/spass/open-tggates-pathological-images/LATEST/images/acetamidofluorene/Liver/51495.svs,51495.svs,1,abnormal,568,11,3,acetamidofluorene,acetamidofluorene,Middle,300,mg/kg,9 hr,Single,Gavage,Rat,6,Liver,Swelling,Centrilobular,minimal
/mnt/e/spass/open-tggates-pathological-images/LATEST/images/acarbose/Liver/41451.svs,41451.svs,1,abnormal,510,8,4,acarbose,acarbose,Low,100,mg/kg,24 hr,Single,Gavage,Rat,6,Liver,Microgranuloma,,minimal
/mnt/e/spass/open-tggates-pathological-images/LATEST/images/carbon_tetrachloride/Liver/26534.svs,26534.svs,1,abnormal,67,18,5,carbon tetrachloride,carbon_tetrachloride,High,300,mg/kg,8 day,Repeat,Gavage,Rat,6,Liver,"Cellular infiltration | Degeneration, fatty",Centrilobular,minimal | slight
/mnt/e/spass/open-tggates-pathological-images/LATEST/images/dexamethasone/Liver/63009.svs,63009.svs,1,abnormal,664,12,3,dexamethasone,dexamethasone,Middle,5,mg/kg,24 hr,Single,Gavage,Rat,6,Liver,"Vacuolization, cytoplasmic",Periportal,slight
/mnt/e/spass/open-tggates-pathological-images/LATEST/images/ethanol/Liver/48044.svs,48044.svs,1,abnormal,589,9,1,ethanol,ethanol,Middle,1200,mg/kg,4 day,Repeat,Gavage,Rat,6,Liver,Microgranuloma,,minimal
/mnt/e/spass/open-tggates-pathological-images/LATEST/images/aspirin/Liver/4859.svs,4859.svs,1,abnormal,128,14,1,aspirin,aspirin,High,450,mg/kg,8 day,Repeat,Gavage,Rat,6,Liver,"Change, eosinophilic",Centrilobular,slight
/mnt/e/spass/open-tggates-pathological-images/LATEST/images/nicotinic_acid/Liver/58081.svs,58081.svs,1,abnormal,386,16,5,nicotinic acid,nicotinic_acid,High,1000,mg/kg,24 hr,Single,Gavage,Rat,6,Liver,"Deposit, glycogen",Peripheral,slight
/mnt/e/spass/open-tggates-pathological-images/LATEST/images/lomustine/Liver/32362.svs,32362.svs,1,abnormal,311,14,2,lomustine,lomustine,High,6,mg/kg,8 day,Repeat,Gavage,Rat,6,Liver,"Cellular infiltration, mononuclear cell | Proliferation, bile duct",Periportal,minimal
/mnt/e/spass/open-tggates-pathological-images/LATEST/images/phenylanthranilic_acid/Liver/50183.svs,50183.svs,1,abnormal,597,10,3,phenylanthranilic acid,phenylanthranilic_acid,Middle,1000,mg/kg,6 hr,Single,Gavage,Rat,6,Liver,"Change, eosinophilic",Hepatocyte,slight
/mnt/e/spass/open-tggates-pathological-images/LATEST/images/ethambutol/Liver/36454.svs,36454.svs,1,abnormal,391,14,5,ethambutol,ethambutol,High,1000,mg/kg,8 day,Repeat,Gavage,Rat,6,Liver,"Alteration, nuclear | Change, eosinophilic | Inclusion body, intracytoplasmic | Proliferation, Kupffer cell | Single cell necrosis",Hepatocyte | Centrilobular | Sinusoid,moderate | slight
/mnt/e/spass/open-tggates-pathological-images/LATEST/images/vitamin_A/Liver/15679.svs,15679.svs,1,abnormal,282,14,2,vitamin A,vitamin_A,High,100,mg/kg,8 day,Repeat,Gavage,Rat,6,Liver,"Hypertrophy | Vacuolization, cytoplasmic",Ito cell,slight
/mnt/e/spass/open-tggates-pathological-images/LATEST/images/fenofibrate/Liver/35115.svs,35115.svs,1,abnormal,434,15,5,fenofibrate,fenofibrate,High,1000,mg/kg,15 day,Repeat,Gavage,Rat,6,Liver,"Degeneration, granular, eosinophilic",Hepatocyte,moderate
/mnt/e/spass/open-tggates-pathological-images/LATEST/images/ethionine/Liver/4690.svs,4690.svs,1,abnormal,125,1,2,ethionine,ethionine,Control,0,mg/kg,3 hr,Single,Gavage,Rat,6,Liver,Cellular infiltration,Portal,minimal
/mnt/e/spass/open-tggates-pathological-images/LATEST/images/enalapril/Liver/25251.svs,25251.svs,1,abnormal,422,2,5,enalapril,enalapril,Control,0,mg/kg,6 hr,Single,Gavage,Rat,6,Liver,Necrosis,Subserosa,minimal
/mnt/e/spass/open-tggates-pathological-images/LATEST/images/naphthyl_isothiocyanate/Liver/25319.svs,25319.svs,1,abnormal,101,14,1,naphthyl isothiocyanate,naphthyl_isothiocyanate,High,15,mg/kg,8 day,Repeat,Gavage,Rat,6,Liver,"Cellular infiltration | Change, acidophilic | Fibrosis | Proliferation, bile duct",Periportal | Hepatocyte,minimal
/mnt/e/spass/open-tggates-pathological-images/LATEST/images/aspirin/Liver/61463.svs,61463.svs,1,abnormal,630,9,1,aspirin,aspirin,Middle,1000,mg/kg,3 hr,Single,Gavage,Rat,6,Liver,Swelling,Centrilobular,minimal
/mnt/e/spass/open-tggates-pathological-images/LATEST/images/cycloheximide/Liver/58931.svs,58931.svs,1,abnormal,454,14,1,cycloheximide,cycloheximide,High,10,mg/kg,6 hr,Single,intravenous injection,Rat,6,Liver,Single cell necrosis,Hepatocyte,slight
/mnt/e/spass/open-tggates-pathological-images/LATEST/images/sulfasalazine/Liver/30865.svs,30865.svs,1,abnormal,211,16,4,sulfasalazine,sulfasalazine,High,1000,mg/kg,29 day,Repeat,Gavage,Rat,6,Liver,Swelling,Centrilobular,moderate
/mnt/e/spass/open-tggates-pathological-images/LATEST/images/buthionine_sulfoximine/Liver/60154.svs,60154.svs,1,abnormal,457,10,4,buthionine sulfoximine,buthionine_sulfoximine,Middle,450,mg/kg,6 hr,Single,intraperitoneal injection,Rat,6,Liver,Necrosis,Subserosa,minimal
/mnt/e/spass/open-tggates-pathological-images/LATEST/images/nimesulide/Liver/47110.svs,47110.svs,1,abnormal,586,7,1,nimesulide,nimesulide,Low,30,mg/kg,9 hr,Single,Gavage,Rat,6,Liver,Microgranuloma,,minimal
/mnt/e/spass/open-tggates-pathological-images/LATEST/images/naproxen/Liver/34824.svs,34824.svs,1,abnormal,348,14,4,naproxen,naproxen,High,60,mg/kg,8 day,Repeat,Gavage,Rat,6,Liver,"Hematopoiesis, extramedullary",Sinusoid,slight
/mnt/e/spass/open-tggates-pathological-images/LATEST/images/etoposide/Liver/45601.svs,45601.svs,1,abnormal,555,10,2,etoposide,etoposide,Middle,10,mg/kg,8 day,Repeat,Gavage,Rat,6,Liver,Necrosis,,minimal
/mnt/e/spass/open-tggates-pathological-images/LATEST/images/carbon_tetrachloride/Liver/26530.svs,26530.svs,1,abnormal,67,18,3,carbon tetrachloride,carbon_tetrachloride,High,300,mg/kg,8 day,Repeat,Gavage,Rat,6,Liver,"Cellular infiltration | Degeneration, fatty | Degeneration, hydropic",Centrilobular,minimal | slight
/mnt/e/spass/open-tggates-pathological-images/LATEST/images/carbon_tetrachloride/Liver/26573.svs,26573.svs,1,abnormal,67,15,5,carbon tetrachloride,carbon_tetrachloride,Middle,100,mg/kg,15 day,Repeat,Gavage,Rat,6,Liver,"Cellular infiltration | Degeneration, fatty | Degeneration, hydropic | Fibrosis",Centrilobular,minimal | slight
/mnt/e/spass/open-tggates-pathological-images/LATEST/images/fluoxetine_hydrochloride/Liver/63157.svs,63157.svs,1,abnormal,683,12,2,fluoxetine hydrochloride,fluoxetine_hydrochloride,Middle,10,mg/kg,24 hr,Single,Gavage,Rat,6,Liver,Necrosis,,minimal
/mnt/e/spass/open-tggates-pathological-images/LATEST/images/diethyl_maleate/Liver/60125.svs,60125.svs,1,abnormal,458,13,5,diethyl maleate,diethyl_maleate,High,800,mg/kg,3 hr,Single,intraperitoneal injection,Rat,6,Liver,"Increased mitosis | Necrosis | Single cell necrosis | Vacuolization, cytoplasmic",Midlobular | Hepatocyte,minimal
/mnt/e/spass/open-tggates-pathological-images/LATEST/images/enalapril/Liver/35495.svs,35495.svs,1,abnormal,423,2,5,enalapril,enalapril,Control,0,mg/kg,8 day,Repeat,Gavage,Rat,6,Liver,Microgranuloma,,minimal
/mnt/e/spass/open-tggates-pathological-images/LATEST/images/ibuprofen/Liver/19899.svs,19899.svs,1,abnormal,346,16,3,ibuprofen,ibuprofen,High,200,mg/kg,29 day,Repeat,Gavage,Rat,6,Liver,"Hematopoiesis, extramedullary",Sinusoid,slight
/mnt/e/spass/open-tggates-pathological-images/LATEST/images/nitrosodiethylamine/Liver/52392.svs,52392.svs,1,abnormal,570,11,5,nitrosodiethylamine,nitrosodiethylamine,Middle,30,mg/kg,9 hr,Single,Gavage,Rat,6,Liver,Swelling,Centrilobular,moderate
/mnt/e/spass/open-tggates-pathological-images/LATEST/images/cimetidine/Liver/8681.svs,8681.svs,1,abnormal,213,2,4,cimetidine,cimetidine,Control,0,mg/kg,6 hr,Single,Gavage,Rat,6,Liver,Microgranuloma,,minimal
/mnt/e/spass/open-tggates-pathological-images/LATEST/images/clomipramine/Liver/42992.svs,42992.svs,1,abnormal,527,16,4,clomipramine,clomipramine,High,100,mg/kg,29 day,Repeat,Gavage,Rat,6,Liver,"Change, eosinophilic | Vacuolization, cytoplasmic",Centrilobular | Midlobular,slight | minimal
/mnt/e/spass/open-tggates-pathological-images/LATEST/images/ethionamide/Liver/46357.svs,46357.svs,1,abnormal,585,9,1,ethionamide,ethionamide,Middle,100,mg/kg,4 day,Repeat,Gavage,Rat,6,Liver,"Vacuolization, cytoplasmic",Centrilobular,moderate
/mnt/e/spass/open-tggates-pathological-images/LATEST/images/ethionamide/Liver/46051.svs,46051.svs,1,abnormal,584,8,5,ethionamide,ethionamide,Low,100,mg/kg,24 hr,Single,Gavage,Rat,6,Liver,Microgranuloma | Single cell necrosis,,minimal
/mnt/e/spass/open-tggates-pathological-images/LATEST/images/chloramphenicol/Liver/15822.svs,15822.svs,1,abnormal,324,15,3,chloramphenicol,chloramphenicol,High,1000,mg/kg,15 day,Repeat,Gavage,Rat,6,Liver,Hypertrophy,Hepatocyte,slight
/mnt/e/spass/open-tggates-pathological-images/LATEST/images/allyl_alcohol/Liver/25757.svs,25757.svs,1,abnormal,103,16,1,allyl alcohol,allyl_alcohol,High,30,mg/kg,29 day,Repeat,Gavage,Rat,6,Liver,"Deposit, pigment | Fibrosis",Periportal,minimal
/mnt/e/spass/open-tggates-pathological-images/LATEST/images/ethinylestradiol/Liver/13684.svs,13684.svs,1,abnormal,304,10,3,ethinylestradiol,ethinylestradiol,Middle,3,mg/kg,6 hr,Single,Gavage,Rat,6,Liver,Necrosis,Hepatocyte,moderate
/mnt/e/spass/open-tggates-pathological-images/LATEST/images/colchicine/Liver/41821.svs,41821.svs,1,abnormal,502,13,1,colchicine,colchicine,High,5,mg/kg,4 day,Repeat,Gavage,Rat,6,Liver,Cellular infiltration | Increased mitosis,Periductular | Bile duct cell | Midlobular,minimal | moderate
/mnt/e/spass/open-tggates-pathological-images/LATEST/images/fenofibrate/Liver/20333.svs,20333.svs,1,abnormal,394,12,1,fenofibrate,fenofibrate,Middle,100,mg/kg,24 hr,Single,Gavage,Rat,6,Liver,Increased mitosis,Hepatocyte,minimal
/mnt/e/spass/open-tggates-pathological-images/LATEST/images/griseofulvin/Liver/31881.svs,31881.svs,1,abnormal,290,10,5,griseofulvin,griseofulvin,Middle,300,mg/kg,8 day,Repeat,Gavage,Rat,6,Liver,Increased mitosis,,slight
/mnt/e/spass/open-tggates-pathological-images/LATEST/images/fenofibrate/Liver/35006.svs,35006.svs,1,abnormal,434,8,2,fenofibrate,fenofibrate,Low,10,mg/kg,29 day,Repeat,Gavage,Rat,6,Liver,"Degeneration, granular, eosinophilic",Hepatocyte,minimal
/mnt/e/spass/open-tggates-pathological-images/LATEST/images/isoniazid/Liver/60531.svs,60531.svs,1,abnormal,629,16,1,isoniazid,isoniazid,High,2000,mg/kg,24 hr,Single,Gavage,Rat,6,Liver,Swelling,Centrilobular,moderate
/mnt/e/spass/open-tggates-pathological-images/LATEST/images/nitrofurantoin/Liver/30081.svs,30081.svs,1,abnormal,151,8,1,nitrofurantoin,nitrofurantoin,Low,10,mg/kg,29 day,Repeat,Gavage,Rat,6,Liver,Cellular infiltration,,minimal
/mnt/e/spass/open-tggates-pathological-images/LATEST/images/griseofulvin/Liver/31841.svs,31841.svs,1,abnormal,290,2,1,griseofulvin,griseofulvin,Control,0,mg/kg,8 day,Repeat,Gavage,Rat,6,Liver,Increased mitosis | Scar,Subserosa,minimal
/mnt/e/spass/open-tggates-pathological-images/LATEST/images/fluoxetine_hydrochloride/Liver/63077.svs,63077.svs,1,abnormal,683,3,3,fluoxetine hydrochloride,fluoxetine_hydrochloride,Control,0,mg/kg,9 hr,Single,Gavage,Rat,6,Liver,Necrosis,,minimal
/mnt/e/spass/open-tggates-pathological-images/LATEST/images/gemfibrozil/Liver/29929.svs,29929.svs,1,abnormal,184,11,1,gemfibrozil,gemfibrozil,Middle,100,mg/kg,15 day,Repeat,Gavage,Rat,6,Liver,"Degeneration, granular, eosinophilic",Hepatocyte,minimal
/mnt/e/spass/open-tggates-pathological-images/LATEST/images/ethinylestradiol/Liver/13747.svs,13747.svs,1,abnormal,304,16,2,ethinylestradiol,ethinylestradiol,High,10,mg/kg,24 hr,Single,Gavage,Rat,6,Liver,Increased mitosis,Hepatocyte,minimal
/mnt/e/spass/open-tggates-pathological-images/LATEST/images/lomustine/Liver/32375.svs,32375.svs,1,abnormal,311,15,4,lomustine,lomustine,High,6,mg/kg,15 day,Repeat,Gavage,Rat,6,Liver,"Cellular infiltration, mononuclear cell | Degeneration, granular, eosinophilic | Proliferation, Kupffer cell",Periportal | Hepatocyte,minimal | slight
/mnt/e/spass/open-tggates-pathological-images/LATEST/images/clomipramine/Liver/42976.svs,42976.svs,1,abnormal,527,15,1,clomipramine,clomipramine,High,100,mg/kg,15 day,Repeat,Gavage,Rat,6,Liver,"Change, eosinophilic",Centrilobular,minimal
/mnt/e/spass/open-tggates-pathological-images/LATEST/images/methylene_dianiline/Liver/63446.svs,63446.svs,1,abnormal,685,8,1,methylene dianiline,methylene_dianiline,Low,30,mg/kg,24 hr,Single,Gavage,Rat,6,Liver,Dilatation | Necrosis,Lymphatic | Bile duct cell,minimal
/mnt/e/spass/open-tggates-pathological-images/LATEST/images/cimetidine/Liver/31166.svs,31166.svs,1,abnormal,214,16,4,cimetidine,cimetidine,High,1000,mg/kg,29 day,Repeat,Gavage,Rat,6,Liver,Microgranuloma | Swelling,Centrilobular,minimal | slight
/mnt/e/spass/open-tggates-pathological-images/LATEST/images/cimetidine/Liver/31127.svs,31127.svs,1,abnormal,214,3,5,cimetidine,cimetidine,Control,0,mg/kg,15 day,Repeat,Gavage,Rat,6,Liver,Microgranuloma,,minimal
/mnt/e/spass/open-tggates-pathological-images/LATEST/images/pemoline/Liver/12982.svs,12982.svs,1,abnormal,261,1,3,pemoline,pemoline,Control,0,mg/kg,3 hr,Single,Gavage,Rat,6,Liver,Necrosis,,minimal
/mnt/e/spass/open-tggates-pathological-images/LATEST/images/bendazac/Liver/44441.svs,44441.svs,1,abnormal,551,12,2,bendazac,bendazac,Middle,100,mg/kg,29 day,Repeat,Gavage,Rat,6,Liver,Hypertrophy | Microgranuloma,Centrilobular,minimal
/mnt/e/spass/open-tggates-pathological-images/LATEST/images/nimesulide/Liver/47496.svs,47496.svs,1,abnormal,587,16,3,nimesulide,nimesulide,High,100,mg/kg,29 day,Repeat,Gavage,Rat,6,Liver,Ground glass appearance | Hypertrophy,Centrilobular,moderate
/mnt/e/spass/open-tggates-pathological-images/LATEST/images/ethionamide/Liver/46326.svs,46326.svs,1,abnormal,585,5,3,ethionamide,ethionamide,Low,30,mg/kg,4 day,Repeat,Gavage,Rat,6,Liver,Necrosis,Subserosa,minimal
/mnt/e/spass/open-tggates-pathological-images/LATEST/images/ethinylestradiol/Liver/33664.svs,33664.svs,1,abnormal,305,11,3,ethinylestradiol,ethinylestradiol,Middle,3,mg/kg,15 day,Repeat,Gavage,Rat,6,Liver,"Change, eosinophilic",Periportal,minimal
/mnt/e/spass/open-tggates-pathological-images/LATEST/images/acetamidofluorene/Liver/51935.svs,51935.svs,1,abnormal,569,11,4,acetamidofluorene,acetamidofluorene,Middle,100,mg/kg,15 day,Repeat,Gavage,Rat,6,Liver,"Proliferation, bile duct | Proliferation, oval cell | Swelling",Periportal | Centrilobular,slight | severe
/mnt/e/spass/open-tggates-pathological-images/LATEST/images/aspirin/Liver/61476.svs,61476.svs,1,abnormal,630,13,3,aspirin,aspirin,High,2000,mg/kg,3 hr,Single,Gavage,Rat,6,Liver,Swelling,Centrilobular,moderate
/mnt/e/spass/open-tggates-pathological-images/LATEST/images/chlormadinone/Liver/49352.svs,49352.svs,1,abnormal,542,10,5,chlormadinone,chlormadinone,Middle,1000,mg/kg,6 hr,Single,Gavage,Rat,6,Liver,"Deposit, glycogen",Peripheral,slight
/mnt/e/spass/open-tggates-pathological-images/LATEST/images/thioacetamide/Liver/27630.svs,27630.svs,1,abnormal,116,11,2,thioacetamide,thioacetamide,Middle,15,mg/kg,9 hr,Single,Gavage,Rat,6,Liver,Cellular infiltration | Single cell necrosis,Hepatocyte,minimal
/mnt/e/spass/open-tggates-pathological-images/LATEST/images/cycloheximide/Liver/58967.svs,58967.svs,1,abnormal,454,15,2,cycloheximide,cycloheximide,High,10,mg/kg,9 hr,Single,intravenous injection,Rat,6,Liver,"Change, eosinophilic | Single cell necrosis",Hepatocyte,slight
/mnt/e/spass/open-tggates-pathological-images/LATEST/images/acetamidofluorene/Liver/51528.svs,51528.svs,1,abnormal,568,12,1,acetamidofluorene,acetamidofluorene,Middle,300,mg/kg,24 hr,Single,Gavage,Rat,6,Liver,Cellular infiltration | Swelling,Periportal | Centrilobular,minimal | moderate
/mnt/e/spass/open-tggates-pathological-images/LATEST/images/WY-14643/Liver/29553.svs,29553.svs,1,abnormal,182,6,2,WY-14643,WY-14643,Low,10,mg/kg,8 day,Repeat,Gavage,Rat,6,Liver,"Degeneration, granular, eosinophilic | Necrosis",Hepatocyte,severe | minimal
/mnt/e/spass/open-tggates-pathological-images/LATEST/images/chlormezanone/Liver/32758.svs,32758.svs,1,abnormal,263,16,5,chlormezanone,chlormezanone,High,500,mg/kg,24 hr,Single,Gavage,Rat,6,Liver,"Change, eosinophilic",Centrilobular,moderate
/mnt/e/spass/open-tggates-pathological-images/LATEST/images/ethionine/Liver/27753.svs,27753.svs,1,abnormal,126,2,2,ethionine,ethionine,Control,0,mg/kg,8 day,Repeat,Gavage,Rat,6,Liver,Cellular infiltration,Portal,minimal
/mnt/e/spass/open-tggates-pathological-images/LATEST/images/isoniazid/Liver/60369.svs,60369.svs,1,abnormal,629,9,2,isoniazid,isoniazid,Middle,600,mg/kg,3 hr,Single,Gavage,Rat,6,Liver,Cellular infiltration,,minimal
/mnt/e/spass/open-tggates-pathological-images/LATEST/images/terbinafine/Liver/44249.svs,44249.svs,1,abnormal,534,15,3,terbinafine,terbinafine,High,750,mg/kg,15 day,Repeat,Gavage,Rat,6,Liver,Hypertrophy,Centrilobular,slight
/mnt/e/spass/open-tggates-pathological-images/LATEST/images/chlorpheniramine/Liver/36717.svs,36717.svs,1,abnormal,409,16,4,chlorpheniramine,chlorpheniramine,High,30,mg/kg,29 day,Repeat,Gavage,Rat,6,Liver,Hypertrophy,Centrilobular,minimal
/mnt/e/spass/open-tggates-pathological-images/LATEST/images/glibenclamide/Liver/10235.svs,10235.svs,1,abnormal,234,14,2,glibenclamide,glibenclamide,High,1000,mg/kg,6 hr,Single,Gavage,Rat,6,Liver,Cellular infiltration,Portal,minimal
/mnt/e/spass/open-tggates-pathological-images/LATEST/images/flutamide/Liver/11464.svs,11464.svs,1,abnormal,291,11,4,flutamide,flutamide,Middle,50,mg/kg,9 hr,Single,Gavage,Rat,6,Liver,Necrosis,,minimal
/mnt/e/spass/open-tggates-pathological-images/LATEST/images/cyclophosphamide/Liver/31679.svs,31679.svs,1,abnormal,172,12,5,cyclophosphamide,cyclophosphamide,Middle,5,mg/kg,29 day,Repeat,Gavage,Rat,6,Liver,Microgranuloma,,slight
/mnt/e/spass/open-tggates-pathological-images/LATEST/images/etoposide/Liver/45514.svs,45514.svs,1,abnormal,555,2,1,etoposide,etoposide,Control,0,mg/kg,8 day,Repeat,Gavage,Rat,6,Liver,Microgranuloma,,minimal
/mnt/e/spass/open-tggates-pathological-images/LATEST/images/bromobenzene/Liver/30201.svs,30201.svs,1,abnormal,185,8,5,bromobenzene,bromobenzene,Low,30,mg/kg,24 hr,Single,Gavage,Rat,6,Liver,Mineralization,,slight
/mnt/e/spass/open-tggates-pathological-images/LATEST/images/nitrofurazone/Liver/16542.svs,16542.svs,1,abnormal,326,16,2,nitrofurazone,nitrofurazone,High,100,mg/kg,29 day,Repeat,Gavage,Rat,6,Liver,Necrosis,Hepatocyte,minimal
/mnt/e/spass/open-tggates-pathological-images/LATEST/images/colchicine/Liver/41439.svs,41439.svs,1,abnormal,501,9,5,colchicine,colchicine,Middle,5,mg/kg,3 hr,Single,Gavage,Rat,6,Liver,Increased mitosis | Single cell necrosis,Midlobular,slight | minimal
/mnt/e/spass/open-tggates-pathological-images/LATEST/images/bromobenzene/Liver/30528.svs,30528.svs,1,abnormal,186,14,5,bromobenzene,bromobenzene,High,300,mg/kg,8 day,Repeat,Gavage,Rat,6,Liver,Hypertrophy,Centrilobular,minimal
/mnt/e/spass/open-tggates-pathological-images/LATEST/images/terbinafine/Liver/44324.svs,44324.svs,1,abnormal,534,16,4,terbinafine,terbinafine,High,750,mg/kg,29 day,Repeat,Gavage,Rat,6,Liver,Hypertrophy,Centrilobular,slight
/mnt/e/spass/open-tggates-pathological-images/LATEST/images/acetamidofluorene/Liver/51926.svs,51926.svs,1,abnormal,569,11,2,acetamidofluorene,acetamidofluorene,Middle,100,mg/kg,15 day,Repeat,Gavage,Rat,6,Liver,"Proliferation, bile duct | Proliferation, oval cell | Swelling",Periportal | Centrilobular,minimal | slight | moderate
/mnt/e/spass/open-tggates-pathological-images/LATEST/images/acetaminophen/Liver/70361.svs,70361.svs,1,abnormal,40,19,3,acetaminophen,acetaminophen,Middle,600,mg/kg,24 hr,Single,Gavage,Rat,6,Liver,"Change, eosinophilic",Centrilobular,minimal
/mnt/e/spass/open-tggates-pathological-images/LATEST/images/gemfibrozil/Liver/29937.svs,29937.svs,1,abnormal,184,11,5,gemfibrozil,gemfibrozil,Middle,100,mg/kg,15 day,Repeat,Gavage,Rat,6,Liver,"Degeneration, granular, eosinophilic | Necrosis",Hepatocyte,minimal
/mnt/e/spass/open-tggates-pathological-images/LATEST/images/acetaminophen/Liver/28196.svs,28196.svs,1,abnormal,42,19,5,acetaminophen,acetaminophen,High,1000,mg/kg,15 day,Repeat,Gavage,Rat,6,Liver,"Change, eosinophilic | Ground glass appearance",Centrilobular,minimal
/mnt/e/spass/open-tggates-pathological-images/LATEST/images/carbon_tetrachloride/Liver/26528.svs,26528.svs,1,abnormal,67,18,2,carbon tetrachloride,carbon_tetrachloride,High,300,mg/kg,8 day,Repeat,Gavage,Rat,6,Liver,"Cellular infiltration | Degeneration, fatty | Degeneration, hydropic",Centrilobular,minimal | slight
/mnt/e/spass/open-tggates-pathological-images/LATEST/images/sulfasalazine/Liver/30810.svs,30810.svs,1,abnormal,211,15,4,sulfasalazine,sulfasalazine,High,1000,mg/kg,15 day,Repeat,Gavage,Rat,6,Liver,Swelling,Centrilobular,moderate
/mnt/e/spass/open-tggates-pathological-images/LATEST/images/diltiazem/Liver/22135.svs,22135.svs,1,abnormal,413,12,5,diltiazem,diltiazem,Middle,240,mg/kg,29 day,Repeat,Gavage,Rat,6,Liver,"Hypertrophy | Vacuolization, cytoplasmic",Centrilobular | Hepatocyte,moderate | minimal
/mnt/e/spass/open-tggates-pathological-images/LATEST/images/benziodarone/Liver/45058.svs,45058.svs,1,abnormal,553,15,3,benziodarone,benziodarone,High,300,mg/kg,15 day,Repeat,Gavage,Rat,6,Liver,Hypertrophy | Microgranuloma,Centrilobular,slight | minimal
/mnt/e/spass/open-tggates-pathological-images/LATEST/images/ethionine/Liver/27861.svs,27861.svs,1,abnormal,126,4,5,ethionine,ethionine,Control,0,mg/kg,29 day,Repeat,Gavage,Rat,6,Liver,Cellular infiltration,,minimal
/mnt/e/spass/open-tggates-pathological-images/LATEST/images/1%25_cholesterol_%2B_0.25%25_sodium_cholate/Liver/66098.svs,66098.svs,1,abnormal,698,2,5,1% cholesterol + 0.25% sodium cholate,1%25_cholesterol_%2B_0.25%25_sodium_cholate,Control,0,mg/kg,8 day,Repeat,Diet,Rat,6,Liver,"Deposit, glycogen",Peripheral,slight
/mnt/e/spass/open-tggates-pathological-images/LATEST/images/bromobenzene/Liver/30481.svs,30481.svs,1,abnormal,186,9,5,bromobenzene,bromobenzene,Middle,100,mg/kg,4 day,Repeat,Gavage,Rat,6,Liver,Hypertrophy,Centrilobular,minimal
/mnt/e/spass/open-tggates-pathological-images/LATEST/images/enalapril/Liver/35516.svs,35516.svs,1,abnormal,423,4,2,enalapril,enalapril,Control,0,mg/kg,29 day,Repeat,Gavage,Rat,6,Liver,Microgranuloma,,minimal
/mnt/e/spass/open-tggates-pathological-images/LATEST/images/omeprazole/Liver/4898.svs,4898.svs,1,abnormal,123,15,3,omeprazole,omeprazole,High,1000,mg/kg,9 hr,Single,Gavage,Rat,6,Liver,"Change, eosinophilic",Periportal,slight
/mnt/e/spass/open-tggates-pathological-images/LATEST/images/tolbutamide/Liver/40643.svs,40643.svs,1,abnormal,507,16,4,tolbutamide,tolbutamide,High,1000,mg/kg,29 day,Repeat,Gavage,Rat,6,Liver,Hypertrophy,Centrilobular,slight
/mnt/e/spass/open-tggates-pathological-images/LATEST/images/allyl_alcohol/Liver/4437.svs,4437.svs,1,abnormal,102,15,1,allyl alcohol,allyl_alcohol,High,30,mg/kg,9 hr,Single,Gavage,Rat,6,Liver,"Cellular infiltration | Degeneration, acidophilic, eosinophilic",Periportal,minimal
/mnt/e/spass/open-tggates-pathological-images/LATEST/images/coumarin/Liver/29053.svs,29053.svs,1,abnormal,197,15,5,coumarin,coumarin,High,150,mg/kg,15 day,Repeat,Gavage,Rat,6,Liver,"Degeneration, vacuolar | Hypertrophy | Inclusion body, intracytoplasmic",Centrilobular | Hepatocyte,minimal | slight
/mnt/e/spass/open-tggates-pathological-images/LATEST/images/vitamin_A/Liver/15707.svs,15707.svs,1,abnormal,282,15,1,vitamin A,vitamin_A,High,100,mg/kg,15 day,Repeat,Gavage,Rat,6,Liver,"Hypertrophy | Vacuolization, cytoplasmic",Ito cell,moderate
/mnt/e/spass/open-tggates-pathological-images/LATEST/images/ethionamide/Liver/46358.svs,46358.svs,1,abnormal,585,9,2,ethionamide,ethionamide,Middle,100,mg/kg,4 day,Repeat,Gavage,Rat,6,Liver,"Fibrosis | Increased mitosis | Vacuolization, cytoplasmic",Subserosa | Hepatocyte | Centrilobular,minimal | slight
/mnt/e/spass/open-tggates-pathological-images/LATEST/images/ketoconazole/Liver/33033.svs,33033.svs,1,abnormal,231,15,5,ketoconazole,ketoconazole,High,100,mg/kg,15 day,Repeat,Gavage,Rat,6,Liver,"Hypertrophy | Vacuolization, cytoplasmic","Centrilobular | Bile duct, interlobular",slight | moderate
/mnt/e/spass/open-tggates-pathological-images/LATEST/images/WY-14643/Liver/29654.svs,29654.svs,1,abnormal,182,15,3,WY-14643,WY-14643,High,100,mg/kg,15 day,Repeat,Gavage,Rat,6,Liver,"Degeneration, granular, eosinophilic | Hypertrophy","Hepatocyte | Bile duct, interlobular",severe | slight
/mnt/e/spass/open-tggates-pathological-images/LATEST/images/WY-14643/Liver/8381.svs,8381.svs,1,abnormal,181,12,5,WY-14643,WY-14643,Middle,30,mg/kg,24 hr,Single,Gavage,Rat,6,Liver,"Degeneration, granular, eosinophilic | Increased mitosis",Hepatocyte,slight | minimal
/mnt/e/spass/open-tggates-pathological-images/LATEST/images/carbamazepine/Liver/28750.svs,28750.svs,1,abnormal,147,12,1,carbamazepine,carbamazepine,Middle,100,mg/kg,29 day,Repeat,Gavage,Rat,6,Liver,Hypertrophy,Centrilobular,moderate
/mnt/e/spass/open-tggates-pathological-images/LATEST/images/nifedipine/Liver/21014.svs,21014.svs,1,abnormal,410,14,4,nifedipine,nifedipine,High,1000,mg/kg,6 hr,Single,Gavage,Rat,6,Liver,Increased mitosis,Hepatocyte,minimal
/mnt/e/spass/open-tggates-pathological-images/LATEST/images/colchicine/Liver/41452.svs,41452.svs,1,abnormal,501,11,1,colchicine,colchicine,Middle,5,mg/kg,9 hr,Single,Gavage,Rat,6,Liver,Increased mitosis | Single cell necrosis,Midlobular,slight | minimal
/mnt/e/spass/open-tggates-pathological-images/LATEST/images/acetamide/Liver/65757.svs,65757.svs,1,abnormal,713,16,4,acetamide,acetamide,High,2000,mg/kg,29 day,Repeat,Gavage,Rat,6,Liver,"Anisonucleosis | Change, acidophilic | Pyknosis",Hepatocyte,slight | moderate
/mnt/e/spass/open-tggates-pathological-images/LATEST/images/naphthyl_isothiocyanate/Liver/61271.svs,61271.svs,1,abnormal,626,12,4,naphthyl isothiocyanate,naphthyl_isothiocyanate,Middle,50,mg/kg,24 hr,Single,Gavage,Rat,6,Liver,Cellular infiltration | Edema | Necrosis,Portal triad | Bile duct | Hepatocyte,slight | minimal
/mnt/e/spass/open-tggates-pathological-images/LATEST/images/1%25_cholesterol_%2B_0.25%25_sodium_cholate/Liver/66164.svs,66164.svs,1,abnormal,698,6,2,1% cholesterol + 0.25% sodium cholate,1%25_cholesterol_%2B_0.25%25_sodium_cholate,High,9999,%,8 day,Repeat,Diet,Rat,6,Liver,"Cellular infiltration, mononuclear cell | Degeneration, fatty | Deposit, glycogen | Increased mitosis",Peripheral | Hepatocyte,slight
/mnt/e/spass/open-tggates-pathological-images/LATEST/images/nitrosodiethylamine/Liver/52387.svs,52387.svs,1,abnormal,570,7,5,nitrosodiethylamine,nitrosodiethylamine,Low,10,mg/kg,9 hr,Single,Gavage,Rat,6,Liver,Swelling,Centrilobular,slight
/mnt/e/spass/open-tggates-pathological-images/LATEST/images/cycloheximide/Liver/58741.svs,58741.svs,1,abnormal,454,7,2,cycloheximide,cycloheximide,Low,1,mg/kg,9 hr,Single,intravenous injection,Rat,6,Liver,"Change, eosinophilic",Hepatocyte,slight
/mnt/e/spass/open-tggates-pathological-images/LATEST/images/simvastatin/Liver/42496.svs,42496.svs,1,abnormal,516,10,5,simvastatin,simvastatin,Middle,120,mg/kg,8 day,Repeat,Gavage,Rat,6,Liver,"Change, basophilic",Periportal,minimal
/mnt/e/spass/open-tggates-pathological-images/LATEST/images/fenofibrate/Liver/35003.svs,35003.svs,1,abnormal,434,8,1,fenofibrate,fenofibrate,Low,10,mg/kg,29 day,Repeat,Gavage,Rat,6,Liver,"Degeneration, granular, eosinophilic",Hepatocyte,minimal
/mnt/e/spass/open-tggates-pathological-images/LATEST/images/acetamidofluorene/Liver/51534.svs,51534.svs,1,abnormal,568,16,3,acetamidofluorene,acetamidofluorene,High,1000,mg/kg,24 hr,Single,Gavage,Rat,6,Liver,Swelling,Centrilobular,moderate
/mnt/e/spass/open-tggates-pathological-images/LATEST/images/simvastatin/Liver/42565.svs,42565.svs,1,abnormal,516,16,3,simvastatin,simvastatin,High,400,mg/kg,29 day,Repeat,Gavage,Rat,6,Liver,"Change, basophilic | Increased mitosis | Microgranuloma",Periportal | Midlobular,slight | minimal
/mnt/e/spass/open-tggates-pathological-images/LATEST/images/ethionamide/Liver/46387.svs,46387.svs,1,abnormal,585,12,4,ethionamide,ethionamide,Middle,100,mg/kg,29 day,Repeat,Gavage,Rat,6,Liver,"Increased mitosis | Microgranuloma | Vacuolization, cytoplasmic",Hepatocyte | Centrilobular,slight | minimal
/mnt/e/spass/open-tggates-pathological-images/LATEST/images/methyldopa/Liver/13942.svs,13942.svs,1,abnormal,306,2,4,methyldopa,methyldopa,Control,0,mg/kg,6 hr,Single,Gavage,Rat,6,Liver,Necrosis,Hepatocyte,minimal
/mnt/e/spass/open-tggates-pathological-images/LATEST/images/carbamazepine/Liver/5373.svs,5373.svs,1,abnormal,146,6,1,carbamazepine,carbamazepine,Low,30,mg/kg,6 hr,Single,Gavage,Rat,6,Liver,Cellular infiltration,Portal,minimal
/mnt/e/spass/open-tggates-pathological-images/LATEST/images/chlorpromazine/Liver/28742.svs,28742.svs,1,abnormal,115,15,3,chlorpromazine,chlorpromazine,High,45,mg/kg,15 day,Repeat,Gavage,Rat,6,Liver,,,P
/mnt/e/spass/open-tggates-pathological-images/LATEST/images/bromoethylamine/Liver/52779.svs,52779.svs,1,abnormal,578,14,1,bromoethylamine,bromoethylamine,High,60,mg/kg,6 hr,Single,intravenous injection,Rat,6,Liver,"Deposit, glycogen",Hepatocyte,slight
/mnt/e/spass/open-tggates-pathological-images/LATEST/images/methyltestosterone/Liver/31135.svs,31135.svs,1,abnormal,242,16,4,methyltestosterone,methyltestosterone,High,300,mg/kg,29 day,Repeat,Gavage,Rat,6,Liver,Hypertrophy,Hepatocyte,slight
/mnt/e/spass/open-tggates-pathological-images/LATEST/images/puromycin_aminonucleoside/Liver/55734.svs,55734.svs,1,abnormal,607,14,4,puromycin aminonucleoside,puromycin_aminonucleoside,High,40,mg/kg,8 day,Repeat,intravenous injection,Rat,6,Liver,"Atrophy | Change, basophilic | Increased mitosis",Centrilobular | Hepatocyte,slight
/mnt/e/spass/open-tggates-pathological-images/LATEST/images/amitriptyline/Liver/34289.svs,34289.svs,1,abnormal,368,16,4,amitriptyline,amitriptyline,High,150,mg/kg,29 day,Repeat,Gavage,Rat,6,Liver,,,P
/mnt/e/spass/open-tggates-pathological-images/LATEST/images/enalapril/Liver/35498.svs,35498.svs,1,abnormal,423,3,1,enalapril,enalapril,Control,0,mg/kg,15 day,Repeat,Gavage,Rat,6,Liver,Microgranuloma,,minimal
/mnt/e/spass/open-tggates-pathological-images/LATEST/images/carbon_tetrachloride/Liver/26129.svs,26129.svs,1,abnormal,66,19,3,carbon tetrachloride,carbon_tetrachloride,Middle,100,mg/kg,24 hr,Single,Gavage,Rat,6,Liver,"Degeneration, fatty",Centrilobular,minimal
/mnt/e/spass/open-tggates-pathological-images/LATEST/images/coumarin/Liver/7741.svs,7741.svs,1,abnormal,196,15,5,coumarin,coumarin,High,150,mg/kg,9 hr,Single,Gavage,Rat,6,Liver,Increased mitosis | Single cell necrosis,Hepatocyte,minimal
/mnt/e/spass/open-tggates-pathological-images/LATEST/images/3-methylcholanthrene/Liver/66786.svs,66786.svs,1,abnormal,708,14,3,3-methylcholanthrene,3-methylcholanthrene,High,100,mg/kg,6 hr,Single,Gavage,Rat,6,Liver,Single cell necrosis,Centrilobular,slight
/mnt/e/spass/open-tggates-pathological-images/LATEST/images/benziodarone/Liver/44997.svs,44997.svs,1,abnormal,553,10,1,benziodarone,benziodarone,Middle,100,mg/kg,8 day,Repeat,Gavage,Rat,6,Liver,Hypertrophy | Necrosis,Centrilobular | Subserosa,minimal
/mnt/e/spass/open-tggates-pathological-images/LATEST/images/promethazine/Liver/48915.svs,48915.svs,1,abnormal,494,13,3,promethazine,promethazine,High,200,mg/kg,4 day,Repeat,Gavage,Rat,6,Liver,Ground glass appearance | Hypertrophy,Centrilobular,slight
/mnt/e/spass/open-tggates-pathological-images/LATEST/images/furosemide/Liver/20048.svs,20048.svs,1,abnormal,392,12,2,furosemide,furosemide,Middle,100,mg/kg,24 hr,Single,Gavage,Rat,6,Liver,Necrosis,,minimal
/mnt/e/spass/open-tggates-pathological-images/LATEST/images/cycloheximide/Liver/58832.svs,58832.svs,1,abnormal,454,10,4,cycloheximide,cycloheximide,Middle,3,mg/kg,6 hr,Single,intravenous injection,Rat,6,Liver,Single cell necrosis,Hepatocyte,slight
/mnt/e/spass/open-tggates-pathological-images/LATEST/images/phorone/Liver/59450.svs,59450.svs,1,abnormal,456,14,2,phorone,phorone,High,400,mg/kg,6 hr,Single,intraperitoneal injection,Rat,6,Liver,"Change, eosinophilic | Inclusion body, intracytoplasmic | Increased mitosis | Vacuolization, cytoplasmic",Centrilobular | Hepatocyte | Midlobular,slight | minimal
/mnt/e/spass/open-tggates-pathological-images/LATEST/images/chloramphenicol/Liver/15803.svs,15803.svs,1,abnormal,324,12,3,chloramphenicol,chloramphenicol,Middle,300,mg/kg,29 day,Repeat,Gavage,Rat,6,Liver,Hypertrophy,Hepatocyte,minimal
/mnt/e/spass/open-tggates-pathological-images/LATEST/images/metformin/Liver/13326.svs,13326.svs,1,abnormal,265,3,2,metformin,metformin,Control,0,mg/kg,9 hr,Single,Gavage,Rat,6,Liver,Necrosis,Hepatocyte,minimal
/mnt/e/spass/open-tggates-pathological-images/LATEST/images/dantrolene/Liver/43860.svs,43860.svs,1,abnormal,520,12,4,dantrolene,dantrolene,Middle,75,mg/kg,29 day,Repeat,Gavage,Rat,6,Liver,Hypertrophy,Centrilobular,minimal
/mnt/e/spass/open-tggates-pathological-images/LATEST/images/methimazole/Liver/49204.svs,49204.svs,1,abnormal,278,12,2,methimazole,methimazole,Middle,30,mg/kg,29 day,Repeat,Gavage,Rat,6,Liver,Hypertrophy,Centrilobular,slight
/mnt/e/spass/open-tggates-pathological-images/LATEST/images/diltiazem/Liver/22174.svs,22174.svs,1,abnormal,413,15,2,diltiazem,diltiazem,High,800,mg/kg,15 day,Repeat,Gavage,Rat,6,Liver,"Hypertrophy | Vacuolization, cytoplasmic",Centrilobular | Hepatocyte,slight | minimal
/mnt/e/spass/open-tggates-pathological-images/LATEST/images/ketoconazole/Liver/70500.svs,70500.svs,1,abnormal,231,16,3,ketoconazole,ketoconazole,High,100,mg/kg,29 day,Repeat,Gavage,Rat,6,Liver,"Hypertrophy | Vacuolization, cytoplasmic","Centrilobular | Bile duct, interlobular",slight | moderate
/mnt/e/spass/open-tggates-pathological-images/LATEST/images/etoposide/Liver/45565.svs,45565.svs,1,abnormal,555,7,2,etoposide,etoposide,Low,3,mg/kg,15 day,Repeat,Gavage,Rat,6,Liver,Microgranuloma,,minimal
/mnt/e/spass/open-tggates-pathological-images/LATEST/images/simvastatin/Liver/42476.svs,42476.svs,1,abnormal,516,9,2,simvastatin,simvastatin,Middle,120,mg/kg,4 day,Repeat,Gavage,Rat,6,Liver,Increased mitosis,Midlobular,minimal
/mnt/e/spass/open-tggates-pathological-images/LATEST/images/ethambutol/Liver/36473.svs,36473.svs,1,abnormal,391,15,3,ethambutol,ethambutol,High,1000,mg/kg,15 day,Repeat,Gavage,Rat,6,Liver,"Alteration, nuclear | Change, eosinophilic",Hepatocyte | Centrilobular,moderate
/mnt/e/spass/open-tggates-pathological-images/LATEST/images/1%25_cholesterol_%2B_0.25%25_sodium_cholate/Liver/66153.svs,66153.svs,1,abnormal,698,5,4,1% cholesterol + 0.25% sodium cholate,1%25_cholesterol_%2B_0.25%25_sodium_cholate,High,9999,%,4 day,Repeat,Diet,Rat,6,Liver,"Degeneration, fatty | Increased mitosis",Peripheral | Hepatocyte,slight | moderate
/mnt/e/spass/open-tggates-pathological-images/LATEST/images/diethyl_maleate/Liver/60086.svs,60086.svs,1,abnormal,458,10,5,diethyl maleate,diethyl_maleate,Middle,240,mg/kg,6 hr,Single,intraperitoneal injection,Rat,6,Liver,Necrosis,Subserosa,minimal
/mnt/e/spass/open-tggates-pathological-images/LATEST/images/ethinylestradiol/Liver/33665.svs,33665.svs,1,abnormal,305,11,4,ethinylestradiol,ethinylestradiol,Middle,3,mg/kg,15 day,Repeat,Gavage,Rat,6,Liver,"Vacuolization, cytoplasmic",Hepatocyte,minimal
/mnt/e/spass/open-tggates-pathological-images/LATEST/images/ajmaline/Liver/42875.svs,42875.svs,1,abnormal,517,12,4,ajmaline,ajmaline,Middle,100,mg/kg,24 hr,Single,Gavage,Rat,6,Liver,Microgranuloma,,minimal
/mnt/e/spass/open-tggates-pathological-images/LATEST/images/phenytoin/Liver/31749.svs,31749.svs,1,abnormal,176,15,2,phenytoin,phenytoin,High,600,mg/kg,15 day,Repeat,Gavage,Rat,6,Liver,Hypertrophy,Hepatocyte,slight
/mnt/e/spass/open-tggates-pathological-images/LATEST/images/fenofibrate/Liver/35054.svs,35054.svs,1,abnormal,434,11,4,fenofibrate,fenofibrate,Middle,100,mg/kg,15 day,Repeat,Gavage,Rat,6,Liver,"Degeneration, granular, eosinophilic",Hepatocyte,slight
/mnt/e/spass/open-tggates-pathological-images/LATEST/images/gemfibrozil/Liver/29984.svs,29984.svs,1,abnormal,184,16,4,gemfibrozil,gemfibrozil,High,300,mg/kg,29 day,Repeat,Gavage,Rat,6,Liver,"Degeneration, granular, eosinophilic",Hepatocyte,moderate
/mnt/e/spass/open-tggates-pathological-images/LATEST/images/methylene_dianiline/Liver/63489.svs,63489.svs,1,abnormal,685,10,1,methylene dianiline,methylene_dianiline,Middle,100,mg/kg,6 hr,Single,Gavage,Rat,6,Liver,Cellular infiltration | Dilatation | Edema | Hemorrhage | Necrosis,Glisson's sheath | Lymphatic | Bile duct cell,minimal | slight | moderate
/mnt/e/spass/open-tggates-pathological-images/LATEST/images/ethanol/Liver/48070.svs,48070.svs,1,abnormal,589,14,2,ethanol,ethanol,High,4000,mg/kg,8 day,Repeat,Gavage,Rat,6,Liver,Microgranuloma,,minimal
/mnt/e/spass/open-tggates-pathological-images/LATEST/images/phenylanthranilic_acid/Liver/50128.svs,50128.svs,1,abnormal,597,6,4,phenylanthranilic acid,phenylanthranilic_acid,Low,300,mg/kg,6 hr,Single,Gavage,Rat,6,Liver,"Change, eosinophilic",Hepatocyte,minimal
/mnt/e/spass/open-tggates-pathological-images/LATEST/images/captopril/Liver/24630.svs,24630.svs,1,abnormal,420,6,4,captopril,captopril,Low,100,mg/kg,6 hr,Single,Gavage,Rat,6,Liver,Necrosis,Subserosa,minimal
/mnt/e/spass/open-tggates-pathological-images/LATEST/images/glibenclamide/Liver/10533.svs,10533.svs,1,abnormal,235,2,3,glibenclamide,glibenclamide,Control,0,mg/kg,8 day,Repeat,Gavage,Rat,6,Liver,"Nodule, hepatodiaphragmatic",,minimal
/mnt/e/spass/open-tggates-pathological-images/LATEST/images/papaverine/Liver/37777.svs,37777.svs,1,abnormal,432,15,2,papaverine,papaverine,High,400,mg/kg,15 day,Repeat,Gavage,Rat,6,Liver,Ground glass appearance | Hypertrophy,Centrilobular,moderate | slight
/mnt/e/spass/open-tggates-pathological-images/LATEST/images/diazepam/Liver/6551.svs,6551.svs,1,abnormal,159,16,4,diazepam,diazepam,High,250,mg/kg,29 day,Repeat,Gavage,Rat,6,Liver,Hypertrophy,Centrilobular,slight
/mnt/e/spass/open-tggates-pathological-images/LATEST/images/thioacetamide/Liver/27646.svs,27646.svs,1,abnormal,116,12,5,thioacetamide,thioacetamide,Middle,15,mg/kg,24 hr,Single,Gavage,Rat,6,Liver,"Cellular infiltration | Change, eosinophilic | Single cell necrosis",Hepatocyte,minimal
/mnt/e/spass/open-tggates-pathological-images/LATEST/images/gefitinib/Liver/67100.svs,67100.svs,1,abnormal,745,12,3,gefitinib,gefitinib,Middle,600,mg/kg,24 hr,Single,Gavage,Rat,6,Liver,"Lesion,NOS | Single cell necrosis",Hepatocyte,slight
/mnt/e/spass/open-tggates-pathological-images/LATEST/images/glibenclamide/Liver/10325.svs,10325.svs,1,abnormal,234,12,5,glibenclamide,glibenclamide,Middle,300,mg/kg,24 hr,Single,Gavage,Rat,6,Liver,Cellular infiltration | Microgranuloma,Portal,minimal
/mnt/e/spass/open-tggates-pathological-images/LATEST/images/gemfibrozil/Liver/29977.svs,29977.svs,1,abnormal,184,15,5,gemfibrozil,gemfibrozil,High,300,mg/kg,15 day,Repeat,Gavage,Rat,6,Liver,"Degeneration, granular, eosinophilic",Hepatocyte,slight
/mnt/e/spass/open-tggates-pathological-images/LATEST/images/tannic_acid/Liver/23912.svs,23912.svs,1,abnormal,418,8,1,tannic acid,tannic_acid,Low,100,mg/kg,24 hr,Single,Gavage,Rat,6,Liver,Necrosis,Subserosa,minimal
/mnt/e/spass/open-tggates-pathological-images/LATEST/images/methyldopa/Liver/13986.svs,13986.svs,1,abnormal,306,7,3,methyldopa,methyldopa,Low,60,mg/kg,9 hr,Single,Gavage,Rat,6,Liver,Necrosis,Hepatocyte,minimal
/mnt/e/spass/open-tggates-pathological-images/LATEST/images/iproniazid/Liver/34460.svs,34460.svs,1,abnormal,319,15,5,iproniazid,iproniazid,High,60,mg/kg,15 day,Repeat,Gavage,Rat,6,Liver,"Deposit, pigment | Hematopoiesis, extramedullary | Phagocytosis",Kupffer cell | Sinusoid,moderate | slight
/mnt/e/spass/open-tggates-pathological-images/LATEST/images/gemfibrozil/Liver/29949.svs,29949.svs,1,abnormal,184,13,1,gemfibrozil,gemfibrozil,High,300,mg/kg,4 day,Repeat,Gavage,Rat,6,Liver,Increased mitosis,Hepatocyte,slight
/mnt/e/spass/open-tggates-pathological-images/LATEST/images/tannic_acid/Liver/23977.svs,23977.svs,1,abnormal,418,14,4,tannic acid,tannic_acid,High,1000,mg/kg,6 hr,Single,Gavage,Rat,6,Liver,Necrosis,Subserosa,minimal
/mnt/e/spass/open-tggates-pathological-images/LATEST/images/cyclosporine_A/Liver/54357.svs,54357.svs,1,abnormal,604,15,4,cyclosporine A,cyclosporine_A,High,300,mg/kg,9 hr,Single,Gavage,Rat,6,Liver,"Change, acidophilic",Hepatocyte,slight
/mnt/e/spass/open-tggates-pathological-images/LATEST/images/3-methylcholanthrene/Liver/66524.svs,66524.svs,1,abnormal,708,5,2,3-methylcholanthrene,3-methylcholanthrene,Low,10,mg/kg,3 hr,Single,Gavage,Rat,6,Liver,Increased mitosis | Single cell necrosis,Hepatocyte | Centrilobular,slight
/mnt/e/spass/open-tggates-pathological-images/LATEST/images/bendazac/Liver/44376.svs,44376.svs,1,abnormal,551,6,5,bendazac,bendazac,Low,30,mg/kg,8 day,Repeat,Gavage,Rat,6,Liver,Cellular infiltration,Periductular,minimal
/mnt/e/spass/open-tggates-pathological-images/LATEST/images/fluoxetine_hydrochloride/Liver/63082.svs,63082.svs,1,abnormal,683,4,1,fluoxetine hydrochloride,fluoxetine_hydrochloride,Control,0,mg/kg,24 hr,Single,Gavage,Rat,6,Liver,Necrosis,,minimal
/mnt/e/spass/open-tggates-pathological-images/LATEST/images/ethambutol/Liver/36206.svs,36206.svs,1,abnormal,391,7,2,ethambutol,ethambutol,Low,100,mg/kg,15 day,Repeat,Gavage,Rat,6,Liver,Ground glass appearance,Centrilobular,slight
/mnt/e/spass/open-tggates-pathological-images/LATEST/images/cyclophosphamide/Liver/31426.svs,31426.svs,1,abnormal,172,5,4,cyclophosphamide,cyclophosphamide,Low,2,mg/kg,4 day,Repeat,Gavage,Rat,6,Liver,Microgranuloma,,slight
/mnt/e/spass/open-tggates-pathological-images/LATEST/images/ethanol/Liver/48079.svs,48079.svs,1,abnormal,589,16,1,ethanol,ethanol,High,4000,mg/kg,29 day,Repeat,Gavage,Rat,6,Liver,Microgranuloma,,minimal
/mnt/e/spass/open-tggates-pathological-images/LATEST/images/captopril/Liver/25017.svs,25017.svs,1,abnormal,421,10,3,captopril,captopril,Middle,300,mg/kg,8 day,Repeat,Gavage,Rat,6,Liver,Necrosis,Subserosa,minimal
/mnt/e/spass/open-tggates-pathological-images/LATEST/images/vitamin_A/Liver/15687.svs,15687.svs,1,abnormal,282,14,3,vitamin A,vitamin_A,High,100,mg/kg,8 day,Repeat,Gavage,Rat,6,Liver,"Hypertrophy | Vacuolization, cytoplasmic",Ito cell,slight
/mnt/e/spass/open-tggates-pathological-images/LATEST/images/cyclophosphamide/Liver/31335.svs,31335.svs,1,abnormal,172,2,5,cyclophosphamide,cyclophosphamide,Control,0,mg/kg,8 day,Repeat,Gavage,Rat,6,Liver,Microgranuloma,,slight
/mnt/e/spass/open-tggates-pathological-images/LATEST/images/omeprazole/Liver/4904.svs,4904.svs,1,abnormal,123,15,5,omeprazole,omeprazole,High,1000,mg/kg,9 hr,Single,Gavage,Rat,6,Liver,"Change, eosinophilic",Periportal,slight
/mnt/e/spass/open-tggates-pathological-images/LATEST/images/ketoconazole/Liver/71327.svs,71327.svs,1,abnormal,231,12,4,ketoconazole,ketoconazole,Middle,30,mg/kg,29 day,Repeat,Gavage,Rat,6,Liver,"Vacuolization, cytoplasmic","Bile duct, interlobular",slight
/mnt/e/spass/open-tggates-pathological-images/LATEST/images/methylene_dianiline/Liver/63553.svs,63553.svs,1,abnormal,685,13,2,methylene dianiline,methylene_dianiline,High,300,mg/kg,3 hr,Single,Gavage,Rat,6,Liver,Cellular infiltration | Dilatation | Edema | Hemorrhage | Necrosis,Glisson's sheath | Lymphatic | Bile duct cell,minimal | slight | moderate
/mnt/e/spass/open-tggates-pathological-images/LATEST/images/benzbromarone/Liver/6095.svs,6095.svs,1,abnormal,155,15,4,benzbromarone,benzbromarone,High,200,mg/kg,15 day,Repeat,Gavage,Rat,6,Liver,Ground glass appearance | Hypertrophy,Centrilobular,slight | moderate
/mnt/e/spass/open-tggates-pathological-images/LATEST/images/amitriptyline/Liver/18959.svs,18959.svs,1,abnormal,367,1,1,amitriptyline,amitriptyline,Control,0,mg/kg,3 hr,Single,Gavage,Rat,6,Liver,Granuloma,,minimal
/mnt/e/spass/open-tggates-pathological-images/LATEST/images/disulfiram/Liver/47920.svs,47920.svs,1,abnormal,492,15,5,disulfiram,disulfiram,High,600,mg/kg,15 day,Repeat,Gavage,Rat,6,Liver,Hypertrophy,Centrilobular,slight
/mnt/e/spass/open-tggates-pathological-images/LATEST/images/disulfiram/Liver/47811.svs,47811.svs,1,abnormal,492,11,1,disulfiram,disulfiram,Middle,200,mg/kg,15 day,Repeat,Gavage,Rat,6,Liver,Hypertrophy,Centrilobular,slight
/mnt/e/spass/open-tggates-pathological-images/LATEST/images/flutamide/Liver/11906.svs,11906.svs,1,abnormal,292,4,3,flutamide,flutamide,Control,0,mg/kg,29 day,Repeat,Gavage,Rat,6,Liver,Microgranuloma,,minimal
/mnt/e/spass/open-tggates-pathological-images/LATEST/images/simvastatin/Liver/42508.svs,42508.svs,1,abnormal,516,11,5,simvastatin,simvastatin,Middle,120,mg/kg,15 day,Repeat,Gavage,Rat,6,Liver,"Change, basophilic | Microgranuloma",Periportal,minimal
/mnt/e/spass/open-tggates-pathological-images/LATEST/images/acetaminophen/Liver/28154.svs,28154.svs,1,abnormal,42,17,3,acetaminophen,acetaminophen,High,1000,mg/kg,4 day,Repeat,Gavage,Rat,6,Liver,"Cellular infiltration | Change, eosinophilic | Increased mitosis | Necrosis",Centrilobular,slight | minimal
/mnt/e/spass/open-tggates-pathological-images/LATEST/images/terbinafine/Liver/44253.svs,44253.svs,1,abnormal,534,15,4,terbinafine,terbinafine,High,750,mg/kg,15 day,Repeat,Gavage,Rat,6,Liver,Hypertrophy,Centrilobular,slight
/mnt/e/spass/open-tggates-pathological-images/LATEST/images/1%25_cholesterol_%2B_0.25%25_sodium_cholate/Liver/66063.svs,66063.svs,1,abnormal,698,1,1,1% cholesterol + 0.25% sodium cholate,1%25_cholesterol_%2B_0.25%25_sodium_cholate,Control,0,mg/kg,4 day,Repeat,Diet,Rat,6,Liver,"Deposit, glycogen",Peripheral,slight
/mnt/e/spass/open-tggates-pathological-images/LATEST/images/clofibrate/Liver/25057.svs,25057.svs,1,abnormal,99,12,5,clofibrate,clofibrate,Middle,100,mg/kg,29 day,Repeat,Gavage,Rat,6,Liver,"Degeneration, granular, eosinophilic | Swelling",Centrilobular,minimal
/mnt/e/spass/open-tggates-pathological-images/LATEST/images/methylene_dianiline/Liver/63513.svs,63513.svs,1,abnormal,685,11,2,methylene dianiline,methylene_dianiline,Middle,100,mg/kg,9 hr,Single,Gavage,Rat,6,Liver,Cellular infiltration | Dilatation | Edema | Hemorrhage | Necrosis,Glisson's sheath | Lymphatic | Bile duct cell,minimal | slight | moderate
/mnt/e/spass/open-tggates-pathological-images/LATEST/images/flutamide/Liver/11945.svs,11945.svs,1,abnormal,292,12,3,flutamide,flutamide,Middle,50,mg/kg,29 day,Repeat,Gavage,Rat,6,Liver,Hypertrophy,Centrilobular,slight
/mnt/e/spass/open-tggates-pathological-images/LATEST/images/hexachlorobenzene/Liver/6299.svs,6299.svs,1,abnormal,157,8,3,hexachlorobenzene,hexachlorobenzene,Low,30,mg/kg,29 day,Repeat,Gavage,Rat,6,Liver,Ground glass appearance | Hypertrophy,Centrilobular,moderate
/mnt/e/spass/open-tggates-pathological-images/LATEST/images/fenofibrate/Liver/20368.svs,20368.svs,1,abnormal,394,16,3,fenofibrate,fenofibrate,High,1000,mg/kg,24 hr,Single,Gavage,Rat,6,Liver,Increased mitosis,Hepatocyte,slight
/mnt/e/spass/open-tggates-pathological-images/LATEST/images/ethionamide/Liver/46015.svs,46015.svs,1,abnormal,584,5,5,ethionamide,ethionamide,Low,100,mg/kg,3 hr,Single,Gavage,Rat,6,Liver,Single cell necrosis,,minimal
/mnt/e/spass/open-tggates-pathological-images/LATEST/images/nitrofurazone/Liver/16127.svs,16127.svs,1,abnormal,325,10,3,nitrofurazone,nitrofurazone,Middle,100,mg/kg,6 hr,Single,Gavage,Rat,6,Liver,Necrosis,Hepatocyte,minimal
/mnt/e/spass/open-tggates-pathological-images/LATEST/images/coumarin/Liver/29037.svs,29037.svs,1,abnormal,197,14,2,coumarin,coumarin,High,150,mg/kg,8 day,Repeat,Gavage,Rat,6,Liver,"Inclusion body, intracytoplasmic",Hepatocyte,minimal
/mnt/e/spass/open-tggates-pathological-images/LATEST/images/fluoxetine_hydrochloride/Liver/63426.svs,63426.svs,1,abnormal,684,16,4,fluoxetine hydrochloride,fluoxetine_hydrochloride,High,30,mg/kg,29 day,Repeat,Gavage,Rat,6,Liver,Hypertrophy,Hepatocyte,minimal
/mnt/e/spass/open-tggates-pathological-images/LATEST/images/ethionine/Liver/27829.svs,27829.svs,1,abnormal,126,11,2,ethionine,ethionine,Middle,80,mg/kg,15 day,Repeat,Gavage,Rat,6,Liver,"Alteration, cytoplasmic",,slight
/mnt/e/spass/open-tggates-pathological-images/LATEST/images/aspirin/Liver/61469.svs,61469.svs,1,abnormal,630,9,4,aspirin,aspirin,Middle,1000,mg/kg,3 hr,Single,Gavage,Rat,6,Liver,Swelling,Centrilobular,minimal
/mnt/e/spass/open-tggates-pathological-images/LATEST/images/flutamide/Liver/11961.svs,11961.svs,1,abnormal,292,16,1,flutamide,flutamide,High,150,mg/kg,29 day,Repeat,Gavage,Rat,6,Liver,Hypertrophy | Microgranuloma,Centrilobular,moderate | minimal
/mnt/e/spass/open-tggates-pathological-images/LATEST/images/clofibrate/Liver/25050.svs,25050.svs,1,abnormal,99,12,2,clofibrate,clofibrate,Middle,100,mg/kg,29 day,Repeat,Gavage,Rat,6,Liver,Swelling,Centrilobular,minimal
/mnt/e/spass/open-tggates-pathological-images/LATEST/images/vitamin_A/Liver/15583.svs,15583.svs,1,abnormal,282,11,2,vitamin A,vitamin_A,Middle,30,mg/kg,15 day,Repeat,Gavage,Rat,6,Liver,"Hypertrophy | Vacuolization, cytoplasmic",Ito cell,slight
/mnt/e/spass/open-tggates-pathological-images/LATEST/images/galactosamine/Liver/59404.svs,59404.svs,1,abnormal,447,12,4,galactosamine,galactosamine,Middle,300,mg/kg,24 hr,Single,intraperitoneal injection,Rat,6,Liver,Cellular infiltration | Degeneration | Single cell necrosis,Hepatocyte,minimal | slight
/mnt/e/spass/open-tggates-pathological-images/LATEST/images/naphthyl_isothiocyanate/Liver/61267.svs,61267.svs,1,abnormal,626,12,2,naphthyl isothiocyanate,naphthyl_isothiocyanate,Middle,50,mg/kg,24 hr,Single,Gavage,Rat,6,Liver,Cellular infiltration | Edema | Necrosis,Portal triad | Bile duct,slight | minimal
/mnt/e/spass/open-tggates-pathological-images/LATEST/images/bromoethylamine/Liver/53267.svs,53267.svs,1,abnormal,579,16,3,bromoethylamine,bromoethylamine,High,20,mg/kg,29 day,Repeat,intravenous injection,Rat,6,Liver,"Deposit, glycogen",Peripheral,slight
/mnt/e/spass/open-tggates-pathological-images/LATEST/images/acetamidofluorene/Liver/51938.svs,51938.svs,1,abnormal,569,11,5,acetamidofluorene,acetamidofluorene,Middle,100,mg/kg,15 day,Repeat,Gavage,Rat,6,Liver,"Proliferation, bile duct | Proliferation, oval cell | Swelling",Periportal | Centrilobular,slight | severe
/mnt/e/spass/open-tggates-pathological-images/LATEST/images/bendazac/Liver/44101.svs,44101.svs,1,abnormal,550,5,1,bendazac,bendazac,Low,100,mg/kg,3 hr,Single,Gavage,Rat,6,Liver,Mineralization,,minimal
/mnt/e/spass/open-tggates-pathological-images/LATEST/images/chlorpropamide/Liver/35370.svs,35370.svs,1,abnormal,436,11,3,chlorpropamide,chlorpropamide,Middle,100,mg/kg,15 day,Repeat,Gavage,Rat,6,Liver,Hypertrophy,Centrilobular,minimal
/mnt/e/spass/open-tggates-pathological-images/LATEST/images/simvastatin/Liver/42457.svs,42457.svs,1,abnormal,516,7,5,simvastatin,simvastatin,Low,40,mg/kg,15 day,Repeat,Gavage,Rat,6,Liver,"Change, basophilic | Increased mitosis",Periportal | Midlobular,minimal
/mnt/e/spass/open-tggates-pathological-images/LATEST/images/colchicine/Liver/41747.svs,41747.svs,1,abnormal,502,6,2,colchicine,colchicine,Low,1,mg/kg,8 day,Repeat,Gavage,Rat,6,Liver,Necrosis,,slight
/mnt/e/spass/open-tggates-pathological-images/LATEST/images/sulfasalazine/Liver/30747.svs,30747.svs,1,abnormal,211,10,1,sulfasalazine,sulfasalazine,Middle,300,mg/kg,8 day,Repeat,Gavage,Rat,6,Liver,Swelling,Centrilobular,slight
/mnt/e/spass/open-tggates-pathological-images/LATEST/images/3-methylcholanthrene/Liver/66518.svs,66518.svs,1,abnormal,708,5,1,3-methylcholanthrene,3-methylcholanthrene,Low,10,mg/kg,3 hr,Single,Gavage,Rat,6,Liver,Increased mitosis,Hepatocyte,slight
/mnt/e/spass/open-tggates-pathological-images/LATEST/images/omeprazole/Liver/27483.svs,27483.svs,1,abnormal,124,15,5,omeprazole,omeprazole,High,1000,mg/kg,15 day,Repeat,Gavage,Rat,6,Liver,Hypertrophy,Centrilobular,moderate
/mnt/e/spass/open-tggates-pathological-images/LATEST/images/imipramine/Liver/33947.svs,33947.svs,1,abnormal,366,14,5,imipramine,imipramine,High,100,mg/kg,8 day,Repeat,Gavage,Rat,6,Liver,"Vacuolization, cytoplasmic",Hepatocyte,minimal
/mnt/e/spass/open-tggates-pathological-images/LATEST/images/acetamidofluorene/Liver/51492.svs,51492.svs,1,abnormal,568,7,5,acetamidofluorene,acetamidofluorene,Low,100,mg/kg,9 hr,Single,Gavage,Rat,6,Liver,Swelling,Centrilobular,minimal
/mnt/e/spass/open-tggates-pathological-images/LATEST/images/methapyrilene/Liver/46924.svs,46924.svs,1,abnormal,174,13,4,methapyrilene,methapyrilene,High,100,mg/kg,4 day,Repeat,Gavage,Rat,6,Liver,"Anisonucleosis | Cellular infiltration, mononuclear cell | Hypertrophy | Increased mitosis | Proliferation, bile duct | Single cell necrosis",Hepatocyte | Periportal | Interlobular,slight
/mnt/e/spass/open-tggates-pathological-images/LATEST/images/ticlopidine/Liver/53381.svs,53381.svs,1,abnormal,573,9,4,ticlopidine,ticlopidine,Middle,100,mg/kg,4 day,Repeat,Gavage,Rat,6,Liver,Hypertrophy,Centrilobular,minimal
/mnt/e/spass/open-tggates-pathological-images/LATEST/images/carbamazepine/Liver/28674.svs,28674.svs,1,abnormal,147,3,2,carbamazepine,carbamazepine,Control,0,mg/kg,15 day,Repeat,Gavage,Rat,6,Liver,Necrosis,,slight
/mnt/e/spass/open-tggates-pathological-images/LATEST/images/aspirin/Liver/61518.svs,61518.svs,1,abnormal,630,14,5,aspirin,aspirin,High,2000,mg/kg,6 hr,Single,Gavage,Rat,6,Liver,Swelling,Centrilobular,slight
/mnt/e/spass/open-tggates-pathological-images/LATEST/images/tamoxifen/Liver/33387.svs,33387.svs,1,abnormal,297,16,1,tamoxifen,tamoxifen,High,60,mg/kg,29 day,Repeat,Gavage,Rat,6,Liver,"Change, eosinophilic",Centrilobular,minimal
/mnt/e/spass/open-tggates-pathological-images/LATEST/images/benziodarone/Liver/44980.svs,44980.svs,1,abnormal,553,8,4,benziodarone,benziodarone,Low,30,mg/kg,29 day,Repeat,Gavage,Rat,6,Liver,Microgranuloma,,minimal
/mnt/e/spass/open-tggates-pathological-images/LATEST/images/valproic_acid/Liver/3464.svs,3464.svs,1,abnormal,91,15,3,valproic acid,valproic_acid,High,450,mg/kg,15 day,Repeat,Gavage,Rat,6,Liver,Microgranuloma,,minimal
/mnt/e/spass/open-tggates-pathological-images/LATEST/images/nifedipine/Liver/37058.svs,37058.svs,1,abnormal,411,12,3,nifedipine,nifedipine,Middle,300,mg/kg,29 day,Repeat,Gavage,Rat,6,Liver,"Change, eosinophilic",Centrilobular,minimal
/mnt/e/spass/open-tggates-pathological-images/LATEST/images/benzbromarone/Liver/6043.svs,6043.svs,1,abnormal,155,11,5,benzbromarone,benzbromarone,Middle,60,mg/kg,15 day,Repeat,Gavage,Rat,6,Liver,Ground glass appearance | Hypertrophy,Centrilobular,minimal | slight
/mnt/e/spass/open-tggates-pathological-images/LATEST/images/ethionamide/Liver/46017.svs,46017.svs,1,abnormal,584,6,1,ethionamide,ethionamide,Low,100,mg/kg,6 hr,Single,Gavage,Rat,6,Liver,Microgranuloma | Single cell necrosis,,minimal
/mnt/e/spass/open-tggates-pathological-images/LATEST/images/aspirin/Liver/61591.svs,61591.svs,1,abnormal,630,16,2,aspirin,aspirin,High,2000,mg/kg,24 hr,Single,Gavage,Rat,6,Liver,Necrosis,,minimal
/mnt/e/spass/open-tggates-pathological-images/LATEST/images/benzbromarone/Liver/6072.svs,6072.svs,1,abnormal,155,13,5,benzbromarone,benzbromarone,High,200,mg/kg,4 day,Repeat,Gavage,Rat,6,Liver,Ground glass appearance | Hypertrophy,Centrilobular,minimal | slight
/mnt/e/spass/open-tggates-pathological-images/LATEST/images/colchicine/Liver/41518.svs,41518.svs,1,abnormal,501,16,5,colchicine,colchicine,High,15,mg/kg,24 hr,Single,Gavage,Rat,6,Liver,"Increased mitosis | Single cell necrosis | Vacuolization, cytoplasmic",Bile duct cell | Midlobular,minimal | slight
/mnt/e/spass/open-tggates-pathological-images/LATEST/images/aspirin/Liver/4884.svs,4884.svs,1,abnormal,128,11,1,aspirin,aspirin,Middle,150,mg/kg,15 day,Repeat,Gavage,Rat,6,Liver,"Change, eosinophilic",Centrilobular,minimal
/mnt/e/spass/open-tggates-pathological-images/LATEST/images/disulfiram/Liver/47816.svs,47816.svs,1,abnormal,492,11,2,disulfiram,disulfiram,Middle,200,mg/kg,15 day,Repeat,Gavage,Rat,6,Liver,Hypertrophy,Centrilobular,slight
/mnt/e/spass/open-tggates-pathological-images/LATEST/images/gemfibrozil/Liver/29865.svs,29865.svs,1,abnormal,184,5,4,gemfibrozil,gemfibrozil,Low,30,mg/kg,4 day,Repeat,Gavage,Rat,6,Liver,Increased mitosis,Hepatocyte,slight
/mnt/e/spass/open-tggates-pathological-images/LATEST/images/aspirin/Liver/4861.svs,4861.svs,1,abnormal,128,14,2,aspirin,aspirin,High,450,mg/kg,8 day,Repeat,Gavage,Rat,6,Liver,"Change, eosinophilic",Centrilobular,slight
/mnt/e/spass/open-tggates-pathological-images/LATEST/images/lomustine/Liver/32311.svs,32311.svs,1,abnormal,311,10,1,lomustine,lomustine,Middle,2,mg/kg,8 day,Repeat,Gavage,Rat,6,Liver,"Cellular infiltration, mononuclear cell | Proliferation, bile duct",Periportal,minimal
/mnt/e/spass/open-tggates-pathological-images/LATEST/images/bendazac/Liver/44458.svs,44458.svs,1,abnormal,551,13,4,bendazac,bendazac,High,300,mg/kg,4 day,Repeat,Gavage,Rat,6,Liver,Hypertrophy | Increased mitosis | Single cell necrosis,Centrilobular | Hepatocyte,minimal | slight
/mnt/e/spass/open-tggates-pathological-images/LATEST/images/WY-14643/Liver/8409.svs,8409.svs,1,abnormal,181,14,4,WY-14643,WY-14643,High,100,mg/kg,6 hr,Single,Gavage,Rat,6,Liver,"Degeneration, granular, eosinophilic",Hepatocyte,slight
/mnt/e/spass/open-tggates-pathological-images/LATEST/images/benziodarone/Liver/45002.svs,45002.svs,1,abnormal,553,10,3,benziodarone,benziodarone,Middle,100,mg/kg,8 day,Repeat,Gavage,Rat,6,Liver,Hypertrophy,Centrilobular,minimal
/mnt/e/spass/open-tggates-pathological-images/LATEST/images/chlormadinone/Liver/49437.svs,49437.svs,1,abnormal,542,14,2,chlormadinone,chlormadinone,High,2000,mg/kg,6 hr,Single,Gavage,Rat,6,Liver,"Deposit, glycogen",Peripheral,moderate
/mnt/e/spass/open-tggates-pathological-images/LATEST/images/rifampicin/Liver/25988.svs,25988.svs,1,abnormal,95,16,4,rifampicin,rifampicin,High,200,mg/kg,29 day,Repeat,Gavage,Rat,6,Liver,Hypertrophy,Centrilobular,minimal
/mnt/e/spass/open-tggates-pathological-images/LATEST/images/acetamidofluorene/Liver/51747.svs,51747.svs,1,abnormal,569,5,2,acetamidofluorene,acetamidofluorene,Low,30,mg/kg,4 day,Repeat,Gavage,Rat,6,Liver,Swelling,Centrilobular,minimal
/mnt/e/spass/open-tggates-pathological-images/LATEST/images/chlorpromazine/Liver/28713.svs,28713.svs,1,abnormal,115,12,1,chlorpromazine,chlorpromazine,Middle,15,mg/kg,29 day,Repeat,Gavage,Rat,6,Liver,"Lesion,NOS",Hepatocyte,minimal
/mnt/e/spass/open-tggates-pathological-images/LATEST/images/aspirin/Liver/4835.svs,4835.svs,1,abnormal,128,2,1,aspirin,aspirin,Control,0,mg/kg,8 day,Repeat,Gavage,Rat,6,Liver,Necrosis,,minimal
/mnt/e/spass/open-tggates-pathological-images/LATEST/images/chlorpropamide/Liver/35372.svs,35372.svs,1,abnormal,436,13,5,chlorpropamide,chlorpropamide,High,300,mg/kg,4 day,Repeat,Gavage,Rat,6,Liver,Hypertrophy,Centrilobular,minimal
/mnt/e/spass/open-tggates-pathological-images/LATEST/images/gemfibrozil/Liver/29965.svs,29965.svs,1,abnormal,184,14,4,gemfibrozil,gemfibrozil,High,300,mg/kg,8 day,Repeat,Gavage,Rat,6,Liver,"Degeneration, granular, eosinophilic",Hepatocyte,minimal
/mnt/e/spass/open-tggates-pathological-images/LATEST/images/sulindac/Liver/38213.svs,38213.svs,1,abnormal,442,16,3,sulindac,sulindac,High,150,mg/kg,24 hr,Single,Gavage,Rat,6,Liver,Hypertrophy,Periportal,minimal
/mnt/e/spass/open-tggates-pathological-images/LATEST/images/colchicine/Liver/41398.svs,41398.svs,1,abnormal,501,6,2,colchicine,colchicine,Low,2,mg/kg,6 hr,Single,Gavage,Rat,6,Liver,Increased mitosis | Single cell necrosis,Midlobular,minimal
/mnt/e/spass/open-tggates-pathological-images/LATEST/images/acetamide/Liver/65733.svs,65733.svs,1,abnormal,713,15,3,acetamide,acetamide,High,2000,mg/kg,15 day,Repeat,Gavage,Rat,6,Liver,"Anisonucleosis | Change, acidophilic | Pyknosis | Single cell necrosis",Hepatocyte,slight | moderate
/mnt/e/spass/open-tggates-pathological-images/LATEST/images/lomustine/Liver/32389.svs,32389.svs,1,abnormal,311,16,4,lomustine,lomustine,High,6,mg/kg,29 day,Repeat,Gavage,Rat,6,Liver,"Cellular infiltration, mononuclear cell | Degeneration, granular, eosinophilic | Deposit, pigment | Fibrosis | Hypertrophy | Necrosis | Proliferation, bile duct | Proliferation, Kupffer cell | Single cell necrosis",Periportal | Hepatocyte | Bile duct | Midlobular,slight | moderate | minimal
/mnt/e/spass/open-tggates-pathological-images/LATEST/images/etoposide/Liver/70739.svs,70739.svs,1,abnormal,555,12,5,etoposide,etoposide,Middle,10,mg/kg,29 day,Repeat,Gavage,Rat,6,Liver,Microgranuloma,,minimal
/mnt/e/spass/open-tggates-pathological-images/LATEST/images/sulfasalazine/Liver/8345.svs,8345.svs,1,abnormal,210,10,3,sulfasalazine,sulfasalazine,Middle,300,mg/kg,6 hr,Single,Gavage,Rat,6,Liver,Cellular infiltration,,minimal
/mnt/e/spass/open-tggates-pathological-images/LATEST/images/imipramine/Liver/16584.svs,16584.svs,1,abnormal,365,2,5,imipramine,imipramine,Control,0,mg/kg,6 hr,Single,Gavage,Rat,6,Liver,"Cellular infiltration | Lesion,NOS | Microgranuloma | Proliferation, Kupffer cell",Glisson's sheath | Hepatocyte | Sinusoid,minimal | slight
/mnt/e/spass/open-tggates-pathological-images/LATEST/images/chloramphenicol/Liver/15801.svs,15801.svs,1,abnormal,324,12,1,chloramphenicol,chloramphenicol,Middle,300,mg/kg,29 day,Repeat,Gavage,Rat,6,Liver,Hypertrophy,Hepatocyte,minimal
/mnt/e/spass/open-tggates-pathological-images/LATEST/images/griseofulvin/Liver/31817.svs,31817.svs,1,abnormal,290,9,2,griseofulvin,griseofulvin,Middle,300,mg/kg,4 day,Repeat,Gavage,Rat,6,Liver,Increased mitosis,,minimal
/mnt/e/spass/open-tggates-pathological-images/LATEST/images/phenylbutazone/Liver/26572.svs,26572.svs,1,abnormal,97,12,5,phenylbutazone,phenylbutazone,Middle,60,mg/kg,29 day,Repeat,Gavage,Rat,6,Liver,Hypertrophy,Centrilobular,minimal
/mnt/e/spass/open-tggates-pathological-images/LATEST/images/WY-14643/Liver/8303.svs,8303.svs,1,abnormal,181,6,1,WY-14643,WY-14643,Low,10,mg/kg,6 hr,Single,Gavage,Rat,6,Liver,"Degeneration, granular, eosinophilic",Hepatocyte,minimal
/mnt/e/spass/open-tggates-pathological-images/LATEST/images/isoniazid/Liver/60484.svs,60484.svs,1,abnormal,629,15,2,isoniazid,isoniazid,High,2000,mg/kg,9 hr,Single,Gavage,Rat,6,Liver,Swelling,Centrilobular,slight
/mnt/e/spass/open-tggates-pathological-images/LATEST/images/ethanol/Liver/48049.svs,48049.svs,1,abnormal,589,10,1,ethanol,ethanol,Middle,1200,mg/kg,8 day,Repeat,Gavage,Rat,6,Liver,Microgranuloma,,minimal
/mnt/e/spass/open-tggates-pathological-images/LATEST/images/fenofibrate/Liver/35098.svs,35098.svs,1,abnormal,434,14,4,fenofibrate,fenofibrate,High,1000,mg/kg,8 day,Repeat,Gavage,Rat,6,Liver,"Degeneration, granular, eosinophilic",Hepatocyte,slight
/mnt/e/spass/open-tggates-pathological-images/LATEST/images/hydroxyzine/Liver/19773.svs,19773.svs,1,abnormal,370,15,4,hydroxyzine,hydroxyzine,High,100,mg/kg,15 day,Repeat,Gavage,Rat,6,Liver,"Hypertrophy | Vacuolization, cytoplasmic",Centrilobular | Hepatocyte,slight
/mnt/e/spass/open-tggates-pathological-images/LATEST/images/nimesulide/Liver/47022.svs,47022.svs,1,abnormal,586,1,1,nimesulide,nimesulide,Control,0,mg/kg,3 hr,Single,Gavage,Rat,6,Liver,Increased mitosis | Microgranuloma,Hepatocyte,minimal
/mnt/e/spass/open-tggates-pathological-images/LATEST/images/benziodarone/Liver/45028.svs,45028.svs,1,abnormal,553,12,4,benziodarone,benziodarone,Middle,100,mg/kg,29 day,Repeat,Gavage,Rat,6,Liver,Hypertrophy,Centrilobular,minimal
/mnt/e/spass/open-tggates-pathological-images/LATEST/images/acarbose/Liver/41721.svs,41721.svs,1,abnormal,511,5,3,acarbose,acarbose,Low,100,mg/kg,4 day,Repeat,Gavage,Rat,6,Liver,Microgranuloma,,minimal
/mnt/e/spass/open-tggates-pathological-images/LATEST/images/vitamin_A/Liver/15733.svs,15733.svs,1,abnormal,282,16,3,vitamin A,vitamin_A,High,100,mg/kg,29 day,Repeat,Gavage,Rat,6,Liver,"Hypertrophy | Vacuolization, cytoplasmic",Ito cell,severe
/mnt/e/spass/open-tggates-pathological-images/LATEST/images/allyl_alcohol/Liver/70452.svs,70452.svs,1,abnormal,102,14,3,allyl alcohol,allyl_alcohol,High,30,mg/kg,6 hr,Single,Gavage,Rat,6,Liver,"Degeneration, acidophilic, eosinophilic | Necrosis",Periportal,slight
/mnt/e/spass/open-tggates-pathological-images/LATEST/images/phenytoin/Liver/31758.svs,31758.svs,1,abnormal,176,15,4,phenytoin,phenytoin,High,600,mg/kg,15 day,Repeat,Gavage,Rat,6,Liver,Hypertrophy,Hepatocyte,moderate
/mnt/e/spass/open-tggates-pathological-images/LATEST/images/acetamide/Liver/65714.svs,65714.svs,1,abnormal,713,14,3,acetamide,acetamide,High,2000,mg/kg,8 day,Repeat,Gavage,Rat,6,Liver,"Change, acidophilic | Pyknosis",Hepatocyte,slight
/mnt/e/spass/open-tggates-pathological-images/LATEST/images/fenofibrate/Liver/20369.svs,20369.svs,1,abnormal,394,16,4,fenofibrate,fenofibrate,High,1000,mg/kg,24 hr,Single,Gavage,Rat,6,Liver,Increased mitosis,Hepatocyte,minimal
/mnt/e/spass/open-tggates-pathological-images/LATEST/images/phenytoin/Liver/70997.svs,70997.svs,1,abnormal,176,12,3,phenytoin,phenytoin,Middle,200,mg/kg,29 day,Repeat,Gavage,Rat,6,Liver,Hypertrophy,Hepatocyte,slight
/mnt/e/spass/open-tggates-pathological-images/LATEST/images/nitrosodiethylamine/Liver/52798.svs,52798.svs,1,abnormal,571,11,2,nitrosodiethylamine,nitrosodiethylamine,Middle,10,mg/kg,15 day,Repeat,Gavage,Rat,6,Liver,"Change, acidophilic | Necrosis",Centrilobular,slight | minimal
/mnt/e/spass/open-tggates-pathological-images/LATEST/images/carbamazepine/Liver/28711.svs,28711.svs,1,abnormal,147,15,1,carbamazepine,carbamazepine,High,300,mg/kg,15 day,Repeat,Gavage,Rat,6,Liver,Hypertrophy,Centrilobular,moderate
/mnt/e/spass/open-tggates-pathological-images/LATEST/images/buthionine_sulfoximine/Liver/62006.svs,62006.svs,1,abnormal,457,16,4,buthionine sulfoximine,buthionine_sulfoximine,High,1500,mg/kg,24 hr,Single,intraperitoneal injection,Rat,6,Liver,Microgranuloma,,minimal
/mnt/e/spass/open-tggates-pathological-images/LATEST/images/ethionamide/Liver/46091.svs,46091.svs,1,abnormal,584,13,1,ethionamide,ethionamide,High,1000,mg/kg,3 hr,Single,Gavage,Rat,6,Liver,Single cell necrosis,,minimal
/mnt/e/spass/open-tggates-pathological-images/LATEST/images/phenacetin/Liver/70760.svs,70760.svs,1,abnormal,594,14,5,phenacetin,phenacetin,High,1000,mg/kg,8 day,Repeat,Gavage,Rat,6,Liver,"Deposit, hemosiderin | Hematopoiesis, extramedullary | Hypertrophy",Periportal | Centrilobular,minimal | slight
/mnt/e/spass/open-tggates-pathological-images/LATEST/images/aspirin/Liver/4891.svs,4891.svs,1,abnormal,128,11,5,aspirin,aspirin,Middle,150,mg/kg,15 day,Repeat,Gavage,Rat,6,Liver,"Nodule, hepatodiaphragmatic",,minimal
/mnt/e/spass/open-tggates-pathological-images/LATEST/images/vitamin_A/Liver/15721.svs,15721.svs,1,abnormal,282,15,4,vitamin A,vitamin_A,High,100,mg/kg,15 day,Repeat,Gavage,Rat,6,Liver,"Hypertrophy | Vacuolization, cytoplasmic",Ito cell,severe
/mnt/e/spass/open-tggates-pathological-images/LATEST/images/phenobarbital/Liver/25672.svs,25672.svs,1,abnormal,93,15,4,phenobarbital,phenobarbital,High,100,mg/kg,15 day,Repeat,Gavage,Rat,6,Liver,Ground glass appearance | Hypertrophy,Centrilobular,minimal | slight
/mnt/e/spass/open-tggates-pathological-images/LATEST/images/ethionamide/Liver/46038.svs,46038.svs,1,abnormal,584,8,1,ethionamide,ethionamide,Low,100,mg/kg,24 hr,Single,Gavage,Rat,6,Liver,Microgranuloma | Single cell necrosis,,slight | minimal
/mnt/e/spass/open-tggates-pathological-images/LATEST/images/nitrosodiethylamine/Liver/52386.svs,52386.svs,1,abnormal,570,7,4,nitrosodiethylamine,nitrosodiethylamine,Low,10,mg/kg,9 hr,Single,Gavage,Rat,6,Liver,Swelling,Centrilobular,slight
/mnt/e/spass/open-tggates-pathological-images/LATEST/images/butylated_hydroxyanisole/Liver/64601.svs,64601.svs,1,abnormal,688,16,5,butylated hydroxyanisole,butylated_hydroxyanisole,High,2000,mg/kg,29 day,Repeat,Gavage,Rat,6,Liver,Hypertrophy,Centrilobular,minimal
/mnt/e/spass/open-tggates-pathological-images/LATEST/images/gemfibrozil/Liver/8639.svs,8639.svs,1,abnormal,183,4,5,gemfibrozil,gemfibrozil,Control,0,mg/kg,24 hr,Single,Gavage,Rat,6,Liver,Necrosis,Hepatocyte,minimal
/mnt/e/spass/open-tggates-pathological-images/LATEST/images/methylene_dianiline/Liver/63665.svs,63665.svs,1,abnormal,686,9,1,methylene dianiline,methylene_dianiline,Middle,30,mg/kg,4 day,Repeat,Gavage,Rat,6,Liver,"Cellular infiltration | Hypertrophy | Proliferation, bile duct",Glisson's sheath | Hepatocyte,minimal
/mnt/e/spass/open-tggates-pathological-images/LATEST/images/gemfibrozil/Liver/29945.svs,29945.svs,1,abnormal,184,12,4,gemfibrozil,gemfibrozil,Middle,100,mg/kg,29 day,Repeat,Gavage,Rat,6,Liver,"Degeneration, granular, eosinophilic | Necrosis",Hepatocyte,slight | minimal
/mnt/e/spass/open-tggates-pathological-images/LATEST/images/flutamide/Liver/11888.svs,11888.svs,1,abnormal,292,15,4,flutamide,flutamide,High,150,mg/kg,15 day,Repeat,Gavage,Rat,6,Liver,Hypertrophy,Centrilobular,moderate
/mnt/e/spass/open-tggates-pathological-images/LATEST/images/meloxicam/Liver/44827.svs,44827.svs,1,abnormal,536,3,2,meloxicam,meloxicam,Control,0,mg/kg,15 day,Repeat,Gavage,Rat,6,Liver,Microgranuloma,,minimal
/mnt/e/spass/open-tggates-pathological-images/LATEST/images/chlormezanone/Liver/13101.svs,13101.svs,1,abnormal,303,12,5,chlormezanone,chlormezanone,Middle,150,mg/kg,29 day,Repeat,Gavage,Rat,6,Liver,Hypertrophy,Centrilobular,minimal
/mnt/e/spass/open-tggates-pathological-images/LATEST/images/cyclophosphamide/Liver/31509.svs,31509.svs,1,abnormal,172,7,5,cyclophosphamide,cyclophosphamide,Low,2,mg/kg,15 day,Repeat,Gavage,Rat,6,Liver,Microgranuloma,,slight
/mnt/e/spass/open-tggates-pathological-images/LATEST/images/cycloheximide/Liver/58949.svs,58949.svs,1,abnormal,454,14,4,cycloheximide,cycloheximide,High,10,mg/kg,6 hr,Single,intravenous injection,Rat,6,Liver,Single cell necrosis,Hepatocyte,slight
/mnt/e/spass/open-tggates-pathological-images/LATEST/images/valproic_acid/Liver/3281.svs,3281.svs,1,abnormal,90,4,4,valproic acid,valproic_acid,Control,0,mg/kg,24 hr,Single,Gavage,Rat,6,Liver,Necrosis,,minimal
/mnt/e/spass/open-tggates-pathological-images/LATEST/images/chlormezanone/Liver/13141.svs,13141.svs,1,abnormal,303,16,3,chlormezanone,chlormezanone,High,500,mg/kg,29 day,Repeat,Gavage,Rat,6,Liver,Hypertrophy,Centrilobular,moderate
/mnt/e/spass/open-tggates-pathological-images/LATEST/images/N-nitrosomorpholine/Liver/65268.svs,65268.svs,1,abnormal,714,4,2,N-nitrosomorpholine,N-nitrosomorpholine,High,600,mg/kg,24 hr,Single,Gavage,Rat,6,Liver,"Change, acidophilic | Single cell necrosis",Centrilobular | Hepatocyte,moderate
/mnt/e/spass/open-tggates-pathological-images/LATEST/images/benziodarone/Liver/44915.svs,44915.svs,1,abnormal,553,3,3,benziodarone,benziodarone,Control,0,mg/kg,15 day,Repeat,Gavage,Rat,6,Liver,Microgranuloma,,minimal
/mnt/e/spass/open-tggates-pathological-images/LATEST/images/cyclophosphamide/Liver/31569.svs,31569.svs,1,abnormal,172,9,4,cyclophosphamide,cyclophosphamide,Middle,5,mg/kg,4 day,Repeat,Gavage,Rat,6,Liver,Microgranuloma,,slight
/mnt/e/spass/open-tggates-pathological-images/LATEST/images/ethionamide/Liver/46313.svs,46313.svs,1,abnormal,585,3,5,ethionamide,ethionamide,Control,0,mg/kg,15 day,Repeat,Gavage,Rat,6,Liver,Microgranuloma,,minimal
/mnt/e/spass/open-tggates-pathological-images/LATEST/images/gefitinib/Liver/67105.svs,67105.svs,1,abnormal,745,12,4,gefitinib,gefitinib,Middle,600,mg/kg,24 hr,Single,Gavage,Rat,6,Liver,"Lesion,NOS",Hepatocyte,slight
/mnt/e/spass/open-tggates-pathological-images/LATEST/images/vitamin_A/Liver/15666.svs,15666.svs,1,abnormal,282,13,5,vitamin A,vitamin_A,High,100,mg/kg,4 day,Repeat,Gavage,Rat,6,Liver,"Hypertrophy | Vacuolization, cytoplasmic",Ito cell,slight
/mnt/e/spass/open-tggates-pathological-images/LATEST/images/cyclophosphamide/Liver/31626.svs,31626.svs,1,abnormal,172,11,2,cyclophosphamide,cyclophosphamide,Middle,5,mg/kg,15 day,Repeat,Gavage,Rat,6,Liver,Microgranuloma,,slight
/mnt/e/spass/open-tggates-pathological-images/LATEST/images/acetaminophen/Liver/28207.svs,28207.svs,1,abnormal,42,20,3,acetaminophen,acetaminophen,High,1000,mg/kg,29 day,Repeat,Gavage,Rat,6,Liver,Cellular infiltration | Ground glass appearance | Swelling,Centrilobular,minimal
/mnt/e/spass/open-tggates-pathological-images/LATEST/images/acetamidofluorene/Liver/52019.svs,52019.svs,1,abnormal,569,12,4,acetamidofluorene,acetamidofluorene,Middle,100,mg/kg,29 day,Repeat,Gavage,Rat,6,Liver,"Cellular foci | Proliferation, bile duct | Proliferation, oval cell | Swelling",Periportal | Centrilobular,slight | moderate | severe
/mnt/e/spass/open-tggates-pathological-images/LATEST/images/ethambutol/Liver/36304.svs,36304.svs,1,abnormal,391,10,2,ethambutol,ethambutol,Middle,300,mg/kg,8 day,Repeat,Gavage,Rat,6,Liver,Ground glass appearance | Hypertrophy | Single cell necrosis,Centrilobular | Hepatocyte,slight
/mnt/e/spass/open-tggates-pathological-images/LATEST/images/chlormadinone/Liver/70718.svs,70718.svs,1,abnormal,542,11,5,chlormadinone,chlormadinone,Middle,1000,mg/kg,9 hr,Single,Gavage,Rat,6,Liver,"Deposit, glycogen",Peripheral,moderate
/mnt/e/spass/open-tggates-pathological-images/LATEST/images/fenofibrate/Liver/20306.svs,20306.svs,1,abnormal,394,8,4,fenofibrate,fenofibrate,Low,10,mg/kg,24 hr,Single,Gavage,Rat,6,Liver,Increased mitosis,Hepatocyte,minimal
/mnt/e/spass/open-tggates-pathological-images/LATEST/images/methylene_dianiline/Liver/63477.svs,63477.svs,1,abnormal,685,9,3,methylene dianiline,methylene_dianiline,Middle,100,mg/kg,3 hr,Single,Gavage,Rat,6,Liver,Cellular infiltration | Dilatation | Edema | Hemorrhage | Necrosis,Glisson's sheath | Lymphatic | Bile duct cell,minimal | slight
/mnt/e/spass/open-tggates-pathological-images/LATEST/images/thioacetamide/Liver/46844.svs,46844.svs,1,abnormal,117,16,5,thioacetamide,thioacetamide,High,45,mg/kg,29 day,Repeat,Gavage,Rat,6,Liver,"Alteration, nuclear | Cellular foci | Degeneration, granular, eosinophilic | Fibrosis | Hypertrophy | Proliferation, bile duct | Proliferation, oval cell",Centrilobular,severe | slight | minimal | moderate
/mnt/e/spass/open-tggates-pathological-images/LATEST/images/theophylline/Liver/58179.svs,58179.svs,1,abnormal,428,14,3,theophylline,theophylline,High,200,mg/kg,8 day,Repeat,Gavage,Rat,6,Liver,Single cell necrosis,Centrilobular,slight
/mnt/e/spass/open-tggates-pathological-images/LATEST/images/promethazine/Liver/48901.svs,48901.svs,1,abnormal,494,12,5,promethazine,promethazine,Middle,60,mg/kg,29 day,Repeat,Gavage,Rat,6,Liver,Ground glass appearance | Hypertrophy,Centrilobular,slight
/mnt/e/spass/open-tggates-pathological-images/LATEST/images/ethanol/Liver/48082.svs,48082.svs,1,abnormal,589,16,4,ethanol,ethanol,High,4000,mg/kg,29 day,Repeat,Gavage,Rat,6,Liver,"Change, eosinophilic",Centrilobular,minimal
/mnt/e/spass/open-tggates-pathological-images/LATEST/images/WY-14643/Liver/8370.svs,8370.svs,1,abnormal,181,12,1,WY-14643,WY-14643,Middle,30,mg/kg,24 hr,Single,Gavage,Rat,6,Liver,"Degeneration, granular, eosinophilic | Increased mitosis | Necrosis",Hepatocyte,slight | minimal
/mnt/e/spass/open-tggates-pathological-images/LATEST/images/ranitidine/Liver/23471.svs,23471.svs,1,abnormal,382,9,3,ranitidine,ranitidine,Middle,300,mg/kg,4 day,Repeat,Gavage,Rat,6,Liver,Necrosis,,minimal
/mnt/e/spass/open-tggates-pathological-images/LATEST/images/diltiazem/Liver/22117.svs,22117.svs,1,abnormal,413,12,1,diltiazem,diltiazem,Middle,240,mg/kg,29 day,Repeat,Gavage,Rat,6,Liver,"Hypertrophy | Vacuolization, cytoplasmic",Centrilobular | Hepatocyte,minimal
/mnt/e/spass/open-tggates-pathological-images/LATEST/images/adapin/Liver/30821.svs,30821.svs,1,abnormal,238,15,1,adapin,adapin,High,100,mg/kg,15 day,Repeat,Gavage,Rat,6,Liver,"Change, eosinophilic",Centrilobular,slight
/mnt/e/spass/open-tggates-pathological-images/LATEST/images/thioacetamide/Liver/27663.svs,27663.svs,1,abnormal,116,14,3,thioacetamide,thioacetamide,High,45,mg/kg,6 hr,Single,Gavage,Rat,6,Liver,"Atypia, nuclear | Single cell necrosis",Hepatocyte,minimal
/mnt/e/spass/open-tggates-pathological-images/LATEST/images/acetaminophen/Liver/28174.svs,28174.svs,1,abnormal,42,18,4,acetaminophen,acetaminophen,High,1000,mg/kg,8 day,Repeat,Gavage,Rat,6,Liver,Cellular infiltration | Necrosis,Centrilobular,minimal
/mnt/e/spass/open-tggates-pathological-images/LATEST/images/colchicine/Liver/41486.svs,41486.svs,1,abnormal,501,14,1,colchicine,colchicine,High,15,mg/kg,6 hr,Single,Gavage,Rat,6,Liver,Increased mitosis | Single cell necrosis,Midlobular,minimal | moderate
/mnt/e/spass/open-tggates-pathological-images/LATEST/images/valproic_acid/Liver/3286.svs,3286.svs,1,abnormal,90,8,4,valproic acid,valproic_acid,Low,45,mg/kg,24 hr,Single,Gavage,Rat,6,Liver,Cellular infiltration,,minimal
/mnt/e/spass/open-tggates-pathological-images/LATEST/images/sulfasalazine/Liver/30803.svs,30803.svs,1,abnormal,211,15,1,sulfasalazine,sulfasalazine,High,1000,mg/kg,15 day,Repeat,Gavage,Rat,6,Liver,Swelling,Centrilobular,moderate
/mnt/e/spass/open-tggates-pathological-images/LATEST/images/tannic_acid/Liver/24250.svs,24250.svs,1,abnormal,419,8,1,tannic acid,tannic_acid,Low,100,mg/kg,29 day,Repeat,Gavage,Rat,6,Liver,Microgranuloma,,minimal
/mnt/e/spass/open-tggates-pathological-images/LATEST/images/gefitinib/Liver/66982.svs,66982.svs,1,abnormal,745,8,1,gefitinib,gefitinib,Low,200,mg/kg,24 hr,Single,Gavage,Rat,6,Liver,"Lesion,NOS",Hepatocyte,slight
/mnt/e/spass/open-tggates-pathological-images/LATEST/images/indomethacin/Liver/61836.svs,61836.svs,1,abnormal,631,7,4,indomethacin,indomethacin,Low,5,mg/kg,9 hr,Single,Gavage,Rat,6,Liver,Necrosis,,minimal
/mnt/e/spass/open-tggates-pathological-images/LATEST/images/dexamethasone/Liver/62914.svs,62914.svs,1,abnormal,664,3,1,dexamethasone,dexamethasone,Control,0,mg/kg,9 hr,Single,Gavage,Rat,6,Liver,"Hematopoiesis, extramedullary",,minimal
/mnt/e/spass/open-tggates-pathological-images/LATEST/images/allyl_alcohol/Liver/25703.svs,25703.svs,1,abnormal,103,15,3,allyl alcohol,allyl_alcohol,High,30,mg/kg,15 day,Repeat,Gavage,Rat,6,Liver,"Accumulation, foam cell | Cellular infiltration | Degeneration, acidophilic, eosinophilic | Deposit, pigment | Fibrosis | Necrosis | Proliferation, bile duct",Periportal,minimal | slight
/mnt/e/spass/open-tggates-pathological-images/LATEST/images/amiodarone/Liver/30288.svs,30288.svs,1,abnormal,209,1,1,amiodarone,amiodarone,Control,0,mg/kg,4 day,Repeat,Gavage,Rat,6,Liver,Cellular infiltration,,minimal
/mnt/e/spass/open-tggates-pathological-images/LATEST/images/diltiazem/Liver/22131.svs,22131.svs,1,abnormal,413,12,4,diltiazem,diltiazem,Middle,240,mg/kg,29 day,Repeat,Gavage,Rat,6,Liver,"Hypertrophy | Vacuolization, cytoplasmic",Centrilobular | Hepatocyte,slight | minimal
/mnt/e/spass/open-tggates-pathological-images/LATEST/images/methylene_dianiline/Liver/63687.svs,63687.svs,1,abnormal,686,13,2,methylene dianiline,methylene_dianiline,High,100,mg/kg,4 day,Repeat,Gavage,Rat,6,Liver,"Cellular infiltration | Change, eosinophilic | Edema | Hypertrophy | Increased mitosis | Necrosis | Proliferation, bile duct",Glisson's sheath | Hepatocyte | Bile duct cell | Periportal,slight | minimal
/mnt/e/spass/open-tggates-pathological-images/LATEST/images/ethanol/Liver/48042.svs,48042.svs,1,abnormal,589,8,4,ethanol,ethanol,Low,400,mg/kg,29 day,Repeat,Gavage,Rat,6,Liver,Microgranuloma,,minimal
/mnt/e/spass/open-tggates-pathological-images/LATEST/images/carbon_tetrachloride/Liver/26016.svs,26016.svs,1,abnormal,66,22,3,carbon tetrachloride,carbon_tetrachloride,High,300,mg/kg,6 hr,Single,Gavage,Rat,6,Liver,"Degeneration, hydropic",Centrilobular,slight
/mnt/e/spass/open-tggates-pathological-images/LATEST/images/imipramine/Liver/33939.svs,33939.svs,1,abnormal,366,13,4,imipramine,imipramine,High,100,mg/kg,4 day,Repeat,Gavage,Rat,6,Liver,Hypertrophy,Hepatocyte,minimal
/mnt/e/spass/open-tggates-pathological-images/LATEST/images/puromycin_aminonucleoside/Liver/55335.svs,55335.svs,1,abnormal,606,16,2,puromycin aminonucleoside,puromycin_aminonucleoside,High,120,mg/kg,24 hr,Single,intravenous injection,Rat,6,Liver,"Change, basophilic",Hepatocyte,slight
/mnt/e/spass/open-tggates-pathological-images/LATEST/images/mefenamic_acid/Liver/20422.svs,20422.svs,1,abnormal,378,15,5,mefenamic acid,mefenamic_acid,High,300,mg/kg,15 day,Repeat,Gavage,Rat,6,Liver,"Hematopoiesis, extramedullary",,minimal
/mnt/e/spass/open-tggates-pathological-images/LATEST/images/dantrolene/Liver/43899.svs,43899.svs,1,abnormal,520,16,4,dantrolene,dantrolene,High,250,mg/kg,29 day,Repeat,Gavage,Rat,6,Liver,Ground glass appearance | Hypertrophy | Microgranuloma,Centrilobular,minimal
/mnt/e/spass/open-tggates-pathological-images/LATEST/images/diltiazem/Liver/22210.svs,22210.svs,1,abnormal,413,16,3,diltiazem,diltiazem,High,800,mg/kg,29 day,Repeat,Gavage,Rat,6,Liver,"Hypertrophy | Vacuolization, cytoplasmic",Centrilobular | Hepatocyte,moderate | minimal
/mnt/e/spass/open-tggates-pathological-images/LATEST/images/acetamidofluorene/Liver/51530.svs,51530.svs,1,abnormal,568,12,4,acetamidofluorene,acetamidofluorene,Middle,300,mg/kg,24 hr,Single,Gavage,Rat,6,Liver,Swelling,Centrilobular,slight
/mnt/e/spass/open-tggates-pathological-images/LATEST/images/amiodarone/Liver/30462.svs,30462.svs,1,abnormal,209,15,4,amiodarone,amiodarone,High,200,mg/kg,15 day,Repeat,Gavage,Rat,6,Liver,"Vacuolization, cytoplasmic",Bile duct cell | Hepatocyte | Kupffer cell,slight | minimal
/mnt/e/spass/open-tggates-pathological-images/LATEST/images/nimesulide/Liver/47483.svs,47483.svs,1,abnormal,587,13,5,nimesulide,nimesulide,High,100,mg/kg,4 day,Repeat,Gavage,Rat,6,Liver,Hypertrophy,Centrilobular,slight
/mnt/e/spass/open-tggates-pathological-images/LATEST/images/benzbromarone/Liver/5843.svs,5843.svs,1,abnormal,155,7,3,benzbromarone,benzbromarone,Low,20,mg/kg,15 day,Repeat,Gavage,Rat,6,Liver,Hypertrophy,Centrilobular,minimal
/mnt/e/spass/open-tggates-pathological-images/LATEST/images/lornoxicam/Liver/45380.svs,45380.svs,1,abnormal,538,9,5,lornoxicam,lornoxicam,Middle,1,mg/kg,4 day,Repeat,Gavage,Rat,6,Liver,Necrosis,,slight
/mnt/e/spass/open-tggates-pathological-images/LATEST/images/ibuprofen/Liver/19855.svs,19855.svs,1,abnormal,346,14,2,ibuprofen,ibuprofen,High,200,mg/kg,8 day,Repeat,Gavage,Rat,6,Liver,"Hematopoiesis, extramedullary",Sinusoid,slight
/mnt/e/spass/open-tggates-pathological-images/LATEST/images/glibenclamide/Liver/10220.svs,10220.svs,1,abnormal,234,10,3,glibenclamide,glibenclamide,Middle,300,mg/kg,6 hr,Single,Gavage,Rat,6,Liver,Microgranuloma,,minimal
/mnt/e/spass/open-tggates-pathological-images/LATEST/images/etoposide/Liver/45507.svs,45507.svs,1,abnormal,555,1,2,etoposide,etoposide,Control,0,mg/kg,4 day,Repeat,Gavage,Rat,6,Liver,Necrosis,,minimal
/mnt/e/spass/open-tggates-pathological-images/LATEST/images/dexamethasone/Liver/63001.svs,63001.svs,1,abnormal,664,11,4,dexamethasone,dexamethasone,Middle,5,mg/kg,9 hr,Single,Gavage,Rat,6,Liver,"Vacuolization, cytoplasmic",Periportal,minimal
/mnt/e/spass/open-tggates-pathological-images/LATEST/images/bendazac/Liver/44171.svs,44171.svs,1,abnormal,550,13,3,bendazac,bendazac,High,1000,mg/kg,3 hr,Single,Gavage,Rat,6,Liver,Increased mitosis,Hepatocyte,minimal
/mnt/e/spass/open-tggates-pathological-images/LATEST/images/diazepam/Liver/6529.svs,6529.svs,1,abnormal,159,12,2,diazepam,diazepam,Middle,75,mg/kg,29 day,Repeat,Gavage,Rat,6,Liver,Hypertrophy,Centrilobular,minimal
/mnt/e/spass/open-tggates-pathological-images/LATEST/images/metformin/Liver/33077.svs,33077.svs,1,abnormal,266,15,5,metformin,metformin,High,1000,mg/kg,15 day,Repeat,Gavage,Rat,6,Liver,"Deposit, glycogen",Periportal,minimal
/mnt/e/spass/open-tggates-pathological-images/LATEST/images/nitrosodiethylamine/Liver/52728.svs,52728.svs,1,abnormal,571,10,1,nitrosodiethylamine,nitrosodiethylamine,Middle,10,mg/kg,8 day,Repeat,Gavage,Rat,6,Liver,"Change, acidophilic | Necrosis",Centrilobular,slight | minimal
/mnt/e/spass/open-tggates-pathological-images/LATEST/images/thioacetamide/Liver/27632.svs,27632.svs,1,abnormal,116,11,3,thioacetamide,thioacetamide,Middle,15,mg/kg,9 hr,Single,Gavage,Rat,6,Liver,Cellular infiltration | Single cell necrosis,Hepatocyte,minimal
/mnt/e/spass/open-tggates-pathological-images/LATEST/images/methapyrilene/Liver/46885.svs,46885.svs,1,abnormal,174,12,2,methapyrilene,methapyrilene,Middle,30,mg/kg,29 day,Repeat,Gavage,Rat,6,Liver,Hypertrophy | Increased mitosis | Single cell necrosis,Hepatocyte,slight
/mnt/e/spass/open-tggates-pathological-images/LATEST/images/dantrolene/Liver/43817.svs,43817.svs,1,abnormal,520,8,5,dantrolene,dantrolene,Low,25,mg/kg,29 day,Repeat,Gavage,Rat,6,Liver,Ground glass appearance | Hypertrophy,Centrilobular,minimal
/mnt/e/spass/open-tggates-pathological-images/LATEST/images/thioacetamide/Liver/46826.svs,46826.svs,1,abnormal,117,15,3,thioacetamide,thioacetamide,High,45,mg/kg,15 day,Repeat,Gavage,Rat,6,Liver,"Alteration, nuclear | Cellular foci | Degeneration, granular, eosinophilic | Hypertrophy | Proliferation, oval cell",Centrilobular,slight | minimal | moderate
/mnt/e/spass/open-tggates-pathological-images/LATEST/images/hexachlorobenzene/Liver/6365.svs,6365.svs,1,abnormal,157,10,1,hexachlorobenzene,hexachlorobenzene,Middle,100,mg/kg,8 day,Repeat,Gavage,Rat,6,Liver,Ground glass appearance,Centrilobular,minimal
/mnt/e/spass/open-tggates-pathological-images/LATEST/images/disulfiram/Liver/47884.svs,47884.svs,1,abnormal,492,14,2,disulfiram,disulfiram,High,600,mg/kg,8 day,Repeat,Gavage,Rat,6,Liver,Hypertrophy,Centrilobular,slight
/mnt/e/spass/open-tggates-pathological-images/LATEST/images/benzbromarone/Liver/6877.svs,6877.svs,1,abnormal,154,16,4,benzbromarone,benzbromarone,High,200,mg/kg,24 hr,Single,Gavage,Rat,6,Liver,Hypertrophy,Centrilobular,minimal
/mnt/e/spass/open-tggates-pathological-images/LATEST/images/ethambutol/Liver/36381.svs,36381.svs,1,abnormal,391,12,4,ethambutol,ethambutol,Middle,300,mg/kg,29 day,Repeat,Gavage,Rat,6,Liver,Ground glass appearance,Centrilobular,moderate
/mnt/e/spass/open-tggates-pathological-images/LATEST/images/diltiazem/Liver/22162.svs,22162.svs,1,abnormal,413,14,2,diltiazem,diltiazem,High,800,mg/kg,8 day,Repeat,Gavage,Rat,6,Liver,Hypertrophy,Centrilobular,minimal
/mnt/e/spass/open-tggates-pathological-images/LATEST/images/nimesulide/Liver/47083.svs,47083.svs,1,abnormal,586,5,2,nimesulide,nimesulide,Low,30,mg/kg,3 hr,Single,Gavage,Rat,6,Liver,Microgranuloma,,minimal
/mnt/e/spass/open-tggates-pathological-images/LATEST/images/puromycin_aminonucleoside/Liver/55670.svs,55670.svs,1,abnormal,607,12,2,puromycin aminonucleoside,puromycin_aminonucleoside,Middle,12,mg/kg,29 day,Repeat,intravenous injection,Rat,6,Liver,"Change, basophilic",Hepatocyte,slight
/mnt/e/spass/open-tggates-pathological-images/LATEST/images/lomustine/Liver/32332.svs,32332.svs,1,abnormal,311,11,5,lomustine,lomustine,Middle,2,mg/kg,15 day,Repeat,Gavage,Rat,6,Liver,"Cellular infiltration, mononuclear cell",Periportal,minimal
/mnt/e/spass/open-tggates-pathological-images/LATEST/images/benzbromarone/Liver/6105.svs,6105.svs,1,abnormal,155,16,2,benzbromarone,benzbromarone,High,200,mg/kg,29 day,Repeat,Gavage,Rat,6,Liver,Ground glass appearance | Hypertrophy,Centrilobular,slight | moderate
/mnt/e/spass/open-tggates-pathological-images/LATEST/images/acarbose/Liver/41777.svs,41777.svs,1,abnormal,511,11,3,acarbose,acarbose,Middle,300,mg/kg,15 day,Repeat,Gavage,Rat,6,Liver,Microgranuloma,,minimal
/mnt/e/spass/open-tggates-pathological-images/LATEST/images/colchicine/Liver/41698.svs,41698.svs,1,abnormal,502,2,1,colchicine,colchicine,Control,0,mg/kg,8 day,Repeat,Gavage,Rat,6,Liver,Necrosis,,slight
/mnt/e/spass/open-tggates-pathological-images/LATEST/images/benzbromarone/Liver/6039.svs,6039.svs,1,abnormal,155,11,4,benzbromarone,benzbromarone,Middle,60,mg/kg,15 day,Repeat,Gavage,Rat,6,Liver,Ground glass appearance | Hypertrophy,Centrilobular,minimal | slight
/mnt/e/spass/open-tggates-pathological-images/LATEST/images/ethionine/Liver/27777.svs,27777.svs,1,abnormal,126,6,5,ethionine,ethionine,Low,25,mg/kg,8 day,Repeat,Gavage,Rat,6,Liver,Cellular infiltration,,minimal
/mnt/e/spass/open-tggates-pathological-images/LATEST/images/promethazine/Liver/48867.svs,48867.svs,1,abnormal,494,11,3,promethazine,promethazine,Middle,60,mg/kg,15 day,Repeat,Gavage,Rat,6,Liver,Ground glass appearance | Hypertrophy,Centrilobular,slight
/mnt/e/spass/open-tggates-pathological-images/LATEST/images/griseofulvin/Liver/31815.svs,31815.svs,1,abnormal,290,9,1,griseofulvin,griseofulvin,Middle,300,mg/kg,4 day,Repeat,Gavage,Rat,6,Liver,Necrosis,,slight
/mnt/e/spass/open-tggates-pathological-images/LATEST/images/nimesulide/Liver/47207.svs,47207.svs,1,abnormal,586,13,5,nimesulide,nimesulide,High,300,mg/kg,3 hr,Single,Gavage,Rat,6,Liver,Increased mitosis,Hepatocyte,minimal
/mnt/e/spass/open-tggates-pathological-images/LATEST/images/ajmaline/Liver/43244.svs,43244.svs,1,abnormal,518,15,4,ajmaline,ajmaline,High,300,mg/kg,15 day,Repeat,Gavage,Rat,6,Liver,Necrosis,Subserosa,minimal
/mnt/e/spass/open-tggates-pathological-images/LATEST/images/rosiglitazone_maleate/Liver/62885.svs,62885.svs,1,abnormal,666,16,2,rosiglitazone maleate,rosiglitazone_maleate,High,100,mg/kg,29 day,Repeat,Gavage,Rat,6,Liver,"Change, eosinophilic",Hepatocyte,minimal
/mnt/e/spass/open-tggates-pathological-images/LATEST/images/griseofulvin/Liver/11085.svs,11085.svs,1,abnormal,289,16,3,griseofulvin,griseofulvin,High,1000,mg/kg,24 hr,Single,Gavage,Rat,6,Liver,Increased mitosis,,minimal
/mnt/e/spass/open-tggates-pathological-images/LATEST/images/hexachlorobenzene/Liver/6391.svs,6391.svs,1,abnormal,157,13,3,hexachlorobenzene,hexachlorobenzene,High,300,mg/kg,4 day,Repeat,Gavage,Rat,6,Liver,Increased mitosis,Hepatocyte,minimal
/mnt/e/spass/open-tggates-pathological-images/LATEST/images/aflatoxin_B1/Liver/65430.svs,65430.svs,1,abnormal,717,4,4,aflatoxin B1,aflatoxin_B1,High,10,mg/kg,24 hr,Single,Gavage,Rat,6,Liver,"Atrophy | Cellular infiltration, mononuclear cell | Change, eosinophilic | Single cell necrosis",Hepatocyte | Periportal,slight | severe
/mnt/e/spass/open-tggates-pathological-images/LATEST/images/N-nitrosomorpholine/Liver/65261.svs,65261.svs,1,abnormal,714,3,5,N-nitrosomorpholine,N-nitrosomorpholine,Middle,300,mg/kg,24 hr,Single,Gavage,Rat,6,Liver,"Change, acidophilic | Single cell necrosis",Centrilobular | Hepatocyte,slight | moderate
/mnt/e/spass/open-tggates-pathological-images/LATEST/images/diazepam/Liver/6530.svs,6530.svs,1,abnormal,159,12,3,diazepam,diazepam,Middle,75,mg/kg,29 day,Repeat,Gavage,Rat,6,Liver,Hypertrophy,Centrilobular,minimal
/mnt/e/spass/open-tggates-pathological-images/LATEST/images/fenofibrate/Liver/35073.svs,35073.svs,1,abnormal,434,12,5,fenofibrate,fenofibrate,Middle,100,mg/kg,29 day,Repeat,Gavage,Rat,6,Liver,"Degeneration, granular, eosinophilic",Hepatocyte,slight
/mnt/e/spass/open-tggates-pathological-images/LATEST/images/acarbose/Liver/41775.svs,41775.svs,1,abnormal,511,11,2,acarbose,acarbose,Middle,300,mg/kg,15 day,Repeat,Gavage,Rat,6,Liver,Microgranuloma,,minimal
/mnt/e/spass/open-tggates-pathological-images/LATEST/images/omeprazole/Liver/4553.svs,4553.svs,1,abnormal,123,9,2,omeprazole,omeprazole,Middle,300,mg/kg,3 hr,Single,Gavage,Rat,6,Liver,Necrosis,,minimal
/mnt/e/spass/open-tggates-pathological-images/LATEST/images/enalapril/Liver/35579.svs,35579.svs,1,abnormal,423,8,1,enalapril,enalapril,Low,60,mg/kg,29 day,Repeat,Gavage,Rat,6,Liver,Microgranuloma,,minimal
/mnt/e/spass/open-tggates-pathological-images/LATEST/images/bendazac/Liver/44491.svs,44491.svs,1,abnormal,551,16,5,bendazac,bendazac,High,300,mg/kg,29 day,Repeat,Gavage,Rat,6,Liver,Hypertrophy | Microgranuloma,Centrilobular,moderate | minimal
/mnt/e/spass/open-tggates-pathological-images/LATEST/images/acetamidofluorene/Liver/51532.svs,51532.svs,1,abnormal,568,16,1,acetamidofluorene,acetamidofluorene,High,1000,mg/kg,24 hr,Single,Gavage,Rat,6,Liver,Swelling,Centrilobular,moderate
/mnt/e/spass/open-tggates-pathological-images/LATEST/images/naphthyl_isothiocyanate/Liver/25332.svs,25332.svs,1,abnormal,101,14,5,naphthyl isothiocyanate,naphthyl_isothiocyanate,High,15,mg/kg,8 day,Repeat,Gavage,Rat,6,Liver,"Cellular infiltration | Change, acidophilic | Proliferation, bile duct",Periportal | Hepatocyte,minimal
/mnt/e/spass/open-tggates-pathological-images/LATEST/images/ethanol/Liver/48076.svs,48076.svs,1,abnormal,589,15,3,ethanol,ethanol,High,4000,mg/kg,15 day,Repeat,Gavage,Rat,6,Liver,Single cell necrosis,,minimal
/mnt/e/spass/open-tggates-pathological-images/LATEST/images/benziodarone/Liver/44808.svs,44808.svs,1,abnormal,552,6,5,benziodarone,benziodarone,Low,30,mg/kg,6 hr,Single,Gavage,Rat,6,Liver,Microgranuloma,,minimal
/mnt/e/spass/open-tggates-pathological-images/LATEST/images/chlormadinone/Liver/49332.svs,49332.svs,1,abnormal,542,10,1,chlormadinone,chlormadinone,Middle,1000,mg/kg,6 hr,Single,Gavage,Rat,6,Liver,"Deposit, glycogen",Peripheral,moderate
/mnt/e/spass/open-tggates-pathological-images/LATEST/images/phenobarbital/Liver/25678.svs,25678.svs,1,abnormal,93,16,2,phenobarbital,phenobarbital,High,100,mg/kg,29 day,Repeat,Gavage,Rat,6,Liver,Ground glass appearance | Hypertrophy,Centrilobular,moderate
/mnt/e/spass/open-tggates-pathological-images/LATEST/images/bortezomib/Liver/66279.svs,66279.svs,1,abnormal,740,11,5,bortezomib,bortezomib,Middle,0,mg/kg,9 hr,Single,intravenous injection,Rat,6,Liver,"Change, eosinophilic",Peripheral,slight
/mnt/e/spass/open-tggates-pathological-images/LATEST/images/imipramine/Liver/33933.svs,33933.svs,1,abnormal,366,12,5,imipramine,imipramine,Middle,30,mg/kg,29 day,Repeat,Gavage,Rat,6,Liver,"Hypertrophy | Vacuolization, cytoplasmic",Hepatocyte,minimal
/mnt/e/spass/open-tggates-pathological-images/LATEST/images/adapin/Liver/30830.svs,30830.svs,1,abnormal,238,16,1,adapin,adapin,High,100,mg/kg,29 day,Repeat,Gavage,Rat,6,Liver,"Change, eosinophilic",Centrilobular,slight
/mnt/e/spass/open-tggates-pathological-images/LATEST/images/thioacetamide/Liver/27672.svs,27672.svs,1,abnormal,116,15,2,thioacetamide,thioacetamide,High,45,mg/kg,9 hr,Single,Gavage,Rat,6,Liver,"Cellular infiltration | Change, eosinophilic | Single cell necrosis",Hepatocyte,minimal | slight
/mnt/e/spass/open-tggates-pathological-images/LATEST/images/acetamidofluorene/Liver/51876.svs,51876.svs,1,abnormal,569,14,5,acetamidofluorene,acetamidofluorene,High,300,mg/kg,8 day,Repeat,Gavage,Rat,6,Liver,"Cellular infiltration | Proliferation, bile duct | Proliferation, oval cell | Swelling",Periportal | Centrilobular,slight | minimal
/mnt/e/spass/open-tggates-pathological-images/LATEST/images/hydroxyzine/Liver/19714.svs,19714.svs,1,abnormal,370,11,2,hydroxyzine,hydroxyzine,Middle,30,mg/kg,15 day,Repeat,Gavage,Rat,6,Liver,Hypertrophy,Centrilobular,minimal
/mnt/e/spass/open-tggates-pathological-images/LATEST/images/chlormezanone/Liver/13116.svs,13116.svs,1,abnormal,303,14,2,chlormezanone,chlormezanone,High,500,mg/kg,8 day,Repeat,Gavage,Rat,6,Liver,Hypertrophy,Centrilobular,minimal
/mnt/e/spass/open-tggates-pathological-images/LATEST/images/tunicamycin/Liver/59212.svs,59212.svs,1,abnormal,455,16,2,tunicamycin,tunicamycin,High,300,꺤g/kg,24 hr,Single,intraperitoneal injection,Rat,6,Liver,Single cell necrosis,Hepatocyte,slight
/mnt/e/spass/open-tggates-pathological-images/LATEST/images/WY-14643/Liver/29548.svs,29548.svs,1,abnormal,182,5,5,WY-14643,WY-14643,Low,10,mg/kg,4 day,Repeat,Gavage,Rat,6,Liver,"Degeneration, granular, eosinophilic | Increased mitosis",Hepatocyte,moderate | slight
/mnt/e/spass/open-tggates-pathological-images/LATEST/images/cycloheximide/Liver/58750.svs,58750.svs,1,abnormal,454,7,5,cycloheximide,cycloheximide,Low,1,mg/kg,9 hr,Single,intravenous injection,Rat,6,Liver,"Change, eosinophilic",Hepatocyte,slight
/mnt/e/spass/open-tggates-pathological-images/LATEST/images/lornoxicam/Liver/45113.svs,45113.svs,1,abnormal,537,3,2,lornoxicam,lornoxicam,Control,0,mg/kg,9 hr,Single,Gavage,Rat,6,Liver,Cellular infiltration,,minimal
/mnt/e/spass/open-tggates-pathological-images/LATEST/images/phenytoin/Liver/31639.svs,31639.svs,1,abnormal,176,11,2,phenytoin,phenytoin,Middle,200,mg/kg,15 day,Repeat,Gavage,Rat,6,Liver,Hypertrophy,Hepatocyte,slight
/mnt/e/spass/open-tggates-pathological-images/LATEST/images/colchicine/Liver/41461.svs,41461.svs,1,abnormal,501,11,5,colchicine,colchicine,Middle,5,mg/kg,9 hr,Single,Gavage,Rat,6,Liver,Single cell necrosis,Midlobular,minimal
/mnt/e/spass/open-tggates-pathological-images/LATEST/images/enalapril/Liver/35685.svs,35685.svs,1,abnormal,423,14,5,enalapril,enalapril,High,600,mg/kg,8 day,Repeat,Gavage,Rat,6,Liver,Microgranuloma,,minimal
/mnt/e/spass/open-tggates-pathological-images/LATEST/images/phalloidin/Liver/59200.svs,59200.svs,1,abnormal,480,7,4,phalloidin,phalloidin,High,1,mg/kg,9 hr,Single,intraperitoneal injection,Rat,6,Liver,"Inclusion body, intracytoplasmic",Subserosa,slight
/mnt/e/spass/open-tggates-pathological-images/LATEST/images/carbon_tetrachloride/Liver/26474.svs,26474.svs,1,abnormal,67,13,5,carbon tetrachloride,carbon_tetrachloride,Middle,100,mg/kg,4 day,Repeat,Gavage,Rat,6,Liver,"Cellular infiltration | Degeneration, fatty | Degeneration, hydropic",Centrilobular,minimal | slight
/mnt/e/spass/open-tggates-pathological-images/LATEST/images/colchicine/Liver/41781.svs,41781.svs,1,abnormal,502,9,4,colchicine,colchicine,Middle,2,mg/kg,4 day,Repeat,Gavage,Rat,6,Liver,Increased mitosis,Bile duct cell | Midlobular,minimal
/mnt/e/spass/open-tggates-pathological-images/LATEST/images/WY-14643/Liver/29595.svs,29595.svs,1,abnormal,182,9,5,WY-14643,WY-14643,Middle,30,mg/kg,4 day,Repeat,Gavage,Rat,6,Liver,"Degeneration, granular, eosinophilic | Increased mitosis",Hepatocyte,moderate | slight
/mnt/e/spass/open-tggates-pathological-images/LATEST/images/imatinib%2C_methanesulfonate_salt/Liver/71049.svs,71049.svs,1,abnormal,742,16,3,"imatinib, methanesulfonate salt",imatinib%2C_methanesulfonate_salt,High,600,mg/kg,24 hr,Single,Gavage,Rat,6,Liver,"Lesion,NOS",Hepatocyte,slight
/mnt/e/spass/open-tggates-pathological-images/LATEST/images/colchicine/Liver/41347.svs,41347.svs,1,abnormal,501,1,4,colchicine,colchicine,Control,0,mg/kg,3 hr,Single,Gavage,Rat,6,Liver,Necrosis,Subserosa,minimal
/mnt/e/spass/open-tggates-pathological-images/LATEST/images/nimesulide/Liver/47484.svs,47484.svs,1,abnormal,587,14,1,nimesulide,nimesulide,High,100,mg/kg,8 day,Repeat,Gavage,Rat,6,Liver,Ground glass appearance | Hypertrophy,Centrilobular,minimal | slight
/mnt/e/spass/open-tggates-pathological-images/LATEST/images/buthionine_sulfoximine/Liver/60370.svs,60370.svs,1,abnormal,457,13,1,buthionine sulfoximine,buthionine_sulfoximine,High,1500,mg/kg,3 hr,Single,intraperitoneal injection,Rat,6,Liver,Necrosis,Subserosa,minimal
/mnt/e/spass/open-tggates-pathological-images/LATEST/images/benzbromarone/Liver/6045.svs,6045.svs,1,abnormal,155,12,1,benzbromarone,benzbromarone,Middle,60,mg/kg,29 day,Repeat,Gavage,Rat,6,Liver,Hypertrophy,Centrilobular,minimal
/mnt/e/spass/open-tggates-pathological-images/LATEST/images/metformin/Liver/33017.svs,33017.svs,1,abnormal,266,9,5,metformin,metformin,Middle,300,mg/kg,4 day,Repeat,Gavage,Rat,6,Liver,"Deposit, glycogen",Periportal,minimal
/mnt/e/spass/open-tggates-pathological-images/LATEST/images/cimetidine/Liver/31137.svs,31137.svs,1,abnormal,214,7,5,cimetidine,cimetidine,Low,100,mg/kg,15 day,Repeat,Gavage,Rat,6,Liver,Microgranuloma,,minimal
/mnt/e/spass/open-tggates-pathological-images/LATEST/images/coumarin/Liver/29047.svs,29047.svs,1,abnormal,197,15,2,coumarin,coumarin,High,150,mg/kg,15 day,Repeat,Gavage,Rat,6,Liver,"Hypertrophy | Inclusion body, intracytoplasmic | Single cell necrosis",Centrilobular | Hepatocyte,minimal
/mnt/e/spass/open-tggates-pathological-images/LATEST/images/griseofulvin/Liver/11055.svs,11055.svs,1,abnormal,289,12,2,griseofulvin,griseofulvin,Middle,300,mg/kg,24 hr,Single,Gavage,Rat,6,Liver,Increased mitosis,,minimal
/mnt/e/spass/open-tggates-pathological-images/LATEST/images/ticlopidine/Liver/53388.svs,53388.svs,1,abnormal,573,13,3,ticlopidine,ticlopidine,High,300,mg/kg,4 day,Repeat,Gavage,Rat,6,Liver,Hypertrophy,Centrilobular,slight
/mnt/e/spass/open-tggates-pathological-images/LATEST/images/bendazac/Liver/44470.svs,44470.svs,1,abnormal,551,14,5,bendazac,bendazac,High,300,mg/kg,8 day,Repeat,Gavage,Rat,6,Liver,Hypertrophy,Centrilobular,slight
/mnt/e/spass/open-tggates-pathological-images/LATEST/images/amitriptyline/Liver/34278.svs,34278.svs,1,abnormal,368,15,2,amitriptyline,amitriptyline,High,150,mg/kg,15 day,Repeat,Gavage,Rat,6,Liver,"Hypertrophy | Vacuolization, cytoplasmic",Hepatocyte,slight
/mnt/e/spass/open-tggates-pathological-images/LATEST/images/nitrosodiethylamine/Liver/52373.svs,52373.svs,1,abnormal,570,14,1,nitrosodiethylamine,nitrosodiethylamine,High,100,mg/kg,6 hr,Single,Gavage,Rat,6,Liver,Swelling,Centrilobular,moderate
/mnt/e/spass/open-tggates-pathological-images/LATEST/images/acarbose/Liver/41732.svs,41732.svs,1,abnormal,511,6,5,acarbose,acarbose,Low,100,mg/kg,8 day,Repeat,Gavage,Rat,6,Liver,Microgranuloma,,minimal
/mnt/e/spass/open-tggates-pathological-images/LATEST/images/coumarin/Liver/7722.svs,7722.svs,1,abnormal,196,14,2,coumarin,coumarin,High,150,mg/kg,6 hr,Single,Gavage,Rat,6,Liver,Increased mitosis,Hepatocyte,minimal
/mnt/e/spass/open-tggates-pathological-images/LATEST/images/benziodarone/Liver/45064.svs,45064.svs,1,abnormal,553,16,1,benziodarone,benziodarone,High,300,mg/kg,29 day,Repeat,Gavage,Rat,6,Liver,Hypertrophy | Necrosis,Centrilobular | Subserosa,slight | minimal
/mnt/e/spass/open-tggates-pathological-images/LATEST/images/vitamin_A/Liver/15593.svs,15593.svs,1,abnormal,282,11,4,vitamin A,vitamin_A,Middle,30,mg/kg,15 day,Repeat,Gavage,Rat,6,Liver,"Hypertrophy | Vacuolization, cytoplasmic",Ito cell,slight
/mnt/e/spass/open-tggates-pathological-images/LATEST/images/puromycin_aminonucleoside/Liver/55173.svs,55173.svs,1,abnormal,606,11,1,puromycin aminonucleoside,puromycin_aminonucleoside,Middle,40,mg/kg,9 hr,Single,intravenous injection,Rat,6,Liver,"Proliferation, Kupffer cell",Centrilobular,slight
/mnt/e/spass/open-tggates-pathological-images/LATEST/images/nicotinic_acid/Liver/58020.svs,58020.svs,1,abnormal,386,14,4,nicotinic acid,nicotinic_acid,High,1000,mg/kg,6 hr,Single,Gavage,Rat,6,Liver,"Change, eosinophilic",Peripheral,slight
/mnt/e/spass/open-tggates-pathological-images/LATEST/images/chloramphenicol/Liver/15827.svs,15827.svs,1,abnormal,324,16,2,chloramphenicol,chloramphenicol,High,1000,mg/kg,29 day,Repeat,Gavage,Rat,6,Liver,Hypertrophy,Hepatocyte,slight
/mnt/e/spass/open-tggates-pathological-images/LATEST/images/ethambutol/Liver/36433.svs,36433.svs,1,abnormal,391,14,2,ethambutol,ethambutol,High,1000,mg/kg,8 day,Repeat,Gavage,Rat,6,Liver,"Alteration, nuclear | Change, eosinophilic | Inclusion body, intracytoplasmic | Proliferation, Kupffer cell | Single cell necrosis",Hepatocyte | Centrilobular | Sinusoid,moderate | slight
/mnt/e/spass/open-tggates-pathological-images/LATEST/images/amiodarone/Liver/30410.svs,30410.svs,1,abnormal,209,14,4,amiodarone,amiodarone,High,200,mg/kg,8 day,Repeat,Gavage,Rat,6,Liver,"Vacuolization, cytoplasmic",Bile duct cell,minimal
/mnt/e/spass/open-tggates-pathological-images/LATEST/images/ethionamide/Liver/46363.svs,46363.svs,1,abnormal,585,9,5,ethionamide,ethionamide,Middle,100,mg/kg,4 day,Repeat,Gavage,Rat,6,Liver,"Increased mitosis | Vacuolization, cytoplasmic",Hepatocyte | Centrilobular,slight
/mnt/e/spass/open-tggates-pathological-images/LATEST/images/methyldopa/Liver/14448.svs,14448.svs,1,abnormal,307,5,1,methyldopa,methyldopa,Low,60,mg/kg,4 day,Repeat,Gavage,Rat,6,Liver,Necrosis,Hepatocyte,minimal
/mnt/e/spass/open-tggates-pathological-images/LATEST/images/acetamide/Liver/65666.svs,65666.svs,1,abnormal,713,12,1,acetamide,acetamide,Middle,1000,mg/kg,29 day,Repeat,Gavage,Rat,6,Liver,"Anisonucleosis | Change, acidophilic | Pyknosis",Hepatocyte,slight
/mnt/e/spass/open-tggates-pathological-images/LATEST/images/metformin/Liver/13354.svs,13354.svs,1,abnormal,265,6,2,metformin,metformin,Low,100,mg/kg,6 hr,Single,Gavage,Rat,6,Liver,Necrosis,Hepatocyte,minimal
/mnt/e/spass/open-tggates-pathological-images/LATEST/images/simvastatin/Liver/42034.svs,42034.svs,1,abnormal,515,1,5,simvastatin,simvastatin,Control,0,mg/kg,3 hr,Single,Gavage,Rat,6,Liver,Necrosis,Subserosa,minimal
/mnt/e/spass/open-tggates-pathological-images/LATEST/images/cyclophosphamide/Liver/31469.svs,31469.svs,1,abnormal,172,6,5,cyclophosphamide,cyclophosphamide,Low,2,mg/kg,8 day,Repeat,Gavage,Rat,6,Liver,Microgranuloma,,slight
/mnt/e/spass/open-tggates-pathological-images/LATEST/images/chloramphenicol/Liver/15534.svs,15534.svs,1,abnormal,323,14,2,chloramphenicol,chloramphenicol,High,1000,mg/kg,6 hr,Single,Gavage,Rat,6,Liver,Necrosis,Hepatocyte,minimal
/mnt/e/spass/open-tggates-pathological-images/LATEST/images/carbamazepine/Liver/5382.svs,5382.svs,1,abnormal,146,6,4,carbamazepine,carbamazepine,Low,30,mg/kg,6 hr,Single,Gavage,Rat,6,Liver,Necrosis,,minimal
/mnt/e/spass/open-tggates-pathological-images/LATEST/images/ethionamide/Liver/46316.svs,46316.svs,1,abnormal,585,4,2,ethionamide,ethionamide,Control,0,mg/kg,29 day,Repeat,Gavage,Rat,6,Liver,Microgranuloma,,minimal
/mnt/e/spass/open-tggates-pathological-images/LATEST/images/amiodarone/Liver/30363.svs,30363.svs,1,abnormal,209,13,5,amiodarone,amiodarone,High,200,mg/kg,4 day,Repeat,Gavage,Rat,6,Liver,Cellular infiltration,,minimal
/mnt/e/spass/open-tggates-pathological-images/LATEST/images/pemoline/Liver/13431.svs,13431.svs,1,abnormal,262,14,2,pemoline,pemoline,High,75,mg/kg,8 day,Repeat,Gavage,Rat,6,Liver,,,P
/mnt/e/spass/open-tggates-pathological-images/LATEST/images/ethionine/Liver/27742.svs,27742.svs,1,abnormal,126,13,3,ethionine,ethionine,High,250,mg/kg,4 day,Repeat,Gavage,Rat,6,Liver,"Alteration, cytoplasmic | Cellular infiltration | Change, eosinophilic",Centrilobular | Portal,moderate | minimal
/mnt/e/spass/open-tggates-pathological-images/LATEST/images/nitrosodiethylamine/Liver/52395.svs,52395.svs,1,abnormal,570,15,3,nitrosodiethylamine,nitrosodiethylamine,High,100,mg/kg,9 hr,Single,Gavage,Rat,6,Liver,Swelling,Centrilobular,moderate
/mnt/e/spass/open-tggates-pathological-images/LATEST/images/glibenclamide/Liver/10550.svs,10550.svs,1,abnormal,235,6,4,glibenclamide,glibenclamide,Low,100,mg/kg,8 day,Repeat,Gavage,Rat,6,Liver,Microgranuloma,,minimal
/mnt/e/spass/open-tggates-pathological-images/LATEST/images/amphotericin_B/Liver/64722.svs,64722.svs,1,abnormal,690,11,1,amphotericin B,amphotericin_B,Middle,2,mg/kg,9 hr,Single,intravenous injection,Rat,6,Liver,Necrosis,,minimal
/mnt/e/spass/open-tggates-pathological-images/LATEST/images/chlorpheniramine/Liver/36706.svs,36706.svs,1,abnormal,409,15,5,chlorpheniramine,chlorpheniramine,High,30,mg/kg,15 day,Repeat,Gavage,Rat,6,Liver,Hypertrophy,Centrilobular,minimal
/mnt/e/spass/open-tggates-pathological-images/LATEST/images/hexachlorobenzene/Liver/6394.svs,6394.svs,1,abnormal,157,13,5,hexachlorobenzene,hexachlorobenzene,High,300,mg/kg,4 day,Repeat,Gavage,Rat,6,Liver,Increased mitosis,Hepatocyte,minimal
/mnt/e/spass/open-tggates-pathological-images/LATEST/images/gefitinib/Liver/67131.svs,67131.svs,1,abnormal,745,14,1,gefitinib,gefitinib,High,2000,mg/kg,6 hr,Single,Gavage,Rat,6,Liver,Single cell necrosis,Hepatocyte,slight
/mnt/e/spass/open-tggates-pathological-images/LATEST/images/thioacetamide/Liver/46783.svs,46783.svs,1,abnormal,117,12,3,thioacetamide,thioacetamide,Middle,15,mg/kg,29 day,Repeat,Gavage,Rat,6,Liver,"Alteration, nuclear | Degeneration, granular, eosinophilic | Hypertrophy",Centrilobular,minimal | slight
/mnt/e/spass/open-tggates-pathological-images/LATEST/images/WY-14643/Liver/29662.svs,29662.svs,1,abnormal,182,16,2,WY-14643,WY-14643,High,100,mg/kg,29 day,Repeat,Gavage,Rat,6,Liver,"Degeneration, granular, eosinophilic | Hypertrophy","Hepatocyte | Bile duct, interlobular",severe | minimal
/mnt/e/spass/open-tggates-pathological-images/LATEST/images/amphotericin_B/Liver/65121.svs,65121.svs,1,abnormal,691,16,1,amphotericin B,amphotericin_B,High,1,mg/kg,29 day,Repeat,intravenous injection,Rat,6,Liver,Necrosis,,slight
/mnt/e/spass/open-tggates-pathological-images/LATEST/images/colchicine/Liver/41491.svs,41491.svs,1,abnormal,501,14,3,colchicine,colchicine,High,15,mg/kg,6 hr,Single,Gavage,Rat,6,Liver,Increased mitosis | Single cell necrosis,Midlobular,slight | moderate
/mnt/e/spass/open-tggates-pathological-images/LATEST/images/carbon_tetrachloride/Liver/26564.svs,26564.svs,1,abnormal,67,11,5,carbon tetrachloride,carbon_tetrachloride,Low,30,mg/kg,15 day,Repeat,Gavage,Rat,6,Liver,"Cellular infiltration | Degeneration, fatty",Centrilobular,minimal | slight
/mnt/e/spass/open-tggates-pathological-images/LATEST/images/WY-14643/Liver/8364.svs,8364.svs,1,abnormal,181,11,3,WY-14643,WY-14643,Middle,30,mg/kg,9 hr,Single,Gavage,Rat,6,Liver,"Degeneration, granular, eosinophilic",Hepatocyte,minimal
/mnt/e/spass/open-tggates-pathological-images/LATEST/images/benzbromarone/Liver/6077.svs,6077.svs,1,abnormal,155,14,2,benzbromarone,benzbromarone,High,200,mg/kg,8 day,Repeat,Gavage,Rat,6,Liver,Ground glass appearance | Hypertrophy,Centrilobular,minimal | moderate
/mnt/e/spass/open-tggates-pathological-images/LATEST/images/carbon_tetrachloride/Liver/26556.svs,26556.svs,1,abnormal,67,11,1,carbon tetrachloride,carbon_tetrachloride,Low,30,mg/kg,15 day,Repeat,Gavage,Rat,6,Liver,"Cellular infiltration | Degeneration, fatty | Degeneration, hydropic",Centrilobular,minimal | slight
/mnt/e/spass/open-tggates-pathological-images/LATEST/images/phenacetin/Liver/49064.svs,49064.svs,1,abnormal,594,14,2,phenacetin,phenacetin,High,1000,mg/kg,8 day,Repeat,Gavage,Rat,6,Liver,"Hematopoiesis, extramedullary | Hypertrophy",Centrilobular,minimal
/mnt/e/spass/open-tggates-pathological-images/LATEST/images/naproxen/Liver/34787.svs,34787.svs,1,abnormal,348,13,1,naproxen,naproxen,High,60,mg/kg,4 day,Repeat,Gavage,Rat,6,Liver,Hypertrophy | Inflammation,Kupffer cell | Serosa,slight
/mnt/e/spass/open-tggates-pathological-images/LATEST/images/nimesulide/Liver/47469.svs,47469.svs,1,abnormal,587,11,2,nimesulide,nimesulide,Middle,30,mg/kg,15 day,Repeat,Gavage,Rat,6,Liver,Hypertrophy,Centrilobular,minimal
/mnt/e/spass/open-tggates-pathological-images/LATEST/images/simvastatin/Liver/42067.svs,42067.svs,1,abnormal,515,4,5,simvastatin,simvastatin,Control,0,mg/kg,24 hr,Single,Gavage,Rat,6,Liver,"Vacuolization, cytoplasmic",Periportal,minimal
/mnt/e/spass/open-tggates-pathological-images/LATEST/images/bendazac/Liver/44136.svs,44136.svs,1,abnormal,550,9,2,bendazac,bendazac,Middle,300,mg/kg,3 hr,Single,Gavage,Rat,6,Liver,Increased mitosis,Hepatocyte,minimal
/mnt/e/spass/open-tggates-pathological-images/LATEST/images/clomipramine/Liver/42986.svs,42986.svs,1,abnormal,527,16,1,clomipramine,clomipramine,High,100,mg/kg,29 day,Repeat,Gavage,Rat,6,Liver,"Change, eosinophilic",Centrilobular,minimal
/mnt/e/spass/open-tggates-pathological-images/LATEST/images/WY-14643/Liver/29635.svs,29635.svs,1,abnormal,182,13,4,WY-14643,WY-14643,High,100,mg/kg,4 day,Repeat,Gavage,Rat,6,Liver,"Degeneration, granular, eosinophilic | Increased mitosis",Hepatocyte,moderate | slight
/mnt/e/spass/open-tggates-pathological-images/LATEST/images/omeprazole/Liver/4837.svs,4837.svs,1,abnormal,123,10,4,omeprazole,omeprazole,Middle,300,mg/kg,6 hr,Single,Gavage,Rat,6,Liver,"Change, eosinophilic",Periportal,slight
/mnt/e/spass/open-tggates-pathological-images/LATEST/images/phenacetin/Liver/49034.svs,49034.svs,1,abnormal,594,11,2,phenacetin,phenacetin,Middle,300,mg/kg,15 day,Repeat,Gavage,Rat,6,Liver,Hypertrophy,Centrilobular,minimal
/mnt/e/spass/open-tggates-pathological-images/LATEST/images/promethazine/Liver/48872.svs,48872.svs,1,abnormal,494,11,4,promethazine,promethazine,Middle,60,mg/kg,15 day,Repeat,Gavage,Rat,6,Liver,Ground glass appearance | Hypertrophy,Centrilobular,slight
/mnt/e/spass/open-tggates-pathological-images/LATEST/images/diethyl_maleate/Liver/60114.svs,60114.svs,1,abnormal,458,13,1,diethyl maleate,diethyl_maleate,High,800,mg/kg,3 hr,Single,intraperitoneal injection,Rat,6,Liver,Necrosis,Hepatocyte,minimal
/mnt/e/spass/open-tggates-pathological-images/LATEST/images/fenofibrate/Liver/35127.svs,35127.svs,1,abnormal,434,16,4,fenofibrate,fenofibrate,High,1000,mg/kg,29 day,Repeat,Gavage,Rat,6,Liver,"Degeneration, granular, eosinophilic",Hepatocyte,moderate
/mnt/e/spass/open-tggates-pathological-images/LATEST/images/phenytoin/Liver/31724.svs,31724.svs,1,abnormal,176,14,2,phenytoin,phenytoin,High,600,mg/kg,8 day,Repeat,Gavage,Rat,6,Liver,Hypertrophy,Hepatocyte,slight
/mnt/e/spass/open-tggates-pathological-images/LATEST/images/phalloidin/Liver/59272.svs,59272.svs,1,abnormal,481,3,2,phalloidin,phalloidin,High,1,mg/kg,4 day,Repeat,intraperitoneal injection,Rat,6,Liver,"Lesion,NOS | Proliferation, bile duct | Single cell necrosis",Centrilobular | Peripheral,slight
/mnt/e/spass/open-tggates-pathological-images/LATEST/images/acetamide/Liver/65682.svs,65682.svs,1,abnormal,713,12,5,acetamide,acetamide,Middle,1000,mg/kg,29 day,Repeat,Gavage,Rat,6,Liver,"Change, acidophilic | Pyknosis",Hepatocyte,slight
/mnt/e/spass/open-tggates-pathological-images/LATEST/images/cycloheximide/Liver/58819.svs,58819.svs,1,abnormal,454,10,2,cycloheximide,cycloheximide,Middle,3,mg/kg,6 hr,Single,intravenous injection,Rat,6,Liver,"Single cell necrosis | Vacuolization, cytoplasmic",Hepatocyte,slight
/mnt/e/spass/open-tggates-pathological-images/LATEST/images/sulpiride/Liver/41190.svs,41190.svs,1,abnormal,509,7,3,sulpiride,sulpiride,Low,100,mg/kg,15 day,Repeat,Gavage,Rat,6,Liver,,,P
/mnt/e/spass/open-tggates-pathological-images/LATEST/images/aspirin/Liver/61514.svs,61514.svs,1,abnormal,630,14,3,aspirin,aspirin,High,2000,mg/kg,6 hr,Single,Gavage,Rat,6,Liver,Swelling,Centrilobular,slight
/mnt/e/spass/open-tggates-pathological-images/LATEST/images/ethionamide/Liver/46340.svs,46340.svs,1,abnormal,585,7,1,ethionamide,ethionamide,Low,30,mg/kg,15 day,Repeat,Gavage,Rat,6,Liver,Microgranuloma | Necrosis,Subserosa,minimal
/mnt/e/spass/open-tggates-pathological-images/LATEST/images/diclofenac/Liver/29314.svs,29314.svs,1,abnormal,149,2,2,diclofenac,diclofenac,Control,0,mg/kg,8 day,Repeat,Gavage,Rat,6,Liver,Cellular infiltration | Necrosis,,minimal
/mnt/e/spass/open-tggates-pathological-images/LATEST/images/ibuprofen/Liver/19892.svs,19892.svs,1,abnormal,346,15,5,ibuprofen,ibuprofen,High,200,mg/kg,15 day,Repeat,Gavage,Rat,6,Liver,"Hematopoiesis, extramedullary",Sinusoid,slight
/mnt/e/spass/open-tggates-pathological-images/LATEST/images/phenobarbital/Liver/25666.svs,25666.svs,1,abnormal,93,15,1,phenobarbital,phenobarbital,High,100,mg/kg,15 day,Repeat,Gavage,Rat,6,Liver,Ground glass appearance | Hypertrophy,Centrilobular,slight | moderate
/mnt/e/spass/open-tggates-pathological-images/LATEST/images/ethionine/Liver/4759.svs,4759.svs,1,abnormal,125,11,1,ethionine,ethionine,Middle,80,mg/kg,9 hr,Single,Gavage,Rat,6,Liver,"Change, basophilic",,minimal
/mnt/e/spass/open-tggates-pathological-images/LATEST/images/phalloidin/Liver/59122.svs,59122.svs,1,abnormal,480,5,1,phalloidin,phalloidin,High,1,mg/kg,3 hr,Single,intraperitoneal injection,Rat,6,Liver,"Hemorrhage | Inclusion body, intracytoplasmic",Subserosa | Hepatocyte,moderate | slight
/mnt/e/spass/open-tggates-pathological-images/LATEST/images/ethionamide/Liver/46347.svs,46347.svs,1,abnormal,585,7,5,ethionamide,ethionamide,Low,30,mg/kg,15 day,Repeat,Gavage,Rat,6,Liver,Microgranuloma,,minimal
/mnt/e/spass/open-tggates-pathological-images/LATEST/images/chlormezanone/Liver/32708.svs,32708.svs,1,abnormal,263,12,1,chlormezanone,chlormezanone,Middle,150,mg/kg,24 hr,Single,Gavage,Rat,6,Liver,Necrosis,,minimal
/mnt/e/spass/open-tggates-pathological-images/LATEST/images/mexiletine/Liver/53895.svs,53895.svs,1,abnormal,465,15,2,mexiletine,mexiletine,High,400,mg/kg,15 day,Repeat,Gavage,Rat,6,Liver,Hypertrophy,Centrilobular,slight
/mnt/e/spass/open-tggates-pathological-images/LATEST/images/methapyrilene/Liver/46935.svs,46935.svs,1,abnormal,174,14,1,methapyrilene,methapyrilene,High,100,mg/kg,8 day,Repeat,Gavage,Rat,6,Liver,"Anisonucleosis | Cellular infiltration, mononuclear cell | Hypertrophy | Increased mitosis | Proliferation, bile duct | Single cell necrosis",Hepatocyte | Periportal | Interlobular,slight
/mnt/e/spass/open-tggates-pathological-images/LATEST/images/captopril/Liver/24615.svs,24615.svs,1,abnormal,420,5,4,captopril,captopril,Low,100,mg/kg,3 hr,Single,Gavage,Rat,6,Liver,Microgranuloma,,minimal
/mnt/e/spass/open-tggates-pathological-images/LATEST/images/simvastatin/Liver/42447.svs,42447.svs,1,abnormal,516,7,1,simvastatin,simvastatin,Low,40,mg/kg,15 day,Repeat,Gavage,Rat,6,Liver,"Change, basophilic",Periportal,minimal
/mnt/e/spass/open-tggates-pathological-images/LATEST/images/bendazac/Liver/44453.svs,44453.svs,1,abnormal,551,13,2,bendazac,bendazac,High,300,mg/kg,4 day,Repeat,Gavage,Rat,6,Liver,Hypertrophy,Centrilobular,minimal
/mnt/e/spass/open-tggates-pathological-images/LATEST/images/papaverine/Liver/37782.svs,37782.svs,1,abnormal,432,15,3,papaverine,papaverine,High,400,mg/kg,15 day,Repeat,Gavage,Rat,6,Liver,Ground glass appearance | Hypertrophy,Centrilobular,moderate | slight
/mnt/e/spass/open-tggates-pathological-images/LATEST/images/benzbromarone/Liver/6000.svs,6000.svs,1,abnormal,155,9,2,benzbromarone,benzbromarone,Middle,60,mg/kg,4 day,Repeat,Gavage,Rat,6,Liver,Hypertrophy,Centrilobular,slight
/mnt/e/spass/open-tggates-pathological-images/LATEST/images/WY-14643/Liver/29543.svs,29543.svs,1,abnormal,182,5,3,WY-14643,WY-14643,Low,10,mg/kg,4 day,Repeat,Gavage,Rat,6,Liver,"Degeneration, granular, eosinophilic | Increased mitosis",Hepatocyte,slight
/mnt/e/spass/open-tggates-pathological-images/LATEST/images/ethionine/Liver/4791.svs,4791.svs,1,abnormal,125,12,4,ethionine,ethionine,Middle,80,mg/kg,24 hr,Single,Gavage,Rat,6,Liver,"Cellular infiltration | Change, eosinophilic",Centrilobular | Portal,slight | minimal
/mnt/e/spass/open-tggates-pathological-images/LATEST/images/acarbose/Liver/41818.svs,41818.svs,1,abnormal,511,16,2,acarbose,acarbose,High,1000,mg/kg,29 day,Repeat,Gavage,Rat,6,Liver,Microgranuloma,,minimal
/mnt/e/spass/open-tggates-pathological-images/LATEST/images/ticlopidine/Liver/53377.svs,53377.svs,1,abnormal,573,9,2,ticlopidine,ticlopidine,Middle,100,mg/kg,4 day,Repeat,Gavage,Rat,6,Liver,Hypertrophy,Centrilobular,minimal
/mnt/e/spass/open-tggates-pathological-images/LATEST/images/puromycin_aminonucleoside/Liver/55707.svs,55707.svs,1,abnormal,607,13,4,puromycin aminonucleoside,puromycin_aminonucleoside,High,40,mg/kg,4 day,Repeat,intravenous injection,Rat,6,Liver,"Change, basophilic",Hepatocyte,slight
/mnt/e/spass/open-tggates-pathological-images/LATEST/images/methylene_dianiline/Liver/63579.svs,63579.svs,1,abnormal,685,14,3,methylene dianiline,methylene_dianiline,High,300,mg/kg,6 hr,Single,Gavage,Rat,6,Liver,Cellular infiltration | Dilatation | Edema | Hemorrhage | Necrosis,Glisson's sheath | Lymphatic | Bile duct cell,minimal | slight | moderate
/mnt/e/spass/open-tggates-pathological-images/LATEST/images/phenylanthranilic_acid/Liver/50265.svs,50265.svs,1,abnormal,597,16,2,phenylanthranilic acid,phenylanthranilic_acid,High,2000,mg/kg,24 hr,Single,Gavage,Rat,6,Liver,"Change, eosinophilic | Increased mitosis",Hepatocyte,slight | minimal
/mnt/e/spass/open-tggates-pathological-images/LATEST/images/methapyrilene/Liver/46860.svs,46860.svs,1,abnormal,174,11,3,methapyrilene,methapyrilene,Middle,30,mg/kg,15 day,Repeat,Gavage,Rat,6,Liver,"Cellular infiltration, mononuclear cell | Proliferation, bile duct | Single cell necrosis",Periportal | Interlobular | Hepatocyte,slight
/mnt/e/spass/open-tggates-pathological-images/LATEST/images/lomustine/Liver/32265.svs,32265.svs,1,abnormal,311,6,1,lomustine,lomustine,Low,1,mg/kg,8 day,Repeat,Gavage,Rat,6,Liver,"Cellular infiltration, mononuclear cell",Periportal,minimal
/mnt/e/spass/open-tggates-pathological-images/LATEST/images/ethionine/Liver/4797.svs,4797.svs,1,abnormal,125,16,3,ethionine,ethionine,High,250,mg/kg,24 hr,Single,Gavage,Rat,6,Liver,"Cellular infiltration | Change, eosinophilic",Portal | Centrilobular,minimal | slight
/mnt/e/spass/open-tggates-pathological-images/LATEST/images/tunicamycin/Liver/59159.svs,59159.svs,1,abnormal,455,14,3,tunicamycin,tunicamycin,High,300,꺤g/kg,6 hr,Single,intraperitoneal injection,Rat,6,Liver,Single cell necrosis,Hepatocyte,slight
/mnt/e/spass/open-tggates-pathological-images/LATEST/images/acarbose/Liver/41751.svs,41751.svs,1,abnormal,511,8,5,acarbose,acarbose,Low,100,mg/kg,29 day,Repeat,Gavage,Rat,6,Liver,Microgranuloma,,minimal
/mnt/e/spass/open-tggates-pathological-images/LATEST/images/trimethadione/Liver/43479.svs,43479.svs,1,abnormal,529,3,5,trimethadione,trimethadione,Control,0,mg/kg,15 day,Repeat,Gavage,Rat,6,Liver,Single cell necrosis,Hepatocyte,minimal
/mnt/e/spass/open-tggates-pathological-images/LATEST/images/thioacetamide/Liver/46736.svs,46736.svs,1,abnormal,117,9,1,thioacetamide,thioacetamide,Middle,15,mg/kg,4 day,Repeat,Gavage,Rat,6,Liver,"Change, eosinophilic | Hypertrophy | Single cell necrosis",Hepatocyte | Centrilobular,minimal
/mnt/e/spass/open-tggates-pathological-images/LATEST/images/benziodarone/Liver/44891.svs,44891.svs,1,abnormal,553,1,1,benziodarone,benziodarone,Control,0,mg/kg,4 day,Repeat,Gavage,Rat,6,Liver,Necrosis,Subserosa,minimal
/mnt/e/spass/open-tggates-pathological-images/LATEST/images/amiodarone/Liver/62395.svs,62395.svs,1,abnormal,634,14,2,amiodarone,amiodarone,High,2000,mg/kg,6 hr,Single,Gavage,Rat,6,Liver,"Nodule, hepatodiaphragmatic",,minimal
/mnt/e/spass/open-tggates-pathological-images/LATEST/images/hydroxyzine/Liver/19755.svs,19755.svs,1,abnormal,370,14,3,hydroxyzine,hydroxyzine,High,100,mg/kg,8 day,Repeat,Gavage,Rat,6,Liver,Hypertrophy,Centrilobular,minimal
/mnt/e/spass/open-tggates-pathological-images/LATEST/images/hexachlorobenzene/Liver/6411.svs,6411.svs,1,abnormal,157,16,1,hexachlorobenzene,hexachlorobenzene,High,300,mg/kg,29 day,Repeat,Gavage,Rat,6,Liver,"Ground glass appearance | Hypertrophy | Vacuolization, cytoplasmic",Centrilobular | Periportal,moderate | slight
/mnt/e/spass/open-tggates-pathological-images/LATEST/images/benzbromarone/Liver/6048.svs,6048.svs,1,abnormal,155,12,2,benzbromarone,benzbromarone,Middle,60,mg/kg,29 day,Repeat,Gavage,Rat,6,Liver,Hypertrophy,Centrilobular,minimal
/mnt/e/spass/open-tggates-pathological-images/LATEST/images/chlorpropamide/Liver/35364.svs,35364.svs,1,abnormal,436,12,2,chlorpropamide,chlorpropamide,Middle,100,mg/kg,29 day,Repeat,Gavage,Rat,6,Liver,Hypertrophy,Centrilobular,slight
/mnt/e/spass/open-tggates-pathological-images/LATEST/images/bendazac/Liver/44194.svs,44194.svs,1,abnormal,550,16,3,bendazac,bendazac,High,1000,mg/kg,24 hr,Single,Gavage,Rat,6,Liver,Microgranuloma,,minimal
/mnt/e/spass/open-tggates-pathological-images/LATEST/images/methapyrilene/Liver/46902.svs,46902.svs,1,abnormal,174,12,5,methapyrilene,methapyrilene,Middle,30,mg/kg,29 day,Repeat,Gavage,Rat,6,Liver,Hypertrophy,Hepatocyte,slight
/mnt/e/spass/open-tggates-pathological-images/LATEST/images/methylene_dianiline/Liver/63777.svs,63777.svs,1,abnormal,686,14,5,methylene dianiline,methylene_dianiline,High,100,mg/kg,8 day,Repeat,Gavage,Rat,6,Liver,"Cellular infiltration | Change, eosinophilic | Edema | Hypertrophy | Increased mitosis | Necrosis | Proliferation, bile duct",Glisson's sheath | Hepatocyte | Bile duct cell | Periportal,minimal | slight
/mnt/e/spass/open-tggates-pathological-images/LATEST/images/nimesulide/Liver/47486.svs,47486.svs,1,abnormal,587,14,4,nimesulide,nimesulide,High,100,mg/kg,8 day,Repeat,Gavage,Rat,6,Liver,Ground glass appearance | Hypertrophy | Microgranuloma | Necrosis,Centrilobular | Subserosa,minimal
/mnt/e/spass/open-tggates-pathological-images/LATEST/images/allyl_alcohol/Liver/25659.svs,25659.svs,1,abnormal,103,14,4,allyl alcohol,allyl_alcohol,High,30,mg/kg,8 day,Repeat,Gavage,Rat,6,Liver,"Cellular infiltration | Degeneration, acidophilic, eosinophilic | Necrosis",Periportal,minimal | slight
/mnt/e/spass/open-tggates-pathological-images/LATEST/images/captopril/Liver/25025.svs,25025.svs,1,abnormal,421,11,3,captopril,captopril,Middle,300,mg/kg,15 day,Repeat,Gavage,Rat,6,Liver,Necrosis,Subserosa,minimal
/mnt/e/spass/open-tggates-pathological-images/LATEST/images/methimazole/Liver/33509.svs,33509.svs,1,abnormal,278,15,3,methimazole,methimazole,High,100,mg/kg,15 day,Repeat,Gavage,Rat,6,Liver,Hypertrophy,Centrilobular,slight
/mnt/e/spass/open-tggates-pathological-images/LATEST/images/allopurinol/Liver/7474.svs,7474.svs,1,abnormal,198,6,5,allopurinol,allopurinol,Low,15,mg/kg,6 hr,Single,Gavage,Rat,6,Liver,Necrosis,Hepatocyte,minimal
/mnt/e/spass/open-tggates-pathological-images/LATEST/images/phenytoin/Liver/31650.svs,31650.svs,1,abnormal,176,11,4,phenytoin,phenytoin,Middle,200,mg/kg,15 day,Repeat,Gavage,Rat,6,Liver,Hypertrophy,Hepatocyte,slight
/mnt/e/spass/open-tggates-pathological-images/LATEST/images/ethionine/Liver/27788.svs,27788.svs,1,abnormal,126,10,4,ethionine,ethionine,Middle,80,mg/kg,8 day,Repeat,Gavage,Rat,6,Liver,"Alteration, cytoplasmic",,slight
/mnt/e/spass/open-tggates-pathological-images/LATEST/images/ticlopidine/Liver/53474.svs,53474.svs,1,abnormal,573,15,3,ticlopidine,ticlopidine,High,300,mg/kg,15 day,Repeat,Gavage,Rat,6,Liver,Hypertrophy,Centrilobular,moderate
/mnt/e/spass/open-tggates-pathological-images/LATEST/images/phenacetin/Liver/49062.svs,49062.svs,1,abnormal,594,14,1,phenacetin,phenacetin,High,1000,mg/kg,8 day,Repeat,Gavage,Rat,6,Liver,"Deposit, hemosiderin | Hematopoiesis, extramedullary",Periportal,minimal
/mnt/e/spass/open-tggates-pathological-images/LATEST/images/gemfibrozil/Liver/29901.svs,29901.svs,1,abnormal,184,8,4,gemfibrozil,gemfibrozil,Low,30,mg/kg,29 day,Repeat,Gavage,Rat,6,Liver,"Degeneration, granular, eosinophilic",Hepatocyte,minimal
/mnt/e/spass/open-tggates-pathological-images/LATEST/images/ticlopidine/Liver/53478.svs,53478.svs,1,abnormal,573,15,5,ticlopidine,ticlopidine,High,300,mg/kg,15 day,Repeat,Gavage,Rat,6,Liver,Hypertrophy,Centrilobular,slight
/mnt/e/spass/open-tggates-pathological-images/LATEST/images/bendazac/Liver/44103.svs,44103.svs,1,abnormal,550,5,2,bendazac,bendazac,Low,100,mg/kg,3 hr,Single,Gavage,Rat,6,Liver,Increased mitosis,Hepatocyte,minimal
/mnt/e/spass/open-tggates-pathological-images/LATEST/images/methylene_dianiline/Liver/63676.svs,63676.svs,1,abnormal,686,9,4,methylene dianiline,methylene_dianiline,Middle,30,mg/kg,4 day,Repeat,Gavage,Rat,6,Liver,"Cellular infiltration | Change, eosinophilic | Edema | Hypertrophy | Increased mitosis | Necrosis | Proliferation, bile duct",Glisson's sheath | Hepatocyte | Bile duct cell,minimal | slight
/mnt/e/spass/open-tggates-pathological-images/LATEST/images/dantrolene/Liver/43893.svs,43893.svs,1,abnormal,520,16,1,dantrolene,dantrolene,High,250,mg/kg,29 day,Repeat,Gavage,Rat,6,Liver,Ground glass appearance | Hypertrophy | Microgranuloma,Centrilobular,slight | minimal
/mnt/e/spass/open-tggates-pathological-images/LATEST/images/ethinylestradiol/Liver/13634.svs,13634.svs,1,abnormal,304,5,4,ethinylestradiol,ethinylestradiol,Low,1,mg/kg,3 hr,Single,Gavage,Rat,6,Liver,Necrosis,Hepatocyte,minimal
/mnt/e/spass/open-tggates-pathological-images/LATEST/images/ticlopidine/Liver/53389.svs,53389.svs,1,abnormal,573,13,4,ticlopidine,ticlopidine,High,300,mg/kg,4 day,Repeat,Gavage,Rat,6,Liver,Hypertrophy,Centrilobular,slight
/mnt/e/spass/open-tggates-pathological-images/LATEST/images/phenylanthranilic_acid/Liver/50225.svs,50225.svs,1,abnormal,597,13,3,phenylanthranilic acid,phenylanthranilic_acid,High,2000,mg/kg,3 hr,Single,Gavage,Rat,6,Liver,"Change, eosinophilic",Hepatocyte,minimal
/mnt/e/spass/open-tggates-pathological-images/LATEST/images/methylene_dianiline/Liver/63860.svs,63860.svs,1,abnormal,686,15,2,methylene dianiline,methylene_dianiline,High,100,mg/kg,15 day,Repeat,Gavage,Rat,6,Liver,"Cellular infiltration | Change, eosinophilic | Edema | Hypertrophy | Necrosis | Proliferation, bile duct",Glisson's sheath | Hepatocyte | Bile duct cell,minimal | slight
/mnt/e/spass/open-tggates-pathological-images/LATEST/images/phenobarbital/Liver/25624.svs,25624.svs,1,abnormal,93,10,5,phenobarbital,phenobarbital,Middle,30,mg/kg,8 day,Repeat,Gavage,Rat,6,Liver,Hypertrophy | Increased mitosis,Centrilobular,minimal
/mnt/e/spass/open-tggates-pathological-images/LATEST/images/benziodarone/Liver/44766.svs,44766.svs,1,abnormal,552,1,5,benziodarone,benziodarone,Control,0,mg/kg,3 hr,Single,Gavage,Rat,6,Liver,Microgranuloma,,minimal
/mnt/e/spass/open-tggates-pathological-images/LATEST/images/phenylanthranilic_acid/Liver/50143.svs,50143.svs,1,abnormal,597,7,4,phenylanthranilic acid,phenylanthranilic_acid,Low,300,mg/kg,9 hr,Single,Gavage,Rat,6,Liver,"Change, eosinophilic",Hepatocyte,minimal
/mnt/e/spass/open-tggates-pathological-images/LATEST/images/WY-14643/Liver/29623.svs,29623.svs,1,abnormal,182,12,3,WY-14643,WY-14643,Middle,30,mg/kg,29 day,Repeat,Gavage,Rat,6,Liver,"Degeneration, granular, eosinophilic | Hypertrophy","Hepatocyte | Bile duct, interlobular",severe | slight
/mnt/e/spass/open-tggates-pathological-images/LATEST/images/nitrosodiethylamine/Liver/52668.svs,52668.svs,1,abnormal,571,9,1,nitrosodiethylamine,nitrosodiethylamine,Middle,10,mg/kg,4 day,Repeat,Gavage,Rat,6,Liver,"Change, acidophilic",Centrilobular,minimal
/mnt/e/spass/open-tggates-pathological-images/LATEST/images/ethambutol/Liver/70608.svs,70608.svs,1,abnormal,391,16,2,ethambutol,ethambutol,High,1000,mg/kg,29 day,Repeat,Gavage,Rat,6,Liver,"Alteration, nuclear | Anisonucleosis | Atrophy | Change, eosinophilic | Deposit, pigment | Inclusion body, intracytoplasmic | Proliferation, Kupffer cell | Single cell necrosis",Hepatocyte | Kupffer cell | Sinusoid,moderate | slight | severe
/mnt/e/spass/open-tggates-pathological-images/LATEST/images/ticlopidine/Liver/53512.svs,53512.svs,1,abnormal,573,16,3,ticlopidine,ticlopidine,High,300,mg/kg,29 day,Repeat,Gavage,Rat,6,Liver,Hypertrophy,Centrilobular,moderate
/mnt/e/spass/open-tggates-pathological-images/LATEST/images/cyclophosphamide/Liver/31806.svs,31806.svs,1,abnormal,172,16,3,cyclophosphamide,cyclophosphamide,High,15,mg/kg,29 day,Repeat,Gavage,Rat,6,Liver,"Hematopoiesis, extramedullary",Peripheral,slight
/mnt/e/spass/open-tggates-pathological-images/LATEST/images/captopril/Liver/24949.svs,24949.svs,1,abnormal,421,2,2,captopril,captopril,Control,0,mg/kg,8 day,Repeat,Gavage,Rat,6,Liver,Necrosis,Subserosa,minimal
/mnt/e/spass/open-tggates-pathological-images/LATEST/images/WY-14643/Liver/29609.svs,29609.svs,1,abnormal,182,11,1,WY-14643,WY-14643,Middle,30,mg/kg,15 day,Repeat,Gavage,Rat,6,Liver,"Degeneration, granular, eosinophilic | Hypertrophy","Hepatocyte | Bile duct, interlobular",severe | minimal
/mnt/e/spass/open-tggates-pathological-images/LATEST/images/ticlopidine/Liver/53508.svs,53508.svs,1,abnormal,573,16,1,ticlopidine,ticlopidine,High,300,mg/kg,29 day,Repeat,Gavage,Rat,6,Liver,Hypertrophy,Centrilobular,moderate
/mnt/e/spass/open-tggates-pathological-images/LATEST/images/hydroxyzine/Liver/19739.svs,19739.svs,1,abnormal,370,12,5,hydroxyzine,hydroxyzine,Middle,30,mg/kg,29 day,Repeat,Gavage,Rat,6,Liver,Hypertrophy,Centrilobular,slight
/mnt/e/spass/open-tggates-pathological-images/LATEST/images/methylene_dianiline/Liver/63575.svs,63575.svs,1,abnormal,685,14,2,methylene dianiline,methylene_dianiline,High,300,mg/kg,6 hr,Single,Gavage,Rat,6,Liver,Cellular infiltration | Dilatation | Edema | Hemorrhage | Necrosis,Glisson's sheath | Lymphatic | Bile duct cell,minimal | slight | moderate
/mnt/e/spass/open-tggates-pathological-images/LATEST/images/mexiletine/Liver/53913.svs,53913.svs,1,abnormal,465,16,3,mexiletine,mexiletine,High,400,mg/kg,29 day,Repeat,Gavage,Rat,6,Liver,Hypertrophy,Centrilobular,slight
/mnt/e/spass/open-tggates-pathological-images/LATEST/images/carbon_tetrachloride/Liver/26013.svs,26013.svs,1,abnormal,66,22,2,carbon tetrachloride,carbon_tetrachloride,High,300,mg/kg,6 hr,Single,Gavage,Rat,6,Liver,"Degeneration, hydropic",Centrilobular,slight
/mnt/e/spass/open-tggates-pathological-images/LATEST/images/hexachlorobenzene/Liver/6382.svs,6382.svs,1,abnormal,157,12,2,hexachlorobenzene,hexachlorobenzene,Middle,100,mg/kg,29 day,Repeat,Gavage,Rat,6,Liver,Ground glass appearance | Hypertrophy,Centrilobular,moderate
/mnt/e/spass/open-tggates-pathological-images/LATEST/images/chlorpropamide/Liver/35374.svs,35374.svs,1,abnormal,436,14,2,chlorpropamide,chlorpropamide,High,300,mg/kg,8 day,Repeat,Gavage,Rat,6,Liver,Hypertrophy,Centrilobular,slight
/mnt/e/spass/open-tggates-pathological-images/LATEST/images/diltiazem/Liver/22076.svs,22076.svs,1,abnormal,413,10,1,diltiazem,diltiazem,Middle,240,mg/kg,8 day,Repeat,Gavage,Rat,6,Liver,Hypertrophy,Centrilobular,slight
/mnt/e/spass/open-tggates-pathological-images/LATEST/images/bendazac/Liver/44158.svs,44158.svs,1,abnormal,550,12,1,bendazac,bendazac,Middle,300,mg/kg,24 hr,Single,Gavage,Rat,6,Liver,"Hematopoiesis, extramedullary",,minimal
/mnt/e/spass/open-tggates-pathological-images/LATEST/images/omeprazole/Liver/4885.svs,4885.svs,1,abnormal,123,11,3,omeprazole,omeprazole,Middle,300,mg/kg,9 hr,Single,Gavage,Rat,6,Liver,"Change, eosinophilic",Periportal,slight
/mnt/e/spass/open-tggates-pathological-images/LATEST/images/WY-14643/Liver/29613.svs,29613.svs,1,abnormal,182,11,3,WY-14643,WY-14643,Middle,30,mg/kg,15 day,Repeat,Gavage,Rat,6,Liver,"Degeneration, granular, eosinophilic | Hypertrophy","Hepatocyte | Bile duct, interlobular",severe | slight
/mnt/e/spass/open-tggates-pathological-images/LATEST/images/ethanol/Liver/47817.svs,47817.svs,1,abnormal,588,12,1,ethanol,ethanol,Middle,1200,mg/kg,24 hr,Single,Gavage,Rat,6,Liver,Microgranuloma,,minimal
/mnt/e/spass/open-tggates-pathological-images/LATEST/images/isoniazid/Liver/2687.svs,2687.svs,1,abnormal,61,20,2,isoniazid,isoniazid,High,200,mg/kg,29 day,Repeat,Gavage,Rat,6,Liver,Ground glass appearance | Hypertrophy,Centrilobular,minimal
/mnt/e/spass/open-tggates-pathological-images/LATEST/images/carbon_tetrachloride/Liver/26561.svs,26561.svs,1,abnormal,67,11,3,carbon tetrachloride,carbon_tetrachloride,Low,30,mg/kg,15 day,Repeat,Gavage,Rat,6,Liver,"Cellular infiltration | Degeneration, fatty",Centrilobular,minimal | slight
/mnt/e/spass/open-tggates-pathological-images/LATEST/images/cimetidine/Liver/8836.svs,8836.svs,1,abnormal,213,16,2,cimetidine,cimetidine,High,1000,mg/kg,24 hr,Single,Gavage,Rat,6,Liver,Microgranuloma,,minimal
/mnt/e/spass/open-tggates-pathological-images/LATEST/images/nifedipine/Liver/20977.svs,20977.svs,1,abnormal,410,10,3,nifedipine,nifedipine,Middle,300,mg/kg,6 hr,Single,Gavage,Rat,6,Liver,Increased mitosis,Hepatocyte,minimal
/mnt/e/spass/open-tggates-pathological-images/LATEST/images/gefitinib/Liver/67149.svs,67149.svs,1,abnormal,745,15,5,gefitinib,gefitinib,High,2000,mg/kg,9 hr,Single,Gavage,Rat,6,Liver,Single cell necrosis,Hepatocyte,slight
/mnt/e/spass/open-tggates-pathological-images/LATEST/images/bendazac/Liver/44064.svs,44064.svs,1,abnormal,550,1,3,bendazac,bendazac,Control,0,mg/kg,3 hr,Single,Gavage,Rat,6,Liver,Cellular infiltration,Periductular,minimal
/mnt/e/spass/open-tggates-pathological-images/LATEST/images/diethyl_maleate/Liver/59972.svs,59972.svs,1,abnormal,458,2,2,diethyl maleate,diethyl_maleate,Control,0,mg/kg,6 hr,Single,intraperitoneal injection,Rat,6,Liver,Necrosis,Subserosa,minimal
/mnt/e/spass/open-tggates-pathological-images/LATEST/images/tetracycline/Liver/11468.svs,11468.svs,1,abnormal,309,15,4,tetracycline,tetracycline,High,1000,mg/kg,15 day,Repeat,Gavage,Rat,6,Liver,"Vacuolization, cytoplasmic",Midlobular,minimal
/mnt/e/spass/open-tggates-pathological-images/LATEST/images/bromobenzene/Liver/30539.svs,30539.svs,1,abnormal,186,15,5,bromobenzene,bromobenzene,High,300,mg/kg,15 day,Repeat,Gavage,Rat,6,Liver,Hypertrophy,Centrilobular,minimal
/mnt/e/spass/open-tggates-pathological-images/LATEST/images/ketoconazole/Liver/71257.svs,71257.svs,1,abnormal,231,12,5,ketoconazole,ketoconazole,Middle,30,mg/kg,29 day,Repeat,Gavage,Rat,6,Liver,"Vacuolization, cytoplasmic","Bile duct, interlobular",minimal
/mnt/e/spass/open-tggates-pathological-images/LATEST/images/phenylanthranilic_acid/Liver/50256.svs,50256.svs,1,abnormal,597,15,4,phenylanthranilic acid,phenylanthranilic_acid,High,2000,mg/kg,9 hr,Single,Gavage,Rat,6,Liver,"Change, eosinophilic | Necrosis",Hepatocyte,slight | P
/mnt/e/spass/open-tggates-pathological-images/LATEST/images/phenacetin/Liver/49080.svs,49080.svs,1,abnormal,594,15,5,phenacetin,phenacetin,High,1000,mg/kg,15 day,Repeat,Gavage,Rat,6,Liver,"Deposit, hemosiderin | Hematopoiesis, extramedullary | Hypertrophy",Periportal | Centrilobular,minimal
/mnt/e/spass/open-tggates-pathological-images/LATEST/images/3-methylcholanthrene/Liver/66644.svs,66644.svs,1,abnormal,708,9,2,3-methylcholanthrene,3-methylcholanthrene,Middle,30,mg/kg,3 hr,Single,Gavage,Rat,6,Liver,Increased mitosis,Hepatocyte,slight
/mnt/e/spass/open-tggates-pathological-images/LATEST/images/disopyramide/Liver/38674.svs,38674.svs,1,abnormal,463,16,4,disopyramide,disopyramide,High,400,mg/kg,29 day,Repeat,Gavage,Rat,6,Liver,"Change, eosinophilic",Centrilobular,minimal
/mnt/e/spass/open-tggates-pathological-images/LATEST/images/disopyramide/Liver/38670.svs,38670.svs,1,abnormal,463,16,3,disopyramide,disopyramide,High,400,mg/kg,29 day,Repeat,Gavage,Rat,6,Liver,"Change, eosinophilic",Centrilobular,slight
/mnt/e/spass/open-tggates-pathological-images/LATEST/images/nimesulide/Liver/47473.svs,47473.svs,1,abnormal,587,12,1,nimesulide,nimesulide,Middle,30,mg/kg,29 day,Repeat,Gavage,Rat,6,Liver,Hypertrophy | Microgranuloma,Centrilobular,minimal
/mnt/e/spass/open-tggates-pathological-images/LATEST/images/gemfibrozil/Liver/8739.svs,8739.svs,1,abnormal,183,16,1,gemfibrozil,gemfibrozil,High,300,mg/kg,24 hr,Single,Gavage,Rat,6,Liver,Increased mitosis,Hepatocyte,minimal
/mnt/e/spass/open-tggates-pathological-images/LATEST/images/nitrosodiethylamine/Liver/52327.svs,52327.svs,1,abnormal,570,13,1,nitrosodiethylamine,nitrosodiethylamine,High,100,mg/kg,3 hr,Single,Gavage,Rat,6,Liver,Swelling,Centrilobular,minimal
/mnt/e/spass/open-tggates-pathological-images/LATEST/images/mefenamic_acid/Liver/20470.svs,20470.svs,1,abnormal,378,12,5,mefenamic acid,mefenamic_acid,Middle,100,mg/kg,29 day,Repeat,Gavage,Rat,6,Liver,Inflammation | Necrosis,Serosa,minimal
/mnt/e/spass/open-tggates-pathological-images/LATEST/images/amitriptyline/Liver/34263.svs,34263.svs,1,abnormal,368,14,1,amitriptyline,amitriptyline,High,150,mg/kg,8 day,Repeat,Gavage,Rat,6,Liver,"Hypertrophy | Vacuolization, cytoplasmic",Hepatocyte,minimal
/mnt/e/spass/open-tggates-pathological-images/LATEST/images/acetamide/Liver/65650.svs,65650.svs,1,abnormal,713,11,2,acetamide,acetamide,Middle,1000,mg/kg,15 day,Repeat,Gavage,Rat,6,Liver,"Anisonucleosis | Change, acidophilic | Pyknosis",Hepatocyte,slight
/mnt/e/spass/open-tggates-pathological-images/LATEST/images/chlorpromazine/Liver/61566.svs,61566.svs,1,abnormal,635,12,3,chlorpromazine,chlorpromazine,Middle,150,mg/kg,24 hr,Single,Gavage,Rat,6,Liver,Necrosis,,minimal
/mnt/e/spass/open-tggates-pathological-images/LATEST/images/diclofenac/Liver/29365.svs,29365.svs,1,abnormal,149,3,4,diclofenac,diclofenac,Control,0,mg/kg,15 day,Repeat,Gavage,Rat,6,Liver,Cellular infiltration,,minimal
/mnt/e/spass/open-tggates-pathological-images/LATEST/images/amitriptyline/Liver/34153.svs,34153.svs,1,abnormal,368,5,5,amitriptyline,amitriptyline,Low,15,mg/kg,4 day,Repeat,Gavage,Rat,6,Liver,Necrosis,Hepatocyte,minimal
/mnt/e/spass/open-tggates-pathological-images/LATEST/images/benziodarone/Liver/44802.svs,44802.svs,1,abnormal,552,6,1,benziodarone,benziodarone,Low,30,mg/kg,6 hr,Single,Gavage,Rat,6,Liver,"Lesion,NOS",,moderate
/mnt/e/spass/open-tggates-pathological-images/LATEST/images/bortezomib/Liver/70977.svs,70977.svs,1,abnormal,740,15,2,bortezomib,bortezomib,High,1,mg/kg,9 hr,Single,intravenous injection,Rat,6,Liver,"Alteration, nuclear | Change, eosinophilic | Hypertrophy | Single cell necrosis | Vacuolization, cytoplasmic",Peripheral | Hepatocyte,moderate | severe | slight
/mnt/e/spass/open-tggates-pathological-images/LATEST/images/ethambutol/Liver/36111.svs,36111.svs,1,abnormal,390,16,4,ethambutol,ethambutol,High,1000,mg/kg,24 hr,Single,Gavage,Rat,6,Liver,Ground glass appearance | Increased mitosis,Centrilobular | Hepatocyte,slight | moderate
/mnt/e/spass/open-tggates-pathological-images/LATEST/images/carbon_tetrachloride/Liver/26140.svs,26140.svs,1,abnormal,66,24,3,carbon tetrachloride,carbon_tetrachloride,High,300,mg/kg,24 hr,Single,Gavage,Rat,6,Liver,"Cellular infiltration | Degeneration, fatty | Degeneration, hydropic",Centrilobular,minimal | slight
/mnt/e/spass/open-tggates-pathological-images/LATEST/images/diltiazem/Liver/22166.svs,22166.svs,1,abnormal,413,14,4,diltiazem,diltiazem,High,800,mg/kg,8 day,Repeat,Gavage,Rat,6,Liver,Hypertrophy,Centrilobular,slight
/mnt/e/spass/open-tggates-pathological-images/LATEST/images/amitriptyline/Liver/34169.svs,34169.svs,1,abnormal,368,6,5,amitriptyline,amitriptyline,Low,15,mg/kg,8 day,Repeat,Gavage,Rat,6,Liver,Necrosis,Hepatocyte,minimal
/mnt/e/spass/open-tggates-pathological-images/LATEST/images/phenylanthranilic_acid/Liver/50171.svs,50171.svs,1,abnormal,597,9,4,phenylanthranilic acid,phenylanthranilic_acid,Middle,1000,mg/kg,3 hr,Single,Gavage,Rat,6,Liver,"Change, eosinophilic",Hepatocyte,minimal
/mnt/e/spass/open-tggates-pathological-images/LATEST/images/hexachlorobenzene/Liver/6416.svs,6416.svs,1,abnormal,157,16,4,hexachlorobenzene,hexachlorobenzene,High,300,mg/kg,29 day,Repeat,Gavage,Rat,6,Liver,"Ground glass appearance | Hypertrophy | Vacuolization, cytoplasmic",Centrilobular | Periportal,moderate
/mnt/e/spass/open-tggates-pathological-images/LATEST/images/aspirin/Liver/61497.svs,61497.svs,1,abnormal,630,6,4,aspirin,aspirin,Low,450,mg/kg,6 hr,Single,Gavage,Rat,6,Liver,Swelling,Centrilobular,minimal
/mnt/e/spass/open-tggates-pathological-images/LATEST/images/thioacetamide/Liver/27640.svs,27640.svs,1,abnormal,116,12,2,thioacetamide,thioacetamide,Middle,15,mg/kg,24 hr,Single,Gavage,Rat,6,Liver,"Change, eosinophilic",Hepatocyte,minimal
/mnt/e/spass/open-tggates-pathological-images/LATEST/images/benziodarone/Liver/45035.svs,45035.svs,1,abnormal,553,13,2,benziodarone,benziodarone,High,300,mg/kg,4 day,Repeat,Gavage,Rat,6,Liver,Increased mitosis | Necrosis,Hepatocyte | Subserosa,minimal
/mnt/e/spass/open-tggates-pathological-images/LATEST/images/hexachlorobenzene/Liver/6362.svs,6362.svs,1,abnormal,157,9,4,hexachlorobenzene,hexachlorobenzene,Middle,100,mg/kg,4 day,Repeat,Gavage,Rat,6,Liver,Increased mitosis,Hepatocyte,minimal
/mnt/e/spass/open-tggates-pathological-images/LATEST/images/chlormezanone/Liver/32696.svs,32696.svs,1,abnormal,263,11,1,chlormezanone,chlormezanone,Middle,150,mg/kg,9 hr,Single,Gavage,Rat,6,Liver,Necrosis,,minimal
/mnt/e/spass/open-tggates-pathological-images/LATEST/images/rifampicin/Liver/25981.svs,25981.svs,1,abnormal,95,16,1,rifampicin,rifampicin,High,200,mg/kg,29 day,Repeat,Gavage,Rat,6,Liver,Hypertrophy,Centrilobular,minimal
/mnt/e/spass/open-tggates-pathological-images/LATEST/images/tannic_acid/Liver/23900.svs,23900.svs,1,abnormal,418,6,5,tannic acid,tannic_acid,Low,100,mg/kg,6 hr,Single,Gavage,Rat,6,Liver,Necrosis,Subserosa,minimal
/mnt/e/spass/open-tggates-pathological-images/LATEST/images/nicotinic_acid/Liver/57928.svs,57928.svs,1,abnormal,386,10,5,nicotinic acid,nicotinic_acid,Middle,300,mg/kg,6 hr,Single,Gavage,Rat,6,Liver,"Change, eosinophilic",Peripheral,slight
/mnt/e/spass/open-tggates-pathological-images/LATEST/images/ketoconazole/Liver/70633.svs,70633.svs,1,abnormal,231,16,4,ketoconazole,ketoconazole,High,100,mg/kg,29 day,Repeat,Gavage,Rat,6,Liver,"Hypertrophy | Vacuolization, cytoplasmic","Centrilobular | Bile duct, interlobular",slight | moderate
/mnt/e/spass/open-tggates-pathological-images/LATEST/images/coumarin/Liver/7737.svs,7737.svs,1,abnormal,196,15,3,coumarin,coumarin,High,150,mg/kg,9 hr,Single,Gavage,Rat,6,Liver,Single cell necrosis,Hepatocyte,minimal
/mnt/e/spass/open-tggates-pathological-images/LATEST/images/ethinylestradiol/Liver/33693.svs,33693.svs,1,abnormal,305,14,5,ethinylestradiol,ethinylestradiol,High,10,mg/kg,8 day,Repeat,Gavage,Rat,6,Liver,"Change, eosinophilic | Vacuolization, cytoplasmic",Periportal | Hepatocyte,minimal
/mnt/e/spass/open-tggates-pathological-images/LATEST/images/colchicine/Liver/41513.svs,41513.svs,1,abnormal,501,16,3,colchicine,colchicine,High,15,mg/kg,24 hr,Single,Gavage,Rat,6,Liver,"Increased mitosis | Single cell necrosis | Vacuolization, cytoplasmic",Bile duct cell | Midlobular,minimal | slight
/mnt/e/spass/open-tggates-pathological-images/LATEST/images/benziodarone/Liver/45016.svs,45016.svs,1,abnormal,553,11,4,benziodarone,benziodarone,Middle,100,mg/kg,15 day,Repeat,Gavage,Rat,6,Liver,Hypertrophy,Centrilobular,minimal
/mnt/e/spass/open-tggates-pathological-images/LATEST/images/nitrosodiethylamine/Liver/52375.svs,52375.svs,1,abnormal,570,14,3,nitrosodiethylamine,nitrosodiethylamine,High,100,mg/kg,6 hr,Single,Gavage,Rat,6,Liver,Swelling,Centrilobular,moderate
/mnt/e/spass/open-tggates-pathological-images/LATEST/images/imipramine/Liver/33942.svs,33942.svs,1,abnormal,366,14,1,imipramine,imipramine,High,100,mg/kg,8 day,Repeat,Gavage,Rat,6,Liver,"Hypertrophy | Vacuolization, cytoplasmic",Hepatocyte,minimal
/mnt/e/spass/open-tggates-pathological-images/LATEST/images/quinidine/Liver/35151.svs,35151.svs,1,abnormal,350,14,1,quinidine,quinidine,High,200,mg/kg,8 day,Repeat,Gavage,Rat,6,Liver,Hypertrophy,Centrilobular,slight
/mnt/e/spass/open-tggates-pathological-images/LATEST/images/flutamide/Liver/11979.svs,11979.svs,1,abnormal,292,16,4,flutamide,flutamide,High,150,mg/kg,29 day,Repeat,Gavage,Rat,6,Liver,Hypertrophy,Centrilobular,moderate
/mnt/e/spass/open-tggates-pathological-images/LATEST/images/omeprazole/Liver/27531.svs,27531.svs,1,abnormal,124,16,1,omeprazole,omeprazole,High,1000,mg/kg,29 day,Repeat,Gavage,Rat,6,Liver,Hypertrophy,Centrilobular,moderate
/mnt/e/spass/open-tggates-pathological-images/LATEST/images/ethionamide/Liver/46418.svs,46418.svs,1,abnormal,585,15,3,ethionamide,ethionamide,High,300,mg/kg,15 day,Repeat,Gavage,Rat,6,Liver,"Vacuolization, cytoplasmic",Centrilobular,minimal
/mnt/e/spass/open-tggates-pathological-images/LATEST/images/azathioprine/Liver/32079.svs,32079.svs,1,abnormal,229,12,1,azathioprine,azathioprine,Middle,10,mg/kg,29 day,Repeat,Gavage,Rat,6,Liver,"Bacterium | Necrosis | Vacuolization, cytoplasmic",Sinusoid | Hepatocyte,slight
/mnt/e/spass/open-tggates-pathological-images/LATEST/images/aspirin/Liver/4892.svs,4892.svs,1,abnormal,128,15,1,aspirin,aspirin,High,450,mg/kg,15 day,Repeat,Gavage,Rat,6,Liver,"Change, eosinophilic",Centrilobular,slight
/mnt/e/spass/open-tggates-pathological-images/LATEST/images/chloramphenicol/Liver/15519.svs,15519.svs,1,abnormal,323,12,2,chloramphenicol,chloramphenicol,Middle,300,mg/kg,24 hr,Single,Gavage,Rat,6,Liver,Necrosis,Hepatocyte,minimal
/mnt/e/spass/open-tggates-pathological-images/LATEST/images/pemoline/Liver/13400.svs,13400.svs,1,abnormal,262,11,3,pemoline,pemoline,Middle,25,mg/kg,15 day,Repeat,Gavage,Rat,6,Liver,Necrosis,,minimal
/mnt/e/spass/open-tggates-pathological-images/LATEST/images/ethambutol/Liver/70606.svs,70606.svs,1,abnormal,391,14,1,ethambutol,ethambutol,High,1000,mg/kg,8 day,Repeat,Gavage,Rat,6,Liver,"Alteration, nuclear | Anisonucleosis | Change, eosinophilic | Inclusion body, intracytoplasmic | Proliferation, Kupffer cell | Single cell necrosis",Hepatocyte | Centrilobular | Sinusoid,moderate | slight | severe
/mnt/e/spass/open-tggates-pathological-images/LATEST/images/ethionamide/Liver/46098.svs,46098.svs,1,abnormal,584,13,3,ethionamide,ethionamide,High,1000,mg/kg,3 hr,Single,Gavage,Rat,6,Liver,Single cell necrosis,,minimal
/mnt/e/spass/open-tggates-pathological-images/LATEST/images/amiodarone/Liver/30352.svs,30352.svs,1,abnormal,209,13,1,amiodarone,amiodarone,High,200,mg/kg,4 day,Repeat,Gavage,Rat,6,Liver,Cellular infiltration,Portal,minimal
/mnt/e/spass/open-tggates-pathological-images/LATEST/images/methimazole/Liver/70531.svs,70531.svs,1,abnormal,278,13,2,methimazole,methimazole,High,100,mg/kg,4 day,Repeat,Gavage,Rat,6,Liver,Hypertrophy,Centrilobular,minimal
/mnt/e/spass/open-tggates-pathological-images/LATEST/images/carbamazepine/Liver/28752.svs,28752.svs,1,abnormal,147,12,2,carbamazepine,carbamazepine,Middle,100,mg/kg,29 day,Repeat,Gavage,Rat,6,Liver,Hypertrophy,Centrilobular,moderate
/mnt/e/spass/open-tggates-pathological-images/LATEST/images/phorone/Liver/59464.svs,59464.svs,1,abnormal,456,15,3,phorone,phorone,High,400,mg/kg,9 hr,Single,intraperitoneal injection,Rat,6,Liver,"Change, eosinophilic | Degeneration, granular | Inclusion body, intracytoplasmic | Increased mitosis | Single cell necrosis | Vacuolization, cytoplasmic",Centrilobular | Hepatocyte | Midlobular,slight | minimal
/mnt/e/spass/open-tggates-pathological-images/LATEST/images/omeprazole/Liver/4850.svs,4850.svs,1,abnormal,123,14,4,omeprazole,omeprazole,High,1000,mg/kg,6 hr,Single,Gavage,Rat,6,Liver,"Change, eosinophilic",Periportal,slight
/mnt/e/spass/open-tggates-pathological-images/LATEST/images/sulfasalazine/Liver/30807.svs,30807.svs,1,abnormal,211,15,3,sulfasalazine,sulfasalazine,High,1000,mg/kg,15 day,Repeat,Gavage,Rat,6,Liver,Swelling,Centrilobular,moderate
/mnt/e/spass/open-tggates-pathological-images/LATEST/images/hydroxyzine/Liver/19740.svs,19740.svs,1,abnormal,370,13,1,hydroxyzine,hydroxyzine,High,100,mg/kg,4 day,Repeat,Gavage,Rat,6,Liver,Hypertrophy,Centrilobular,minimal
/mnt/e/spass/open-tggates-pathological-images/LATEST/images/phenobarbital/Liver/25664.svs,25664.svs,1,abnormal,93,14,5,phenobarbital,phenobarbital,High,100,mg/kg,8 day,Repeat,Gavage,Rat,6,Liver,Hypertrophy | Increased mitosis,Centrilobular,slight | minimal
/mnt/e/spass/open-tggates-pathological-images/LATEST/images/nimesulide/Liver/47466.svs,47466.svs,1,abnormal,587,10,4,nimesulide,nimesulide,Middle,30,mg/kg,8 day,Repeat,Gavage,Rat,6,Liver,Hypertrophy,Centrilobular,minimal
/mnt/e/spass/open-tggates-pathological-images/LATEST/images/desmopressin_acetate/Liver/63692.svs,63692.svs,1,abnormal,692,10,2,desmopressin acetate,desmopressin_acetate,Middle,200,꺤g/kg,6 hr,Single,subcutaneous injection,Rat,6,Liver,Microgranuloma,,minimal
/mnt/e/spass/open-tggates-pathological-images/LATEST/images/ticlopidine/Liver/53458.svs,53458.svs,1,abnormal,573,11,1,ticlopidine,ticlopidine,Middle,100,mg/kg,15 day,Repeat,Gavage,Rat,6,Liver,Hypertrophy,Centrilobular,minimal
/mnt/e/spass/open-tggates-pathological-images/LATEST/images/ethionine/Liver/27847.svs,27847.svs,1,abnormal,126,15,5,ethionine,ethionine,High,250,mg/kg,15 day,Repeat,Gavage,Rat,6,Liver,"Alteration, cytoplasmic",,moderate
/mnt/e/spass/open-tggates-pathological-images/LATEST/images/nitrosodiethylamine/Liver/52320.svs,52320.svs,1,abnormal,570,9,4,nitrosodiethylamine,nitrosodiethylamine,Middle,30,mg/kg,3 hr,Single,Gavage,Rat,6,Liver,Swelling,Centrilobular,minimal
/mnt/e/spass/open-tggates-pathological-images/LATEST/images/nitrofurantoin/Liver/30052.svs,30052.svs,1,abnormal,151,11,4,nitrofurantoin,nitrofurantoin,Middle,30,mg/kg,15 day,Repeat,Gavage,Rat,6,Liver,Cellular infiltration,,minimal
/mnt/e/spass/open-tggates-pathological-images/LATEST/images/naphthyl_isothiocyanate/Liver/61280.svs,61280.svs,1,abnormal,626,16,4,naphthyl isothiocyanate,naphthyl_isothiocyanate,High,100,mg/kg,24 hr,Single,Gavage,Rat,6,Liver,Cellular infiltration | Edema | Necrosis,Portal triad | Bile duct,slight
/mnt/e/spass/open-tggates-pathological-images/LATEST/images/simvastatin/Liver/42558.svs,42558.svs,1,abnormal,516,16,1,simvastatin,simvastatin,High,400,mg/kg,29 day,Repeat,Gavage,Rat,6,Liver,"Change, basophilic | Microgranuloma",Periportal,slight | minimal
/mnt/e/spass/open-tggates-pathological-images/LATEST/images/bucetin/Liver/49795.svs,49795.svs,1,abnormal,596,16,4,bucetin,bucetin,High,1000,mg/kg,29 day,Repeat,Gavage,Rat,6,Liver,"Change, eosinophilic",Centrilobular,slight
/mnt/e/spass/open-tggates-pathological-images/LATEST/images/indomethacin/Liver/61749.svs,61749.svs,1,abnormal,631,1,4,indomethacin,indomethacin,Control,0,mg/kg,3 hr,Single,Gavage,Rat,6,Liver,"Nodule, hepatodiaphragmatic",,minimal
/mnt/e/spass/open-tggates-pathological-images/LATEST/images/simvastatin/Liver/42516.svs,42516.svs,1,abnormal,516,12,3,simvastatin,simvastatin,Middle,120,mg/kg,29 day,Repeat,Gavage,Rat,6,Liver,"Change, basophilic | Necrosis",Periportal | Subserosa,slight | minimal
/mnt/e/spass/open-tggates-pathological-images/LATEST/images/nimesulide/Liver/47212.svs,47212.svs,1,abnormal,586,14,2,nimesulide,nimesulide,High,300,mg/kg,6 hr,Single,Gavage,Rat,6,Liver,Microgranuloma,,minimal
/mnt/e/spass/open-tggates-pathological-images/LATEST/images/nitrosodiethylamine/Liver/52346.svs,52346.svs,1,abnormal,570,2,1,nitrosodiethylamine,nitrosodiethylamine,Control,0,mg/kg,6 hr,Single,Gavage,Rat,6,Liver,Necrosis,,minimal
/mnt/e/spass/open-tggates-pathological-images/LATEST/images/tolbutamide/Liver/40594.svs,40594.svs,1,abnormal,507,12,2,tolbutamide,tolbutamide,Middle,300,mg/kg,29 day,Repeat,Gavage,Rat,6,Liver,Hypertrophy,Centrilobular,minimal
/mnt/e/spass/open-tggates-pathological-images/LATEST/images/simvastatin/Liver/42131.svs,42131.svs,1,abnormal,515,10,3,simvastatin,simvastatin,Middle,120,mg/kg,6 hr,Single,Gavage,Rat,6,Liver,Necrosis,Subserosa,minimal
/mnt/e/spass/open-tggates-pathological-images/LATEST/images/phenylbutazone/Liver/26235.svs,26235.svs,1,abnormal,96,11,5,phenylbutazone,phenylbutazone,Middle,60,mg/kg,9 hr,Single,Gavage,Rat,6,Liver,"Vacuolization, cytoplasmic",Midlobular,minimal
/mnt/e/spass/open-tggates-pathological-images/LATEST/images/puromycin_aminonucleoside/Liver/55701.svs,55701.svs,1,abnormal,607,13,3,puromycin aminonucleoside,puromycin_aminonucleoside,High,40,mg/kg,4 day,Repeat,intravenous injection,Rat,6,Liver,"Change, basophilic",Hepatocyte,slight
/mnt/e/spass/open-tggates-pathological-images/LATEST/images/amphotericin_B/Liver/64725.svs,64725.svs,1,abnormal,690,11,2,amphotericin B,amphotericin_B,Middle,2,mg/kg,9 hr,Single,intravenous injection,Rat,6,Liver,Necrosis,,minimal
/mnt/e/spass/open-tggates-pathological-images/LATEST/images/imipramine/Liver/33959.svs,33959.svs,1,abnormal,366,16,4,imipramine,imipramine,High,100,mg/kg,29 day,Repeat,Gavage,Rat,6,Liver,"Hypertrophy | Inclusion body, intracytoplasmic | Vacuolization, cytoplasmic",Hepatocyte,moderate | minimal | slight
/mnt/e/spass/open-tggates-pathological-images/LATEST/images/diclofenac/Liver/61747.svs,61747.svs,1,abnormal,632,2,2,diclofenac,diclofenac,Control,0,mg/kg,6 hr,Single,Gavage,Rat,6,Liver,Necrosis,,minimal
/mnt/e/spass/open-tggates-pathological-images/LATEST/images/ethionamide/Liver/45995.svs,45995.svs,1,abnormal,584,3,5,ethionamide,ethionamide,Control,0,mg/kg,9 hr,Single,Gavage,Rat,6,Liver,Necrosis,Subserosa,minimal
/mnt/e/spass/open-tggates-pathological-images/LATEST/images/coumarin/Liver/29033.svs,29033.svs,1,abnormal,197,13,5,coumarin,coumarin,High,150,mg/kg,4 day,Repeat,Gavage,Rat,6,Liver,Increased mitosis | Single cell necrosis,Hepatocyte,minimal
/mnt/e/spass/open-tggates-pathological-images/LATEST/images/ethionine/Liver/27835.svs,27835.svs,1,abnormal,126,11,5,ethionine,ethionine,Middle,80,mg/kg,15 day,Repeat,Gavage,Rat,6,Liver,"Alteration, cytoplasmic",,slight
/mnt/e/spass/open-tggates-pathological-images/LATEST/images/imipramine/Liver/33935.svs,33935.svs,1,abnormal,366,13,1,imipramine,imipramine,High,100,mg/kg,4 day,Repeat,Gavage,Rat,6,Liver,Hypertrophy,Hepatocyte,minimal
/mnt/e/spass/open-tggates-pathological-images/LATEST/images/valproic_acid/Liver/3243.svs,3243.svs,1,abnormal,90,6,1,valproic acid,valproic_acid,Low,45,mg/kg,6 hr,Single,Gavage,Rat,6,Liver,Cellular infiltration,,minimal
/mnt/e/spass/open-tggates-pathological-images/LATEST/images/tacrine/Liver/16282.svs,16282.svs,1,abnormal,315,16,3,tacrine,tacrine,High,30,mg/kg,29 day,Repeat,Gavage,Rat,6,Liver,DEAD,DEAD,P
/mnt/e/spass/open-tggates-pathological-images/LATEST/images/simvastatin/Liver/42555.svs,42555.svs,1,abnormal,516,15,5,simvastatin,simvastatin,High,400,mg/kg,15 day,Repeat,Gavage,Rat,6,Liver,"Change, basophilic",Periportal,slight
/mnt/e/spass/open-tggates-pathological-images/LATEST/images/hydroxyzine/Liver/19784.svs,19784.svs,1,abnormal,370,16,4,hydroxyzine,hydroxyzine,High,100,mg/kg,29 day,Repeat,Gavage,Rat,6,Liver,"Hypertrophy | Vacuolization, cytoplasmic",Centrilobular | Hepatocyte,moderate | slight
/mnt/e/spass/open-tggates-pathological-images/LATEST/images/ibuprofen/Liver/36434.svs,36434.svs,1,abnormal,345,12,2,ibuprofen,ibuprofen,Middle,200,mg/kg,24 hr,Single,Gavage,Rat,6,Liver,Increased mitosis,Hepatocyte,slight
/mnt/e/spass/open-tggates-pathological-images/LATEST/images/imatinib%2C_methanesulfonate_salt/Liver/67249.svs,67249.svs,1,abnormal,742,12,2,"imatinib, methanesulfonate salt",imatinib%2C_methanesulfonate_salt,Middle,200,mg/kg,24 hr,Single,Gavage,Rat,6,Liver,"Lesion,NOS",Hepatocyte,slight
/mnt/e/spass/open-tggates-pathological-images/LATEST/images/chlormezanone/Liver/13109.svs,13109.svs,1,abnormal,303,13,4,chlormezanone,chlormezanone,High,500,mg/kg,4 day,Repeat,Gavage,Rat,6,Liver,Hypertrophy,Centrilobular,minimal
/mnt/e/spass/open-tggates-pathological-images/LATEST/images/dantrolene/Liver/43767.svs,43767.svs,1,abnormal,520,2,5,dantrolene,dantrolene,Control,0,mg/kg,8 day,Repeat,Gavage,Rat,6,Liver,Necrosis,,minimal
/mnt/e/spass/open-tggates-pathological-images/LATEST/images/desmopressin_acetate/Liver/63592.svs,63592.svs,1,abnormal,692,1,1,desmopressin acetate,desmopressin_acetate,Control,0,꺤g/kg,3 hr,Single,subcutaneous injection,Rat,6,Liver,Necrosis,,minimal
/mnt/e/spass/open-tggates-pathological-images/LATEST/images/caffeine/Liver/36938.svs,36938.svs,1,abnormal,430,16,1,caffeine,caffeine,High,100,mg/kg,29 day,Repeat,Gavage,Rat,6,Liver,Hypertrophy,Centrilobular,slight
/mnt/e/spass/open-tggates-pathological-images/LATEST/images/thioacetamide/Liver/46740.svs,46740.svs,1,abnormal,117,9,2,thioacetamide,thioacetamide,Middle,15,mg/kg,4 day,Repeat,Gavage,Rat,6,Liver,"Change, eosinophilic | Hypertrophy",Hepatocyte | Centrilobular,minimal
/mnt/e/spass/open-tggates-pathological-images/LATEST/images/terbinafine/Liver/43777.svs,43777.svs,1,abnormal,533,1,1,terbinafine,terbinafine,Control,0,mg/kg,3 hr,Single,Gavage,Rat,6,Liver,Necrosis,,minimal
/mnt/e/spass/open-tggates-pathological-images/LATEST/images/clofibrate/Liver/24972.svs,24972.svs,1,abnormal,99,14,5,clofibrate,clofibrate,High,300,mg/kg,8 day,Repeat,Gavage,Rat,6,Liver,"Cellular infiltration | Degeneration, granular, eosinophilic | Necrosis | Swelling",Centrilobular,minimal
/mnt/e/spass/open-tggates-pathological-images/LATEST/images/isoniazid/Liver/2686.svs,2686.svs,1,abnormal,61,20,1,isoniazid,isoniazid,High,200,mg/kg,29 day,Repeat,Gavage,Rat,6,Liver,Ground glass appearance | Hypertrophy,Centrilobular,minimal
/mnt/e/spass/open-tggates-pathological-images/LATEST/images/diltiazem/Liver/21949.svs,21949.svs,1,abnormal,413,8,4,diltiazem,diltiazem,Low,80,mg/kg,29 day,Repeat,Gavage,Rat,6,Liver,Hypertrophy,Centrilobular,minimal
/mnt/e/spass/open-tggates-pathological-images/LATEST/images/rosiglitazone_maleate/Liver/62664.svs,62664.svs,1,abnormal,665,10,2,rosiglitazone maleate,rosiglitazone_maleate,Middle,100,mg/kg,6 hr,Single,Gavage,Rat,6,Liver,"Proliferation, Kupffer cell",,minimal
/mnt/e/spass/open-tggates-pathological-images/LATEST/images/methylene_dianiline/Liver/63948.svs,63948.svs,1,abnormal,686,16,3,methylene dianiline,methylene_dianiline,High,100,mg/kg,29 day,Repeat,Gavage,Rat,6,Liver,"Cellular infiltration | Deposit, pigment | Edema | Hypertrophy | Proliferation, bile duct | Single cell necrosis",Glisson's sheath | Kupffer cell | Hepatocyte,minimal | moderate
/mnt/e/spass/open-tggates-pathological-images/LATEST/images/cycloheximide/Liver/58914.svs,58914.svs,1,abnormal,454,13,3,cycloheximide,cycloheximide,High,10,mg/kg,3 hr,Single,intravenous injection,Rat,6,Liver,Single cell necrosis,Hepatocyte,moderate
/mnt/e/spass/open-tggates-pathological-images/LATEST/images/carbon_tetrachloride/Liver/26580.svs,26580.svs,1,abnormal,67,19,3,carbon tetrachloride,carbon_tetrachloride,High,300,mg/kg,15 day,Repeat,Gavage,Rat,6,Liver,"Cellular infiltration | Degeneration, fatty | Degeneration, hydropic | Fibrosis",Centrilobular,minimal | slight
/mnt/e/spass/open-tggates-pathological-images/LATEST/images/nicotinic_acid/Liver/57931.svs,57931.svs,1,abnormal,386,11,1,nicotinic acid,nicotinic_acid,Middle,300,mg/kg,9 hr,Single,Gavage,Rat,6,Liver,"Change, eosinophilic",Peripheral,slight
/mnt/e/spass/open-tggates-pathological-images/LATEST/images/hexachlorobenzene/Liver/6406.svs,6406.svs,1,abnormal,157,15,3,hexachlorobenzene,hexachlorobenzene,High,300,mg/kg,15 day,Repeat,Gavage,Rat,6,Liver,"Ground glass appearance | Hypertrophy | Vacuolization, cytoplasmic",Centrilobular | Periportal,moderate | slight
/mnt/e/spass/open-tggates-pathological-images/LATEST/images/lornoxicam/Liver/45448.svs,45448.svs,1,abnormal,538,14,5,lornoxicam,lornoxicam,High,3,mg/kg,8 day,Repeat,Gavage,Rat,6,Liver,"Hematopoiesis, extramedullary",,minimal
/mnt/e/spass/open-tggates-pathological-images/LATEST/images/danazol/Liver/70731.svs,70731.svs,1,abnormal,544,8,2,danazol,danazol,Low,300,mg/kg,24 hr,Single,Gavage,Rat,6,Liver,Increased mitosis,Hepatocyte,slight
/mnt/e/spass/open-tggates-pathological-images/LATEST/images/trimethadione/Liver/43589.svs,43589.svs,1,abnormal,529,14,4,trimethadione,trimethadione,High,500,mg/kg,8 day,Repeat,Gavage,Rat,6,Liver,Hypertrophy,Centrilobular,minimal
/mnt/e/spass/open-tggates-pathological-images/LATEST/images/phenobarbital/Liver/25642.svs,25642.svs,1,abnormal,93,12,4,phenobarbital,phenobarbital,Middle,30,mg/kg,29 day,Repeat,Gavage,Rat,6,Liver,Ground glass appearance | Hypertrophy,Centrilobular,slight | moderate
/mnt/e/spass/open-tggates-pathological-images/LATEST/images/carbamazepine/Liver/28779.svs,28779.svs,1,abnormal,147,16,4,carbamazepine,carbamazepine,High,300,mg/kg,29 day,Repeat,Gavage,Rat,6,Liver,Hypertrophy,Centrilobular,moderate
/mnt/e/spass/open-tggates-pathological-images/LATEST/images/nitrosodiethylamine/Liver/52837.svs,52837.svs,1,abnormal,571,8,2,nitrosodiethylamine,nitrosodiethylamine,Low,3,mg/kg,29 day,Repeat,Gavage,Rat,6,Liver,"Change, acidophilic | Necrosis",Centrilobular,minimal
/mnt/e/spass/open-tggates-pathological-images/LATEST/images/meloxicam/Liver/44811.svs,44811.svs,1,abnormal,536,14,1,meloxicam,meloxicam,High,30,mg/kg,8 day,Repeat,Gavage,Rat,6,Liver,"Hematopoiesis, extramedullary",,minimal
/mnt/e/spass/open-tggates-pathological-images/LATEST/images/carbamazepine/Liver/5505.svs,5505.svs,1,abnormal,146,16,4,carbamazepine,carbamazepine,High,300,mg/kg,24 hr,Single,Gavage,Rat,6,Liver,Cellular infiltration,Portal,minimal
/mnt/e/spass/open-tggates-pathological-images/LATEST/images/nicotinic_acid/Liver/58052.svs,58052.svs,1,abnormal,386,15,5,nicotinic acid,nicotinic_acid,High,1000,mg/kg,9 hr,Single,Gavage,Rat,6,Liver,"Change, eosinophilic",Peripheral,slight
/mnt/e/spass/open-tggates-pathological-images/LATEST/images/gefitinib/Liver/67137.svs,67137.svs,1,abnormal,745,14,4,gefitinib,gefitinib,High,2000,mg/kg,6 hr,Single,Gavage,Rat,6,Liver,Single cell necrosis,Hepatocyte,slight
/mnt/e/spass/open-tggates-pathological-images/LATEST/images/methimazole/Liver/33407.svs,33407.svs,1,abnormal,278,12,1,methimazole,methimazole,Middle,30,mg/kg,29 day,Repeat,Gavage,Rat,6,Liver,Hypertrophy,Centrilobular,minimal
/mnt/e/spass/open-tggates-pathological-images/LATEST/images/ethinylestradiol/Liver/33667.svs,33667.svs,1,abnormal,305,11,5,ethinylestradiol,ethinylestradiol,Middle,3,mg/kg,15 day,Repeat,Gavage,Rat,6,Liver,"Change, eosinophilic",Periportal,minimal
/mnt/e/spass/open-tggates-pathological-images/LATEST/images/flutamide/Liver/11499.svs,11499.svs,1,abnormal,291,8,5,flutamide,flutamide,Low,15,mg/kg,24 hr,Single,Gavage,Rat,6,Liver,Increased mitosis,,minimal
/mnt/e/spass/open-tggates-pathological-images/LATEST/images/promethazine/Liver/48992.svs,48992.svs,1,abnormal,494,16,4,promethazine,promethazine,High,200,mg/kg,29 day,Repeat,Gavage,Rat,6,Liver,Ground glass appearance | Hypertrophy,Centrilobular,moderate | severe
/mnt/e/spass/open-tggates-pathological-images/LATEST/images/bromobenzene/Liver/30507.svs,30507.svs,1,abnormal,186,12,5,bromobenzene,bromobenzene,Middle,100,mg/kg,29 day,Repeat,Gavage,Rat,6,Liver,Hypertrophy,Centrilobular,minimal
/mnt/e/spass/open-tggates-pathological-images/LATEST/images/ketoconazole/Liver/70492.svs,70492.svs,1,abnormal,231,14,1,ketoconazole,ketoconazole,High,100,mg/kg,8 day,Repeat,Gavage,Rat,6,Liver,"Vacuolization, cytoplasmic","Bile duct, interlobular",slight
/mnt/e/spass/open-tggates-pathological-images/LATEST/images/quinidine/Liver/35175.svs,35175.svs,1,abnormal,350,15,1,quinidine,quinidine,High,200,mg/kg,15 day,Repeat,Gavage,Rat,6,Liver,Hypertrophy,Centrilobular,slight
/mnt/e/spass/open-tggates-pathological-images/LATEST/images/phenylbutazone/Liver/26603.svs,26603.svs,1,abnormal,97,16,2,phenylbutazone,phenylbutazone,High,200,mg/kg,29 day,Repeat,Gavage,Rat,6,Liver,Hypertrophy,Centrilobular,minimal
/mnt/e/spass/open-tggates-pathological-images/LATEST/images/phenylanthranilic_acid/Liver/50202.svs,50202.svs,1,abnormal,597,11,5,phenylanthranilic acid,phenylanthranilic_acid,Middle,1000,mg/kg,9 hr,Single,Gavage,Rat,6,Liver,"Change, eosinophilic",Hepatocyte,slight
/mnt/e/spass/open-tggates-pathological-images/LATEST/images/tetracycline/Liver/11035.svs,11035.svs,1,abnormal,308,15,4,tetracycline,tetracycline,High,1000,mg/kg,9 hr,Single,Gavage,Rat,6,Liver,"Vacuolization, cytoplasmic",Midlobular,minimal
/mnt/e/spass/open-tggates-pathological-images/LATEST/images/naphthyl_isothiocyanate/Liver/25431.svs,25431.svs,1,abnormal,101,16,4,naphthyl isothiocyanate,naphthyl_isothiocyanate,High,15,mg/kg,29 day,Repeat,Gavage,Rat,6,Liver,"Cellular infiltration | Fibrosis | Necrosis | Proliferation, bile duct",Periportal,minimal | slight
/mnt/e/spass/open-tggates-pathological-images/LATEST/images/aflatoxin_B1/Liver/65422.svs,65422.svs,1,abnormal,717,4,2,aflatoxin B1,aflatoxin_B1,High,10,mg/kg,24 hr,Single,Gavage,Rat,6,Liver,"Cellular infiltration, mononuclear cell | Change, eosinophilic | Single cell necrosis",Periportal,slight | moderate
/mnt/e/spass/open-tggates-pathological-images/LATEST/images/galactosamine/Liver/59344.svs,59344.svs,1,abnormal,447,5,5,galactosamine,galactosamine,Low,100,mg/kg,3 hr,Single,intraperitoneal injection,Rat,6,Liver,Necrosis,Hepatocyte,P
/mnt/e/spass/open-tggates-pathological-images/LATEST/images/acetaminophen/Liver/27246.svs,27246.svs,1,abnormal,40,24,4,acetaminophen,acetaminophen,High,1000,mg/kg,24 hr,Single,Gavage,Rat,6,Liver,"Cellular infiltration | Change, eosinophilic",Centrilobular,minimal
/mnt/e/spass/open-tggates-pathological-images/LATEST/images/carbon_tetrachloride/Liver/26515.svs,26515.svs,1,abnormal,67,10,5,carbon tetrachloride,carbon_tetrachloride,Low,30,mg/kg,8 day,Repeat,Gavage,Rat,6,Liver,"Cellular infiltration | Degeneration, fatty",Centrilobular,minimal | slight
/mnt/e/spass/open-tggates-pathological-images/LATEST/images/methylene_dianiline/Liver/63442.svs,63442.svs,1,abnormal,685,7,5,methylene dianiline,methylene_dianiline,Low,30,mg/kg,9 hr,Single,Gavage,Rat,6,Liver,Cellular infiltration | Dilatation | Edema | Necrosis,Glisson's sheath | Lymphatic | Bile duct cell,minimal | slight
/mnt/e/spass/open-tggates-pathological-images/LATEST/images/bendazac/Liver/44341.svs,44341.svs,1,abnormal,551,4,1,bendazac,bendazac,Control,0,mg/kg,29 day,Repeat,Gavage,Rat,6,Liver,Microgranuloma,,minimal
/mnt/e/spass/open-tggates-pathological-images/LATEST/images/etoposide/Liver/45663.svs,45663.svs,1,abnormal,555,15,5,etoposide,etoposide,High,30,mg/kg,15 day,Repeat,Gavage,Rat,6,Liver,Microgranuloma,,minimal
/mnt/e/spass/open-tggates-pathological-images/LATEST/images/WY-14643/Liver/29565.svs,29565.svs,1,abnormal,182,7,2,WY-14643,WY-14643,Low,10,mg/kg,15 day,Repeat,Gavage,Rat,6,Liver,"Degeneration, granular, eosinophilic | Hypertrophy | Necrosis","Hepatocyte | Bile duct, interlobular",severe | minimal
/mnt/e/spass/open-tggates-pathological-images/LATEST/images/fenofibrate/Liver/35110.svs,35110.svs,1,abnormal,434,15,3,fenofibrate,fenofibrate,High,1000,mg/kg,15 day,Repeat,Gavage,Rat,6,Liver,"Degeneration, granular, eosinophilic",Hepatocyte,moderate
/mnt/e/spass/open-tggates-pathological-images/LATEST/images/benzbromarone/Liver/5846.svs,5846.svs,1,abnormal,155,7,4,benzbromarone,benzbromarone,Low,20,mg/kg,15 day,Repeat,Gavage,Rat,6,Liver,Hypertrophy,Centrilobular,minimal
/mnt/e/spass/open-tggates-pathological-images/LATEST/images/phenylanthranilic_acid/Liver/50273.svs,50273.svs,1,abnormal,597,16,5,phenylanthranilic acid,phenylanthranilic_acid,High,2000,mg/kg,24 hr,Single,Gavage,Rat,6,Liver,"Change, eosinophilic | Increased mitosis",Hepatocyte,slight | minimal
/mnt/e/spass/open-tggates-pathological-images/LATEST/images/omeprazole/Liver/27540.svs,27540.svs,1,abnormal,124,16,4,omeprazole,omeprazole,High,1000,mg/kg,29 day,Repeat,Gavage,Rat,6,Liver,Hypertrophy,Centrilobular,moderate
/mnt/e/spass/open-tggates-pathological-images/LATEST/images/iproniazid/Liver/34470.svs,34470.svs,1,abnormal,319,16,2,iproniazid,iproniazid,High,60,mg/kg,29 day,Repeat,Gavage,Rat,6,Liver,"Deposit, pigment | Hematopoiesis, extramedullary | Phagocytosis",Kupffer cell | Sinusoid,moderate | slight
/mnt/e/spass/open-tggates-pathological-images/LATEST/images/phenylanthranilic_acid/Liver/50169.svs,50169.svs,1,abnormal,597,9,3,phenylanthranilic acid,phenylanthranilic_acid,Middle,1000,mg/kg,3 hr,Single,Gavage,Rat,6,Liver,"Change, eosinophilic",Hepatocyte,minimal
/mnt/e/spass/open-tggates-pathological-images/LATEST/images/flutamide/Liver/11386.svs,11386.svs,1,abnormal,291,6,1,flutamide,flutamide,Low,15,mg/kg,6 hr,Single,Gavage,Rat,6,Liver,Microgranuloma,,minimal
/mnt/e/spass/open-tggates-pathological-images/LATEST/images/thioacetamide/Liver/46720.svs,46720.svs,1,abnormal,117,8,1,thioacetamide,thioacetamide,Low,5,mg/kg,29 day,Repeat,Gavage,Rat,6,Liver,"Alteration, nuclear | Degeneration, granular, eosinophilic",,minimal
/mnt/e/spass/open-tggates-pathological-images/LATEST/images/gemfibrozil/Liver/29943.svs,29943.svs,1,abnormal,184,12,3,gemfibrozil,gemfibrozil,Middle,100,mg/kg,29 day,Repeat,Gavage,Rat,6,Liver,"Cellular foci | Degeneration, granular, eosinophilic | Granuloma",Hepatocyte,P | slight | minimal
/mnt/e/spass/open-tggates-pathological-images/LATEST/images/nitrosodiethylamine/Liver/52689.svs,52689.svs,1,abnormal,571,13,5,nitrosodiethylamine,nitrosodiethylamine,High,30,mg/kg,4 day,Repeat,Gavage,Rat,6,Liver,"Change, acidophilic | Necrosis",Centrilobular,slight | minimal
/mnt/e/spass/open-tggates-pathological-images/LATEST/images/phenobarbital/Liver/25620.svs,25620.svs,1,abnormal,93,10,3,phenobarbital,phenobarbital,Middle,30,mg/kg,8 day,Repeat,Gavage,Rat,6,Liver,Ground glass appearance | Hypertrophy,Centrilobular,minimal
/mnt/e/spass/open-tggates-pathological-images/LATEST/images/bortezomib/Liver/66301.svs,66301.svs,1,abnormal,740,12,5,bortezomib,bortezomib,Middle,0,mg/kg,24 hr,Single,intravenous injection,Rat,6,Liver,"Alteration, nuclear | Change, eosinophilic | Hypertrophy",Peripheral,slight
/mnt/e/spass/open-tggates-pathological-images/LATEST/images/aspirin/Liver/61474.svs,61474.svs,1,abnormal,630,13,2,aspirin,aspirin,High,2000,mg/kg,3 hr,Single,Gavage,Rat,6,Liver,Swelling,Centrilobular,slight
/mnt/e/spass/open-tggates-pathological-images/LATEST/images/WY-14643/Liver/29560.svs,29560.svs,1,abnormal,182,6,5,WY-14643,WY-14643,Low,10,mg/kg,8 day,Repeat,Gavage,Rat,6,Liver,"Degeneration, granular, eosinophilic | Hypertrophy","Hepatocyte | Bile duct, interlobular",severe | minimal
/mnt/e/spass/open-tggates-pathological-images/LATEST/images/propylthiouracil/Liver/8049.svs,8049.svs,1,abnormal,201,16,2,propylthiouracil,propylthiouracil,High,100,mg/kg,29 day,Repeat,Gavage,Rat,6,Liver,Hypertrophy,Centrilobular,minimal
/mnt/e/spass/open-tggates-pathological-images/LATEST/images/carbamazepine/Liver/28723.svs,28723.svs,1,abnormal,147,15,5,carbamazepine,carbamazepine,High,300,mg/kg,15 day,Repeat,Gavage,Rat,6,Liver,Hypertrophy,Centrilobular,moderate
/mnt/e/spass/open-tggates-pathological-images/LATEST/images/ethionamide/Liver/46086.svs,46086.svs,1,abnormal,584,12,3,ethionamide,ethionamide,Middle,300,mg/kg,24 hr,Single,Gavage,Rat,6,Liver,Microgranuloma | Single cell necrosis,,minimal
/mnt/e/spass/open-tggates-pathological-images/LATEST/images/nitrofurantoin/Liver/29972.svs,29972.svs,1,abnormal,151,2,2,nitrofurantoin,nitrofurantoin,Control,0,mg/kg,8 day,Repeat,Gavage,Rat,6,Liver,Cellular infiltration,,minimal
/mnt/e/spass/open-tggates-pathological-images/LATEST/images/omeprazole/Liver/27469.svs,27469.svs,1,abnormal,124,15,1,omeprazole,omeprazole,High,1000,mg/kg,15 day,Repeat,Gavage,Rat,6,Liver,Cellular infiltration | Hypertrophy,Centrilobular,minimal | moderate
/mnt/e/spass/open-tggates-pathological-images/LATEST/images/naphthyl_isothiocyanate/Liver/25373.svs,25373.svs,1,abnormal,101,15,3,naphthyl isothiocyanate,naphthyl_isothiocyanate,High,15,mg/kg,15 day,Repeat,Gavage,Rat,6,Liver,"Cellular infiltration | Change, acidophilic | Proliferation, bile duct",Periportal | Hepatocyte,minimal
/mnt/e/spass/open-tggates-pathological-images/LATEST/images/gefitinib/Liver/67116.svs,67116.svs,1,abnormal,745,13,1,gefitinib,gefitinib,High,2000,mg/kg,3 hr,Single,Gavage,Rat,6,Liver,Single cell necrosis,Hepatocyte,slight
/mnt/e/spass/open-tggates-pathological-images/LATEST/images/diethyl_maleate/Liver/60000.svs,60000.svs,1,abnormal,458,4,3,diethyl maleate,diethyl_maleate,Control,0,mg/kg,24 hr,Single,intraperitoneal injection,Rat,6,Liver,Necrosis,Subserosa,minimal
/mnt/e/spass/open-tggates-pathological-images/LATEST/images/ethionine/Liver/27782.svs,27782.svs,1,abnormal,126,10,2,ethionine,ethionine,Middle,80,mg/kg,8 day,Repeat,Gavage,Rat,6,Liver,"Alteration, cytoplasmic",,slight
/mnt/e/spass/open-tggates-pathological-images/LATEST/images/acarbose/Liver/41505.svs,41505.svs,1,abnormal,510,14,4,acarbose,acarbose,High,1000,mg/kg,6 hr,Single,Gavage,Rat,6,Liver,Necrosis,Liver cell,minimal
/mnt/e/spass/open-tggates-pathological-images/LATEST/images/WY-14643/Liver/8384.svs,8384.svs,1,abnormal,181,10,4,WY-14643,WY-14643,Middle,30,mg/kg,6 hr,Single,Gavage,Rat,6,Liver,"Degeneration, granular, eosinophilic",Hepatocyte,minimal
/mnt/e/spass/open-tggates-pathological-images/LATEST/images/nitrosodiethylamine/Liver/52334.svs,52334.svs,1,abnormal,570,13,3,nitrosodiethylamine,nitrosodiethylamine,High,100,mg/kg,3 hr,Single,Gavage,Rat,6,Liver,Swelling,Centrilobular,slight
/mnt/e/spass/open-tggates-pathological-images/LATEST/images/indomethacin/Liver/27288.svs,27288.svs,1,abnormal,113,1,4,indomethacin,indomethacin,Control,0,mg/kg,4 day,Repeat,Gavage,Rat,6,Liver,"Cellular infiltration, mononuclear cell",,slight
/mnt/e/spass/open-tggates-pathological-images/LATEST/images/rosiglitazone_maleate/Liver/62718.svs,62718.svs,1,abnormal,665,15,5,rosiglitazone maleate,rosiglitazone_maleate,High,500,mg/kg,9 hr,Single,Gavage,Rat,6,Liver,"Proliferation, Kupffer cell",,minimal
/mnt/e/spass/open-tggates-pathological-images/LATEST/images/hexachlorobenzene/Liver/6371.svs,6371.svs,1,abnormal,157,10,5,hexachlorobenzene,hexachlorobenzene,Middle,100,mg/kg,8 day,Repeat,Gavage,Rat,6,Liver,Ground glass appearance,Centrilobular,minimal
/mnt/e/spass/open-tggates-pathological-images/LATEST/images/naproxen/Liver/34809.svs,34809.svs,1,abnormal,348,14,1,naproxen,naproxen,High,60,mg/kg,8 day,Repeat,Gavage,Rat,6,Liver,"Hematopoiesis, extramedullary",Sinusoid,slight
/mnt/e/spass/open-tggates-pathological-images/LATEST/images/fluphenazine/Liver/9479.svs,9479.svs,1,abnormal,274,13,5,fluphenazine,fluphenazine,High,20,mg/kg,4 day,Repeat,Gavage,Rat,6,Liver,Necrosis,,minimal
/mnt/e/spass/open-tggates-pathological-images/LATEST/images/monocrotaline/Liver/70559.svs,70559.svs,1,abnormal,280,14,3,monocrotaline,monocrotaline,High,30,mg/kg,8 day,Repeat,Gavage,Rat,6,Liver,"Cellular infiltration | Change, acidophilic | Fibrosis | Hemorrhage",Sinusoid | Hepatocyte | Centrilobular | Periportal,moderate | slight
/mnt/e/spass/open-tggates-pathological-images/LATEST/images/methapyrilene/Liver/46950.svs,46950.svs,1,abnormal,174,14,4,methapyrilene,methapyrilene,High,100,mg/kg,8 day,Repeat,Gavage,Rat,6,Liver,"Anisonucleosis | Cellular infiltration, mononuclear cell | Hypertrophy | Proliferation, bile duct | Single cell necrosis",Hepatocyte | Periportal | Interlobular,slight
/mnt/e/spass/open-tggates-pathological-images/LATEST/images/ajmaline/Liver/43151.svs,43151.svs,1,abnormal,518,8,1,ajmaline,ajmaline,Low,30,mg/kg,29 day,Repeat,Gavage,Rat,6,Liver,Microgranuloma,,minimal
/mnt/e/spass/open-tggates-pathological-images/LATEST/images/dexamethasone/Liver/63005.svs,63005.svs,1,abnormal,664,12,1,dexamethasone,dexamethasone,Middle,5,mg/kg,24 hr,Single,Gavage,Rat,6,Liver,"Vacuolization, cytoplasmic",Periportal,slight
/mnt/e/spass/open-tggates-pathological-images/LATEST/images/nitrosodiethylamine/Liver/52415.svs,52415.svs,1,abnormal,570,16,3,nitrosodiethylamine,nitrosodiethylamine,High,100,mg/kg,24 hr,Single,Gavage,Rat,6,Liver,Single cell necrosis | Swelling,Centrilobular,minimal | moderate
/mnt/e/spass/open-tggates-pathological-images/LATEST/images/diazepam/Liver/6539.svs,6539.svs,1,abnormal,159,14,2,diazepam,diazepam,High,250,mg/kg,8 day,Repeat,Gavage,Rat,6,Liver,Hypertrophy,Centrilobular,minimal
/mnt/e/spass/open-tggates-pathological-images/LATEST/images/nimesulide/Liver/47490.svs,47490.svs,1,abnormal,587,15,3,nimesulide,nimesulide,High,100,mg/kg,15 day,Repeat,Gavage,Rat,6,Liver,Ground glass appearance | Hypertrophy,Centrilobular,minimal | slight
/mnt/e/spass/open-tggates-pathological-images/LATEST/images/phenylanthranilic_acid/Liver/50222.svs,50222.svs,1,abnormal,597,13,2,phenylanthranilic acid,phenylanthranilic_acid,High,2000,mg/kg,3 hr,Single,Gavage,Rat,6,Liver,"Change, eosinophilic",Hepatocyte,minimal
/mnt/e/spass/open-tggates-pathological-images/LATEST/images/bucetin/Liver/49792.svs,49792.svs,1,abnormal,596,16,3,bucetin,bucetin,High,1000,mg/kg,29 day,Repeat,Gavage,Rat,6,Liver,"Change, eosinophilic",Centrilobular,slight
/mnt/e/spass/open-tggates-pathological-images/LATEST/images/1%25_cholesterol_%2B_0.25%25_sodium_cholate/Liver/66191.svs,66191.svs,1,abnormal,698,7,4,1% cholesterol + 0.25% sodium cholate,1%25_cholesterol_%2B_0.25%25_sodium_cholate,High,9999,%,15 day,Repeat,Diet,Rat,6,Liver,"Cellular infiltration, mononuclear cell | Degeneration, fatty | Necrosis",Peripheral | Hepatocyte,slight | moderate
/mnt/e/spass/open-tggates-pathological-images/LATEST/images/nitrofurantoin/Liver/29985.svs,29985.svs,1,abnormal,151,6,3,nitrofurantoin,nitrofurantoin,Low,10,mg/kg,8 day,Repeat,Gavage,Rat,6,Liver,Cellular infiltration,,minimal
/mnt/e/spass/open-tggates-pathological-images/LATEST/images/nimesulide/Liver/47488.svs,47488.svs,1,abnormal,587,15,1,nimesulide,nimesulide,High,100,mg/kg,15 day,Repeat,Gavage,Rat,6,Liver,Ground glass appearance | Hypertrophy,Centrilobular,slight
/mnt/e/spass/open-tggates-pathological-images/LATEST/images/bucetin/Liver/49786.svs,49786.svs,1,abnormal,596,16,1,bucetin,bucetin,High,1000,mg/kg,29 day,Repeat,Gavage,Rat,6,Liver,"Change, eosinophilic",Centrilobular,minimal
/mnt/e/spass/open-tggates-pathological-images/LATEST/images/nitrosodiethylamine/Liver/52850.svs,52850.svs,1,abnormal,571,12,3,nitrosodiethylamine,nitrosodiethylamine,Middle,10,mg/kg,29 day,Repeat,Gavage,Rat,6,Liver,"Change, acidophilic | Necrosis",Centrilobular,slight | minimal
/mnt/e/spass/open-tggates-pathological-images/LATEST/images/acetamide/Liver/65698.svs,65698.svs,1,abnormal,713,13,4,acetamide,acetamide,High,2000,mg/kg,4 day,Repeat,Gavage,Rat,6,Liver,"Anisonucleosis | Change, acidophilic | Pyknosis | Single cell necrosis",Hepatocyte,slight | moderate
/mnt/e/spass/open-tggates-pathological-images/LATEST/images/promethazine/Liver/48963.svs,48963.svs,1,abnormal,494,15,3,promethazine,promethazine,High,200,mg/kg,15 day,Repeat,Gavage,Rat,6,Liver,Ground glass appearance | Hypertrophy,Centrilobular,moderate
/mnt/e/spass/open-tggates-pathological-images/LATEST/images/colchicine/Liver/41416.svs,41416.svs,1,abnormal,501,7,5,colchicine,colchicine,Low,2,mg/kg,9 hr,Single,Gavage,Rat,6,Liver,Increased mitosis | Single cell necrosis,Midlobular,minimal
/mnt/e/spass/open-tggates-pathological-images/LATEST/images/nifedipine/Liver/21006.svs,21006.svs,1,abnormal,410,13,4,nifedipine,nifedipine,High,1000,mg/kg,3 hr,Single,Gavage,Rat,6,Liver,Increased mitosis,Hepatocyte,minimal
/mnt/e/spass/open-tggates-pathological-images/LATEST/images/methyltestosterone/Liver/10648.svs,10648.svs,1,abnormal,241,12,2,methyltestosterone,methyltestosterone,Middle,100,mg/kg,24 hr,Single,Gavage,Rat,6,Liver,Increased mitosis,Hepatocyte,minimal
/mnt/e/spass/open-tggates-pathological-images/LATEST/images/acetamidofluorene/Liver/51821.svs,51821.svs,1,abnormal,569,6,1,acetamidofluorene,acetamidofluorene,Low,30,mg/kg,8 day,Repeat,Gavage,Rat,6,Liver,"Cellular infiltration | Proliferation, bile duct | Proliferation, oval cell | Swelling",Periportal | Centrilobular,minimal
/mnt/e/spass/open-tggates-pathological-images/LATEST/images/omeprazole/Liver/27393.svs,27393.svs,1,abnormal,124,10,1,omeprazole,omeprazole,Middle,300,mg/kg,8 day,Repeat,Gavage,Rat,6,Liver,Cellular infiltration,,minimal
/mnt/e/spass/open-tggates-pathological-images/LATEST/images/N-nitrosomorpholine/Liver/65276.svs,65276.svs,1,abnormal,714,4,4,N-nitrosomorpholine,N-nitrosomorpholine,High,600,mg/kg,24 hr,Single,Gavage,Rat,6,Liver,"Change, acidophilic | Single cell necrosis",Centrilobular | Hepatocyte,moderate
/mnt/e/spass/open-tggates-pathological-images/LATEST/images/bendazac/Liver/44142.svs,44142.svs,1,abnormal,550,9,5,bendazac,bendazac,Middle,300,mg/kg,3 hr,Single,Gavage,Rat,6,Liver,Increased mitosis,Hepatocyte,minimal
/mnt/e/spass/open-tggates-pathological-images/LATEST/images/acarbose/Liver/41694.svs,41694.svs,1,abnormal,511,2,3,acarbose,acarbose,Control,0,mg/kg,8 day,Repeat,Gavage,Rat,6,Liver,Microgranuloma,,minimal
/mnt/e/spass/open-tggates-pathological-images/LATEST/images/ethionamide/Liver/46290.svs,46290.svs,1,abnormal,585,1,1,ethionamide,ethionamide,Control,0,mg/kg,4 day,Repeat,Gavage,Rat,6,Liver,Necrosis,Subserosa,minimal
/mnt/e/spass/open-tggates-pathological-images/LATEST/images/dantrolene/Liver/43870.svs,43870.svs,1,abnormal,520,13,4,dantrolene,dantrolene,High,250,mg/kg,4 day,Repeat,Gavage,Rat,6,Liver,Microgranuloma,,minimal
/mnt/e/spass/open-tggates-pathological-images/LATEST/images/benziodarone/Liver/45062.svs,45062.svs,1,abnormal,553,15,5,benziodarone,benziodarone,High,300,mg/kg,15 day,Repeat,Gavage,Rat,6,Liver,Hypertrophy,Centrilobular,minimal
/mnt/e/spass/open-tggates-pathological-images/LATEST/images/acetamidofluorene/Liver/51484.svs,51484.svs,1,abnormal,568,7,1,acetamidofluorene,acetamidofluorene,Low,100,mg/kg,9 hr,Single,Gavage,Rat,6,Liver,Swelling,Centrilobular,minimal
/mnt/e/spass/open-tggates-pathological-images/LATEST/images/ethionamide/Liver/46013.svs,46013.svs,1,abnormal,584,5,4,ethionamide,ethionamide,Low,100,mg/kg,3 hr,Single,Gavage,Rat,6,Liver,Single cell necrosis,,slight
/mnt/e/spass/open-tggates-pathological-images/LATEST/images/iproniazid/Liver/34480.svs,34480.svs,1,abnormal,319,16,4,iproniazid,iproniazid,High,60,mg/kg,29 day,Repeat,Gavage,Rat,6,Liver,"Deposit, pigment | Hematopoiesis, extramedullary | Phagocytosis",Kupffer cell | Sinusoid,moderate | slight
/mnt/e/spass/open-tggates-pathological-images/LATEST/images/amphotericin_B/Liver/64969.svs,64969.svs,1,abnormal,691,14,4,amphotericin B,amphotericin_B,High,1,mg/kg,8 day,Repeat,intravenous injection,Rat,6,Liver,Necrosis,,minimal
/mnt/e/spass/open-tggates-pathological-images/LATEST/images/tolbutamide/Liver/40632.svs,40632.svs,1,abnormal,507,15,4,tolbutamide,tolbutamide,High,1000,mg/kg,15 day,Repeat,Gavage,Rat,6,Liver,Hypertrophy,Centrilobular,minimal
/mnt/e/spass/open-tggates-pathological-images/LATEST/images/etoposide/Liver/45592.svs,45592.svs,1,abnormal,555,9,3,etoposide,etoposide,Middle,10,mg/kg,4 day,Repeat,Gavage,Rat,6,Liver,Granuloma | Microgranuloma | Necrosis,,minimal
/mnt/e/spass/open-tggates-pathological-images/LATEST/images/phenobarbital/Liver/25683.svs,25683.svs,1,abnormal,93,16,5,phenobarbital,phenobarbital,High,100,mg/kg,29 day,Repeat,Gavage,Rat,6,Liver,Ground glass appearance | Hypertrophy,Centrilobular,moderate
/mnt/e/spass/open-tggates-pathological-images/LATEST/images/thioacetamide/Liver/46803.svs,46803.svs,1,abnormal,117,13,5,thioacetamide,thioacetamide,High,45,mg/kg,4 day,Repeat,Gavage,Rat,6,Liver,"Cellular infiltration | Degeneration, granular, eosinophilic | Hypertrophy | Single cell necrosis",Centrilobular | Hepatocyte,minimal | slight
/mnt/e/spass/open-tggates-pathological-images/LATEST/images/dantrolene/Liver/43887.svs,43887.svs,1,abnormal,520,15,3,dantrolene,dantrolene,High,250,mg/kg,15 day,Repeat,Gavage,Rat,6,Liver,Ground glass appearance | Hypertrophy | Microgranuloma,Centrilobular,minimal
/mnt/e/spass/open-tggates-pathological-images/LATEST/images/chlorpheniramine/Liver/36658.svs,36658.svs,1,abnormal,409,12,2,chlorpheniramine,chlorpheniramine,Middle,10,mg/kg,29 day,Repeat,Gavage,Rat,6,Liver,Hypertrophy,Centrilobular,minimal
/mnt/e/spass/open-tggates-pathological-images/LATEST/images/disopyramide/Liver/38659.svs,38659.svs,1,abnormal,463,15,5,disopyramide,disopyramide,High,400,mg/kg,15 day,Repeat,Gavage,Rat,6,Liver,"Change, eosinophilic",Centrilobular,slight
/mnt/e/spass/open-tggates-pathological-images/LATEST/images/meloxicam/Liver/44822.svs,44822.svs,1,abnormal,536,14,5,meloxicam,meloxicam,High,30,mg/kg,8 day,Repeat,Gavage,Rat,6,Liver,Inflammation,Serosa,slight
/mnt/e/spass/open-tggates-pathological-images/LATEST/images/dexamethasone/Liver/63052.svs,63052.svs,1,abnormal,664,16,4,dexamethasone,dexamethasone,High,50,mg/kg,24 hr,Single,Gavage,Rat,6,Liver,"Vacuolization, cytoplasmic",Periportal,moderate
/mnt/e/spass/open-tggates-pathological-images/LATEST/images/glibenclamide/Liver/10654.svs,10654.svs,1,abnormal,235,8,5,glibenclamide,glibenclamide,Low,100,mg/kg,29 day,Repeat,Gavage,Rat,6,Liver,Microgranuloma,,minimal
/mnt/e/spass/open-tggates-pathological-images/LATEST/images/ethionine/Liver/4780.svs,4780.svs,1,abnormal,125,8,2,ethionine,ethionine,Low,25,mg/kg,24 hr,Single,Gavage,Rat,6,Liver,Cellular infiltration,Portal,minimal
/mnt/e/spass/open-tggates-pathological-images/LATEST/images/aspirin/Liver/61480.svs,61480.svs,1,abnormal,630,13,5,aspirin,aspirin,High,2000,mg/kg,3 hr,Single,Gavage,Rat,6,Liver,Swelling,Centrilobular,slight
/mnt/e/spass/open-tggates-pathological-images/LATEST/images/terbinafine/Liver/44190.svs,44190.svs,1,abnormal,534,14,3,terbinafine,terbinafine,High,750,mg/kg,8 day,Repeat,Gavage,Rat,6,Liver,Hypertrophy,Centrilobular,minimal
/mnt/e/spass/open-tggates-pathological-images/LATEST/images/trimethadione/Liver/43612.svs,43612.svs,1,abnormal,529,16,4,trimethadione,trimethadione,High,500,mg/kg,29 day,Repeat,Gavage,Rat,6,Liver,Hypertrophy,Centrilobular,minimal
/mnt/e/spass/open-tggates-pathological-images/LATEST/images/galactosamine/Liver/59385.svs,59385.svs,1,abnormal,447,10,3,galactosamine,galactosamine,Middle,300,mg/kg,6 hr,Single,intraperitoneal injection,Rat,6,Liver,Cellular infiltration | Degeneration | Single cell necrosis,Hepatocyte,minimal | slight
/mnt/e/spass/open-tggates-pathological-images/LATEST/images/acetamidofluorene/Liver/51796.svs,51796.svs,1,abnormal,569,13,5,acetamidofluorene,acetamidofluorene,High,300,mg/kg,4 day,Repeat,Gavage,Rat,6,Liver,Swelling,Centrilobular,moderate
/mnt/e/spass/open-tggates-pathological-images/LATEST/images/bromobenzene/Liver/30516.svs,30516.svs,1,abnormal,186,13,5,bromobenzene,bromobenzene,High,300,mg/kg,4 day,Repeat,Gavage,Rat,6,Liver,Cellular infiltration | Hypertrophy,Centrilobular,minimal
/mnt/e/spass/open-tggates-pathological-images/LATEST/images/WY-14643/Liver/29619.svs,29619.svs,1,abnormal,182,12,1,WY-14643,WY-14643,Middle,30,mg/kg,29 day,Repeat,Gavage,Rat,6,Liver,"Degeneration, granular, eosinophilic | Hypertrophy","Hepatocyte | Bile duct, interlobular",severe | slight
/mnt/e/spass/open-tggates-pathological-images/LATEST/images/nitrofurazone/Liver/15983.svs,15983.svs,1,abnormal,325,1,1,nitrofurazone,nitrofurazone,Control,0,mg/kg,3 hr,Single,Gavage,Rat,6,Liver,Necrosis,Hepatocyte,minimal
/mnt/e/spass/open-tggates-pathological-images/LATEST/images/ethionine/Liver/27840.svs,27840.svs,1,abnormal,126,15,2,ethionine,ethionine,High,250,mg/kg,15 day,Repeat,Gavage,Rat,6,Liver,"Alteration, cytoplasmic",,moderate
/mnt/e/spass/open-tggates-pathological-images/LATEST/images/methylene_dianiline/Liver/63620.svs,63620.svs,1,abnormal,685,16,4,methylene dianiline,methylene_dianiline,High,300,mg/kg,24 hr,Single,Gavage,Rat,6,Liver,Cellular infiltration | Dilatation | Edema | Hemorrhage | Hypertrophy | Necrosis,Glisson's sheath | Lymphatic | Bile duct cell | Hepatocyte | Periportal,slight | minimal | moderate
/mnt/e/spass/open-tggates-pathological-images/LATEST/images/ethionamide/Liver/46062.svs,46062.svs,1,abnormal,584,9,5,ethionamide,ethionamide,Middle,300,mg/kg,3 hr,Single,Gavage,Rat,6,Liver,Single cell necrosis,,minimal
/mnt/e/spass/open-tggates-pathological-images/LATEST/images/papaverine/Liver/37331.svs,37331.svs,1,abnormal,431,16,1,papaverine,papaverine,High,400,mg/kg,24 hr,Single,Gavage,Rat,6,Liver,Increased mitosis,Hepatocyte,slight
/mnt/e/spass/open-tggates-pathological-images/LATEST/images/nitrofurantoin/Liver/30014.svs,30014.svs,1,abnormal,151,14,5,nitrofurantoin,nitrofurantoin,High,100,mg/kg,8 day,Repeat,Gavage,Rat,6,Liver,Cellular infiltration,Portal,minimal
/mnt/e/spass/open-tggates-pathological-images/LATEST/images/allyl_alcohol/Liver/25598.svs,25598.svs,1,abnormal,103,5,4,allyl alcohol,allyl_alcohol,Low,3,mg/kg,4 day,Repeat,Gavage,Rat,6,Liver,Cellular infiltration,,minimal
/mnt/e/spass/open-tggates-pathological-images/LATEST/images/galactosamine/Liver/59399.svs,59399.svs,1,abnormal,447,12,1,galactosamine,galactosamine,Middle,300,mg/kg,24 hr,Single,intraperitoneal injection,Rat,6,Liver,Cellular infiltration | Degeneration | Single cell necrosis,Hepatocyte,minimal | slight
/mnt/e/spass/open-tggates-pathological-images/LATEST/images/dexamethasone/Liver/63035.svs,63035.svs,1,abnormal,664,15,1,dexamethasone,dexamethasone,High,50,mg/kg,9 hr,Single,Gavage,Rat,6,Liver,"Vacuolization, cytoplasmic",Periportal,slight
/mnt/e/spass/open-tggates-pathological-images/LATEST/images/1%25_cholesterol_%2B_0.25%25_sodium_cholate/Liver/66183.svs,66183.svs,1,abnormal,698,7,2,1% cholesterol + 0.25% sodium cholate,1%25_cholesterol_%2B_0.25%25_sodium_cholate,High,9999,%,15 day,Repeat,Diet,Rat,6,Liver,"Degeneration, fatty",Peripheral,moderate
/mnt/e/spass/open-tggates-pathological-images/LATEST/images/papaverine/Liver/37754.svs,37754.svs,1,abnormal,432,14,2,papaverine,papaverine,High,400,mg/kg,8 day,Repeat,Gavage,Rat,6,Liver,Ground glass appearance,Centrilobular,moderate
/mnt/e/spass/open-tggates-pathological-images/LATEST/images/phenylbutazone/Liver/26599.svs,26599.svs,1,abnormal,97,15,4,phenylbutazone,phenylbutazone,High,200,mg/kg,15 day,Repeat,Gavage,Rat,6,Liver,Hypertrophy,Centrilobular,minimal
/mnt/e/spass/open-tggates-pathological-images/LATEST/images/chloramphenicol/Liver/15829.svs,15829.svs,1,abnormal,324,16,4,chloramphenicol,chloramphenicol,High,1000,mg/kg,29 day,Repeat,Gavage,Rat,6,Liver,Hypertrophy,Hepatocyte,slight
/mnt/e/spass/open-tggates-pathological-images/LATEST/images/bortezomib/Liver/70972.svs,70972.svs,1,abnormal,740,10,2,bortezomib,bortezomib,Middle,0,mg/kg,6 hr,Single,intravenous injection,Rat,6,Liver,"Change, eosinophilic | Single cell necrosis",Peripheral | Hepatocyte,slight
/mnt/e/spass/open-tggates-pathological-images/LATEST/images/bendazac/Liver/44420.svs,44420.svs,1,abnormal,551,10,3,bendazac,bendazac,Middle,100,mg/kg,8 day,Repeat,Gavage,Rat,6,Liver,Hypertrophy,Centrilobular,minimal
/mnt/e/spass/open-tggates-pathological-images/LATEST/images/flutamide/Liver/11729.svs,11729.svs,1,abnormal,292,2,1,flutamide,flutamide,Control,0,mg/kg,8 day,Repeat,Gavage,Rat,6,Liver,Microgranuloma,,minimal
/mnt/e/spass/open-tggates-pathological-images/LATEST/images/naphthyl_isothiocyanate/Liver/61272.svs,61272.svs,1,abnormal,626,12,5,naphthyl isothiocyanate,naphthyl_isothiocyanate,Middle,50,mg/kg,24 hr,Single,Gavage,Rat,6,Liver,Cellular infiltration | Edema | Necrosis,Portal triad | Bile duct,slight
/mnt/e/spass/open-tggates-pathological-images/LATEST/images/diclofenac/Liver/29379.svs,29379.svs,1,abnormal,149,7,4,diclofenac,diclofenac,Low,1,mg/kg,15 day,Repeat,Gavage,Rat,6,Liver,Cellular infiltration,,minimal
/mnt/e/spass/open-tggates-pathological-images/LATEST/images/monocrotaline/Liver/34085.svs,34085.svs,1,abnormal,280,15,2,monocrotaline,monocrotaline,High,30,mg/kg,15 day,Repeat,Gavage,Rat,6,Liver,"Cellular infiltration | Change, acidophilic | Deposit, hemosiderin | Fibrosis | Hemorrhage | Hypertrophy | Necrosis",Sinusoid | Hepatocyte | Centrilobular | Periportal | Kupffer cell | Peripheral,slight | severe | moderate
/mnt/e/spass/open-tggates-pathological-images/LATEST/images/chlorpropamide/Liver/35365.svs,35365.svs,1,abnormal,436,12,3,chlorpropamide,chlorpropamide,Middle,100,mg/kg,29 day,Repeat,Gavage,Rat,6,Liver,Hypertrophy,Centrilobular,slight
/mnt/e/spass/open-tggates-pathological-images/LATEST/images/methylene_dianiline/Liver/63431.svs,63431.svs,1,abnormal,685,7,1,methylene dianiline,methylene_dianiline,Low,30,mg/kg,9 hr,Single,Gavage,Rat,6,Liver,Necrosis,Bile duct cell,minimal
/mnt/e/spass/open-tggates-pathological-images/LATEST/images/carbon_tetrachloride/Liver/26074.svs,26074.svs,1,abnormal,66,23,1,carbon tetrachloride,carbon_tetrachloride,High,300,mg/kg,9 hr,Single,Gavage,Rat,6,Liver,"Degeneration, hydropic",Centrilobular,minimal
/mnt/e/spass/open-tggates-pathological-images/LATEST/images/monocrotaline/Liver/70550.svs,70550.svs,1,abnormal,280,11,1,monocrotaline,monocrotaline,Middle,10,mg/kg,15 day,Repeat,Gavage,Rat,6,Liver,Cellular infiltration,Sinusoid,slight
/mnt/e/spass/open-tggates-pathological-images/LATEST/images/ethinylestradiol/Liver/33703.svs,33703.svs,1,abnormal,305,16,1,ethinylestradiol,ethinylestradiol,High,10,mg/kg,29 day,Repeat,Gavage,Rat,6,Liver,"Change, eosinophilic | Dilatation | Hypertrophy | Vacuolization, cytoplasmic",Periportal | Sinusoid | Centrilobular | Hepatocyte,minimal | slight
/mnt/e/spass/open-tggates-pathological-images/LATEST/images/ethanol/Liver/47762.svs,47762.svs,1,abnormal,588,8,2,ethanol,ethanol,Low,400,mg/kg,24 hr,Single,Gavage,Rat,6,Liver,Microgranuloma,,minimal
/mnt/e/spass/open-tggates-pathological-images/LATEST/images/vitamin_A/Liver/15478.svs,15478.svs,1,abnormal,282,8,3,vitamin A,vitamin_A,Low,10,mg/kg,29 day,Repeat,Gavage,Rat,6,Liver,"Hypertrophy | Vacuolization, cytoplasmic",Ito cell,slight
/mnt/e/spass/open-tggates-pathological-images/LATEST/images/carbon_tetrachloride/Liver/26024.svs,26024.svs,1,abnormal,66,3,1,carbon tetrachloride,carbon_tetrachloride,Control,0,mg/kg,9 hr,Single,Gavage,Rat,6,Liver,Necrosis,,minimal
/mnt/e/spass/open-tggates-pathological-images/LATEST/images/galactosamine/Liver/59387.svs,59387.svs,1,abnormal,447,10,4,galactosamine,galactosamine,Middle,300,mg/kg,6 hr,Single,intraperitoneal injection,Rat,6,Liver,Cellular infiltration | Degeneration | Single cell necrosis,Hepatocyte,minimal
/mnt/e/spass/open-tggates-pathological-images/LATEST/images/phorone/Liver/59457.svs,59457.svs,1,abnormal,456,14,5,phorone,phorone,High,400,mg/kg,6 hr,Single,intraperitoneal injection,Rat,6,Liver,"Inclusion body, intracytoplasmic | Increased mitosis | Single cell necrosis | Vacuolization, cytoplasmic",Hepatocyte | Midlobular,minimal
/mnt/e/spass/open-tggates-pathological-images/LATEST/images/galactosamine/Liver/59415.svs,59415.svs,1,abnormal,447,13,5,galactosamine,galactosamine,High,1000,mg/kg,3 hr,Single,intraperitoneal injection,Rat,6,Liver,Degeneration | Single cell necrosis,Hepatocyte,minimal
/mnt/e/spass/open-tggates-pathological-images/LATEST/images/methapyrilene/Liver/46978.svs,46978.svs,1,abnormal,174,15,4,methapyrilene,methapyrilene,High,100,mg/kg,15 day,Repeat,Gavage,Rat,6,Liver,"Anisonucleosis | Cellular infiltration, mononuclear cell | Hypertrophy | Proliferation, bile duct | Single cell necrosis",Hepatocyte | Periportal | Interlobular,slight
/mnt/e/spass/open-tggates-pathological-images/LATEST/images/thioacetamide/Liver/27642.svs,27642.svs,1,abnormal,116,12,3,thioacetamide,thioacetamide,Middle,15,mg/kg,24 hr,Single,Gavage,Rat,6,Liver,"Change, eosinophilic",Hepatocyte,minimal
/mnt/e/spass/open-tggates-pathological-images/LATEST/images/benziodarone/Liver/45068.svs,45068.svs,1,abnormal,553,16,3,benziodarone,benziodarone,High,300,mg/kg,29 day,Repeat,Gavage,Rat,6,Liver,Hypertrophy,Centrilobular,slight
/mnt/e/spass/open-tggates-pathological-images/LATEST/images/nitrosodiethylamine/Liver/52339.svs,52339.svs,1,abnormal,570,13,4,nitrosodiethylamine,nitrosodiethylamine,High,100,mg/kg,3 hr,Single,Gavage,Rat,6,Liver,Swelling,Centrilobular,minimal
/mnt/e/spass/open-tggates-pathological-images/LATEST/images/phenobarbital/Liver/25637.svs,25637.svs,1,abnormal,93,12,2,phenobarbital,phenobarbital,Middle,30,mg/kg,29 day,Repeat,Gavage,Rat,6,Liver,Ground glass appearance | Hypertrophy,Centrilobular,slight | moderate
/mnt/e/spass/open-tggates-pathological-images/LATEST/images/vitamin_A/Liver/15459.svs,15459.svs,1,abnormal,282,8,1,vitamin A,vitamin_A,Low,10,mg/kg,29 day,Repeat,Gavage,Rat,6,Liver,"Hypertrophy | Vacuolization, cytoplasmic",Ito cell,slight
/mnt/e/spass/open-tggates-pathological-images/LATEST/images/iproniazid/Liver/34360.svs,34360.svs,1,abnormal,319,11,4,iproniazid,iproniazid,Middle,20,mg/kg,15 day,Repeat,Gavage,Rat,6,Liver,"Hematopoiesis, extramedullary",Sinusoid,slight
/mnt/e/spass/open-tggates-pathological-images/LATEST/images/papaverine/Liver/37683.svs,37683.svs,1,abnormal,432,11,2,papaverine,papaverine,Middle,120,mg/kg,15 day,Repeat,Gavage,Rat,6,Liver,Ground glass appearance,Centrilobular,slight
/mnt/e/spass/open-tggates-pathological-images/LATEST/images/ethionamide/Liver/46026.svs,46026.svs,1,abnormal,584,7,2,ethionamide,ethionamide,Low,100,mg/kg,9 hr,Single,Gavage,Rat,6,Liver,"Change, eosinophilic | Microgranuloma | Single cell necrosis",Periportal,minimal | slight
/mnt/e/spass/open-tggates-pathological-images/LATEST/images/trimethadione/Liver/43579.svs,43579.svs,1,abnormal,529,13,5,trimethadione,trimethadione,High,500,mg/kg,4 day,Repeat,Gavage,Rat,6,Liver,Single cell necrosis,Hepatocyte,slight
/mnt/e/spass/open-tggates-pathological-images/LATEST/images/ethionine/Liver/27804.svs,27804.svs,1,abnormal,126,14,5,ethionine,ethionine,High,250,mg/kg,8 day,Repeat,Gavage,Rat,6,Liver,"Alteration, cytoplasmic | Change, eosinophilic",Portal,moderate | minimal
/mnt/e/spass/open-tggates-pathological-images/LATEST/images/phenacetin/Liver/49076.svs,49076.svs,1,abnormal,594,15,3,phenacetin,phenacetin,High,1000,mg/kg,15 day,Repeat,Gavage,Rat,6,Liver,"Deposit, hemosiderin | Hypertrophy",Periportal | Centrilobular,minimal | slight
/mnt/e/spass/open-tggates-pathological-images/LATEST/images/nitrofurazone/Liver/16020.svs,16020.svs,1,abnormal,325,3,2,nitrofurazone,nitrofurazone,Control,0,mg/kg,9 hr,Single,Gavage,Rat,6,Liver,Necrosis,Hepatocyte,minimal
/mnt/e/spass/open-tggates-pathological-images/LATEST/images/carbamazepine/Liver/28708.svs,28708.svs,1,abnormal,147,11,5,carbamazepine,carbamazepine,Middle,100,mg/kg,15 day,Repeat,Gavage,Rat,6,Liver,Hypertrophy,Centrilobular,minimal
/mnt/e/spass/open-tggates-pathological-images/LATEST/images/N-nitrosomorpholine/Liver/65228.svs,65228.svs,1,abnormal,714,2,1,N-nitrosomorpholine,N-nitrosomorpholine,Low,100,mg/kg,24 hr,Single,Gavage,Rat,6,Liver,Single cell necrosis,Hepatocyte,slight
/mnt/e/spass/open-tggates-pathological-images/LATEST/images/clofibrate/Liver/3589.svs,3589.svs,1,abnormal,98,2,1,clofibrate,clofibrate,Control,0,mg/kg,6 hr,Single,Gavage,Rat,6,Liver,Cellular infiltration,,minimal
/mnt/e/spass/open-tggates-pathological-images/LATEST/images/griseofulvin/Liver/31952.svs,31952.svs,1,abnormal,290,15,3,griseofulvin,griseofulvin,High,1000,mg/kg,15 day,Repeat,Gavage,Rat,6,Liver,Swelling,Centrilobular,moderate
/mnt/e/spass/open-tggates-pathological-images/LATEST/images/desmopressin_acetate/Liver/64003.svs,64003.svs,1,abnormal,693,15,3,desmopressin acetate,desmopressin_acetate,High,200,꺤g/kg,15 day,Repeat,subcutaneous injection,Rat,6,Liver,Microgranuloma,,minimal
/mnt/e/spass/open-tggates-pathological-images/LATEST/images/chlormadinone/Liver/49239.svs,49239.svs,1,abnormal,542,6,2,chlormadinone,chlormadinone,Low,300,mg/kg,6 hr,Single,Gavage,Rat,6,Liver,"Deposit, glycogen",Peripheral,moderate
/mnt/e/spass/open-tggates-pathological-images/LATEST/images/bendazac/Liver/44372.svs,44372.svs,1,abnormal,551,6,3,bendazac,bendazac,Low,30,mg/kg,8 day,Repeat,Gavage,Rat,6,Liver,Microgranuloma,,minimal
/mnt/e/spass/open-tggates-pathological-images/LATEST/images/doxorubicin/Liver/56647.svs,56647.svs,1,abnormal,617,16,5,doxorubicin,doxorubicin,High,1,mg/kg,29 day,Repeat,intravenous injection,Rat,6,Liver,"Change, eosinophilic",Peripheral,slight
/mnt/e/spass/open-tggates-pathological-images/LATEST/images/ethanol/Liver/47851.svs,47851.svs,1,abnormal,588,14,3,ethanol,ethanol,High,4000,mg/kg,6 hr,Single,Gavage,Rat,6,Liver,"Deposit, lipid | Microgranuloma",,minimal
/mnt/e/spass/open-tggates-pathological-images/LATEST/images/cyclophosphamide/Liver/31347.svs,31347.svs,1,abnormal,172,3,2,cyclophosphamide,cyclophosphamide,Control,0,mg/kg,15 day,Repeat,Gavage,Rat,6,Liver,Microgranuloma,,slight
/mnt/e/spass/open-tggates-pathological-images/LATEST/images/acetaminophen/Liver/28067.svs,28067.svs,1,abnormal,42,13,1,acetaminophen,acetaminophen,Middle,600,mg/kg,4 day,Repeat,Gavage,Rat,6,Liver,Cellular infiltration | Necrosis,Centrilobular,slight | minimal
/mnt/e/spass/open-tggates-pathological-images/LATEST/images/colchicine/Liver/41489.svs,41489.svs,1,abnormal,501,14,2,colchicine,colchicine,High,15,mg/kg,6 hr,Single,Gavage,Rat,6,Liver,Increased mitosis | Necrosis | Single cell necrosis,Midlobular | Subserosa,slight | minimal | moderate
/mnt/e/spass/open-tggates-pathological-images/LATEST/images/rifampicin/Liver/25986.svs,25986.svs,1,abnormal,95,16,3,rifampicin,rifampicin,High,200,mg/kg,29 day,Repeat,Gavage,Rat,6,Liver,Hypertrophy,Centrilobular,minimal
/mnt/e/spass/open-tggates-pathological-images/LATEST/images/galactosamine/Liver/59440.svs,59440.svs,1,abnormal,447,16,4,galactosamine,galactosamine,High,1000,mg/kg,24 hr,Single,intraperitoneal injection,Rat,6,Liver,Cellular infiltration | Degeneration | Single cell necrosis,Hepatocyte,slight | moderate
/mnt/e/spass/open-tggates-pathological-images/LATEST/images/coumarin/Liver/7747.svs,7747.svs,1,abnormal,196,16,2,coumarin,coumarin,High,150,mg/kg,24 hr,Single,Gavage,Rat,6,Liver,"Change, eosinophilic",Centrilobular,minimal
/mnt/e/spass/open-tggates-pathological-images/LATEST/images/lomustine/Liver/32384.svs,32384.svs,1,abnormal,311,16,2,lomustine,lomustine,High,6,mg/kg,29 day,Repeat,Gavage,Rat,6,Liver,"Cellular infiltration, mononuclear cell | Degeneration, granular, eosinophilic | Deposit, pigment | Fibrosis | Hypertrophy | Necrosis | Proliferation, bile duct | Proliferation, Kupffer cell | Single cell necrosis",Periportal | Hepatocyte | Bile duct | Midlobular,minimal | moderate | slight
/mnt/e/spass/open-tggates-pathological-images/LATEST/images/amphotericin_B/Liver/64840.svs,64840.svs,1,abnormal,691,1,4,amphotericin B,amphotericin_B,Control,0,mg/kg,4 day,Repeat,intravenous injection,Rat,6,Liver,Necrosis,,minimal
/mnt/e/spass/open-tggates-pathological-images/LATEST/images/lomustine/Liver/32374.svs,32374.svs,1,abnormal,311,15,3,lomustine,lomustine,High,6,mg/kg,15 day,Repeat,Gavage,Rat,6,Liver,"Degeneration, granular, eosinophilic | Proliferation, bile duct | Proliferation, Kupffer cell | Single cell necrosis",Hepatocyte,moderate | minimal | slight
/mnt/e/spass/open-tggates-pathological-images/LATEST/images/phorone/Liver/59375.svs,59375.svs,1,abnormal,456,7,4,phorone,phorone,Low,40,mg/kg,9 hr,Single,intraperitoneal injection,Rat,6,Liver,"Vacuolization, cytoplasmic",Midlobular,minimal
/mnt/e/spass/open-tggates-pathological-images/LATEST/images/ajmaline/Liver/42770.svs,42770.svs,1,abnormal,517,3,1,ajmaline,ajmaline,Control,0,mg/kg,9 hr,Single,Gavage,Rat,6,Liver,Microgranuloma,,minimal
/mnt/e/spass/open-tggates-pathological-images/LATEST/images/danazol/Liver/57278.svs,57278.svs,1,abnormal,544,16,3,danazol,danazol,High,2000,mg/kg,24 hr,Single,Gavage,Rat,6,Liver,Increased mitosis,Hepatocyte,slight
/mnt/e/spass/open-tggates-pathological-images/LATEST/images/acetaminophen/Liver/28161.svs,28161.svs,1,abnormal,42,17,5,acetaminophen,acetaminophen,High,1000,mg/kg,4 day,Repeat,Gavage,Rat,6,Liver,"Cellular infiltration | Change, eosinophilic",Centrilobular,minimal
/mnt/e/spass/open-tggates-pathological-images/LATEST/images/ethinylestradiol/Liver/33670.svs,33670.svs,1,abnormal,305,12,1,ethinylestradiol,ethinylestradiol,Middle,3,mg/kg,29 day,Repeat,Gavage,Rat,6,Liver,"Change, eosinophilic",Periportal,minimal
/mnt/e/spass/open-tggates-pathological-images/LATEST/images/benziodarone/Liver/44964.svs,44964.svs,1,abnormal,553,7,3,benziodarone,benziodarone,Low,30,mg/kg,15 day,Repeat,Gavage,Rat,6,Liver,Microgranuloma,,minimal
/mnt/e/spass/open-tggates-pathological-images/LATEST/images/desmopressin_acetate/Liver/63599.svs,63599.svs,1,abnormal,692,1,4,desmopressin acetate,desmopressin_acetate,Control,0,꺤g/kg,3 hr,Single,subcutaneous injection,Rat,6,Liver,Necrosis,,minimal
/mnt/e/spass/open-tggates-pathological-images/LATEST/images/omeprazole/Liver/4834.svs,4834.svs,1,abnormal,123,10,3,omeprazole,omeprazole,Middle,300,mg/kg,6 hr,Single,Gavage,Rat,6,Liver,"Change, eosinophilic | Necrosis",Periportal,slight | minimal
/mnt/e/spass/open-tggates-pathological-images/LATEST/images/diltiazem/Liver/22164.svs,22164.svs,1,abnormal,413,14,3,diltiazem,diltiazem,High,800,mg/kg,8 day,Repeat,Gavage,Rat,6,Liver,Hypertrophy,Centrilobular,slight
/mnt/e/spass/open-tggates-pathological-images/LATEST/images/ethionamide/Liver/46075.svs,46075.svs,1,abnormal,584,11,2,ethionamide,ethionamide,Middle,300,mg/kg,9 hr,Single,Gavage,Rat,6,Liver,"Change, eosinophilic | Microgranuloma | Proliferation | Single cell necrosis",Periportal | Kupffer cell,minimal | moderate | slight
/mnt/e/spass/open-tggates-pathological-images/LATEST/images/coumarin/Liver/29043.svs,29043.svs,1,abnormal,197,14,5,coumarin,coumarin,High,150,mg/kg,8 day,Repeat,Gavage,Rat,6,Liver,"Hypertrophy | Inclusion body, intracytoplasmic",Centrilobular | Hepatocyte,minimal
/mnt/e/spass/open-tggates-pathological-images/LATEST/images/nitrofurantoin/Liver/29996.svs,29996.svs,1,abnormal,151,10,3,nitrofurantoin,nitrofurantoin,Middle,30,mg/kg,8 day,Repeat,Gavage,Rat,6,Liver,Cellular infiltration,,minimal
/mnt/e/spass/open-tggates-pathological-images/LATEST/images/cimetidine/Liver/8840.svs,8840.svs,1,abnormal,213,16,3,cimetidine,cimetidine,High,1000,mg/kg,24 hr,Single,Gavage,Rat,6,Liver,Microgranuloma,,minimal
/mnt/e/spass/open-tggates-pathological-images/LATEST/images/nifedipine/Liver/20970.svs,20970.svs,1,abnormal,410,9,4,nifedipine,nifedipine,Middle,300,mg/kg,3 hr,Single,Gavage,Rat,6,Liver,Increased mitosis,Hepatocyte,minimal
/mnt/e/spass/open-tggates-pathological-images/LATEST/images/carbon_tetrachloride/Liver/26522.svs,26522.svs,1,abnormal,67,14,4,carbon tetrachloride,carbon_tetrachloride,Middle,100,mg/kg,8 day,Repeat,Gavage,Rat,6,Liver,"Cellular infiltration | Degeneration, fatty",Centrilobular,minimal | slight
/mnt/e/spass/open-tggates-pathological-images/LATEST/images/WY-14643/Liver/29600.svs,29600.svs,1,abnormal,182,10,2,WY-14643,WY-14643,Middle,30,mg/kg,8 day,Repeat,Gavage,Rat,6,Liver,"Degeneration, granular, eosinophilic | Hypertrophy","Hepatocyte | Bile duct, interlobular",severe | minimal
/mnt/e/spass/open-tggates-pathological-images/LATEST/images/clofibrate/Liver/25047.svs,25047.svs,1,abnormal,99,12,1,clofibrate,clofibrate,Middle,100,mg/kg,29 day,Repeat,Gavage,Rat,6,Liver,"Degeneration, granular, eosinophilic | Swelling",Centrilobular,minimal
/mnt/e/spass/open-tggates-pathological-images/LATEST/images/ethinylestradiol/Liver/33698.svs,33698.svs,1,abnormal,305,15,3,ethinylestradiol,ethinylestradiol,High,10,mg/kg,15 day,Repeat,Gavage,Rat,6,Liver,"Change, eosinophilic | Proliferation, Kupffer cell | Vacuolization, cytoplasmic",Periportal | Hepatocyte,minimal | slight
/mnt/e/spass/open-tggates-pathological-images/LATEST/images/bendazac/Liver/44123.svs,44123.svs,1,abnormal,550,7,5,bendazac,bendazac,Low,100,mg/kg,9 hr,Single,Gavage,Rat,6,Liver,Cellular infiltration,Periductular,minimal
/mnt/e/spass/open-tggates-pathological-images/LATEST/images/chlormadinone/Liver/49337.svs,49337.svs,1,abnormal,542,10,2,chlormadinone,chlormadinone,Middle,1000,mg/kg,6 hr,Single,Gavage,Rat,6,Liver,"Deposit, glycogen",Peripheral,slight
/mnt/e/spass/open-tggates-pathological-images/LATEST/images/thioacetamide/Liver/27684.svs,27684.svs,1,abnormal,116,16,3,thioacetamide,thioacetamide,High,45,mg/kg,24 hr,Single,Gavage,Rat,6,Liver,"Cellular infiltration | Change, eosinophilic | Hypertrophy | Necrosis",Hepatocyte | Centrilobular,slight | minimal
/mnt/e/spass/open-tggates-pathological-images/LATEST/images/methylene_dianiline/Liver/63583.svs,63583.svs,1,abnormal,685,14,4,methylene dianiline,methylene_dianiline,High,300,mg/kg,6 hr,Single,Gavage,Rat,6,Liver,Cellular infiltration | Dilatation | Edema | Hemorrhage | Necrosis,Glisson's sheath | Lymphatic | Bile duct cell,minimal | slight | moderate
/mnt/e/spass/open-tggates-pathological-images/LATEST/images/ethionamide/Liver/46298.svs,46298.svs,1,abnormal,585,2,1,ethionamide,ethionamide,Control,0,mg/kg,8 day,Repeat,Gavage,Rat,6,Liver,Microgranuloma,,minimal
/mnt/e/spass/open-tggates-pathological-images/LATEST/images/methapyrilene/Liver/46961.svs,46961.svs,1,abnormal,174,15,1,methapyrilene,methapyrilene,High,100,mg/kg,15 day,Repeat,Gavage,Rat,6,Liver,"Anisonucleosis | Cellular infiltration, mononuclear cell | Hypertrophy | Proliferation, bile duct | Single cell necrosis",Hepatocyte | Periportal | Interlobular,slight | moderate
/mnt/e/spass/open-tggates-pathological-images/LATEST/images/ethionine/Liver/4771.svs,4771.svs,1,abnormal,125,15,4,ethionine,ethionine,High,250,mg/kg,9 hr,Single,Gavage,Rat,6,Liver,"Cellular infiltration | Change, basophilic",Centrilobular,slight
/mnt/e/spass/open-tggates-pathological-images/LATEST/images/acetamidofluorene/Liver/51824.svs,51824.svs,1,abnormal,569,6,2,acetamidofluorene,acetamidofluorene,Low,30,mg/kg,8 day,Repeat,Gavage,Rat,6,Liver,"Cellular infiltration | Proliferation, bile duct | Proliferation, oval cell | Swelling",Periportal | Centrilobular,minimal | slight
/mnt/e/spass/open-tggates-pathological-images/LATEST/images/ethionamide/Liver/46150.svs,46150.svs,1,abnormal,584,16,5,ethionamide,ethionamide,High,1000,mg/kg,24 hr,Single,Gavage,Rat,6,Liver,Microgranuloma | Single cell necrosis,,slight | minimal
/mnt/e/spass/open-tggates-pathological-images/LATEST/images/furosemide/Liver/34529.svs,34529.svs,1,abnormal,393,3,2,furosemide,furosemide,Control,0,mg/kg,15 day,Repeat,Gavage,Rat,6,Liver,Necrosis,,minimal
/mnt/e/spass/open-tggates-pathological-images/LATEST/images/phenylanthranilic_acid/Liver/50219.svs,50219.svs,1,abnormal,597,13,1,phenylanthranilic acid,phenylanthranilic_acid,High,2000,mg/kg,3 hr,Single,Gavage,Rat,6,Liver,"Change, eosinophilic",Hepatocyte,minimal
/mnt/e/spass/open-tggates-pathological-images/LATEST/images/glibenclamide/Liver/10109.svs,10109.svs,1,abnormal,234,1,1,glibenclamide,glibenclamide,Control,0,mg/kg,3 hr,Single,Gavage,Rat,6,Liver,Mineralization,Serosa,minimal
/mnt/e/spass/open-tggates-pathological-images/LATEST/images/chlormezanone/Liver/13127.svs,13127.svs,1,abnormal,303,15,2,chlormezanone,chlormezanone,High,500,mg/kg,15 day,Repeat,Gavage,Rat,6,Liver,Hypertrophy,Centrilobular,minimal
/mnt/e/spass/open-tggates-pathological-images/LATEST/images/dantrolene/Liver/43811.svs,43811.svs,1,abnormal,520,8,2,dantrolene,dantrolene,Low,25,mg/kg,29 day,Repeat,Gavage,Rat,6,Liver,Hypertrophy,Centrilobular,minimal
/mnt/e/spass/open-tggates-pathological-images/LATEST/images/chlormezanone/Liver/13037.svs,13037.svs,1,abnormal,303,6,4,chlormezanone,chlormezanone,Low,50,mg/kg,8 day,Repeat,Gavage,Rat,6,Liver,Necrosis,Hepatocyte,minimal
/mnt/e/spass/open-tggates-pathological-images/LATEST/images/dexamethasone/Liver/62999.svs,62999.svs,1,abnormal,664,11,3,dexamethasone,dexamethasone,Middle,5,mg/kg,9 hr,Single,Gavage,Rat,6,Liver,"Vacuolization, cytoplasmic",Periportal,minimal
/mnt/e/spass/open-tggates-pathological-images/LATEST/images/promethazine/Liver/48968.svs,48968.svs,1,abnormal,494,15,4,promethazine,promethazine,High,200,mg/kg,15 day,Repeat,Gavage,Rat,6,Liver,Ground glass appearance | Hypertrophy,Centrilobular,moderate
/mnt/e/spass/open-tggates-pathological-images/LATEST/images/methylene_dianiline/Liver/63530.svs,63530.svs,1,abnormal,685,12,1,methylene dianiline,methylene_dianiline,Middle,100,mg/kg,24 hr,Single,Gavage,Rat,6,Liver,Cellular infiltration | Dilatation | Edema | Hemorrhage | Hypertrophy | Necrosis,Glisson's sheath | Lymphatic | Bile duct cell | Hepatocyte | Periportal,slight | moderate | minimal
/mnt/e/spass/open-tggates-pathological-images/LATEST/images/nitrosodiethylamine/Liver/52851.svs,52851.svs,1,abnormal,571,12,4,nitrosodiethylamine,nitrosodiethylamine,Middle,10,mg/kg,29 day,Repeat,Gavage,Rat,6,Liver,"Change, acidophilic | Necrosis | Proliferation, bile duct",Centrilobular | Periportal,slight | minimal
/mnt/e/spass/open-tggates-pathological-images/LATEST/images/methylene_dianiline/Liver/63752.svs,63752.svs,1,abnormal,686,10,4,methylene dianiline,methylene_dianiline,Middle,30,mg/kg,8 day,Repeat,Gavage,Rat,6,Liver,"Proliferation, bile duct",,minimal
/mnt/e/spass/open-tggates-pathological-images/LATEST/images/ticlopidine/Liver/53495.svs,53495.svs,1,abnormal,573,8,5,ticlopidine,ticlopidine,Low,30,mg/kg,29 day,Repeat,Gavage,Rat,6,Liver,Hypertrophy,Centrilobular,minimal
/mnt/e/spass/open-tggates-pathological-images/LATEST/images/chlorpropamide/Liver/35367.svs,35367.svs,1,abnormal,436,12,5,chlorpropamide,chlorpropamide,Middle,100,mg/kg,29 day,Repeat,Gavage,Rat,6,Liver,Hypertrophy,Centrilobular,minimal
/mnt/e/spass/open-tggates-pathological-images/LATEST/images/ajmaline/Liver/43084.svs,43084.svs,1,abnormal,518,2,1,ajmaline,ajmaline,Control,0,mg/kg,8 day,Repeat,Gavage,Rat,6,Liver,Microgranuloma,,minimal
/mnt/e/spass/open-tggates-pathological-images/LATEST/images/thioacetamide/Liver/46797.svs,46797.svs,1,abnormal,117,13,3,thioacetamide,thioacetamide,High,45,mg/kg,4 day,Repeat,Gavage,Rat,6,Liver,"Cellular infiltration | Degeneration, granular, eosinophilic | Hypertrophy | Single cell necrosis",Centrilobular | Hepatocyte,minimal | slight
/mnt/e/spass/open-tggates-pathological-images/LATEST/images/griseofulvin/Liver/31801.svs,31801.svs,1,abnormal,290,1,5,griseofulvin,griseofulvin,Control,0,mg/kg,4 day,Repeat,Gavage,Rat,6,Liver,Increased mitosis,,minimal
/mnt/e/spass/open-tggates-pathological-images/LATEST/images/bromoethylamine/Liver/53257.svs,53257.svs,1,abnormal,579,16,1,bromoethylamine,bromoethylamine,High,20,mg/kg,29 day,Repeat,intravenous injection,Rat,6,Liver,"Deposit, glycogen | Vacuolization, cytoplasmic",Peripheral | Centrilobular,slight
/mnt/e/spass/open-tggates-pathological-images/LATEST/images/carbamazepine/Liver/28690.svs,28690.svs,1,abnormal,147,7,3,carbamazepine,carbamazepine,Low,30,mg/kg,15 day,Repeat,Gavage,Rat,6,Liver,Hypertrophy,Centrilobular,minimal
/mnt/e/spass/open-tggates-pathological-images/LATEST/images/colchicine/Liver/41392.svs,41392.svs,1,abnormal,501,5,4,colchicine,colchicine,Low,2,mg/kg,3 hr,Single,Gavage,Rat,6,Liver,Increased mitosis,Midlobular,minimal
/mnt/e/spass/open-tggates-pathological-images/LATEST/images/acetamidofluorene/Liver/51967.svs,51967.svs,1,abnormal,569,16,2,acetamidofluorene,acetamidofluorene,High,0,mg/kg,29 day,Repeat,Gavage,Rat,6,Liver,"Proliferation, bile duct | Proliferation, oval cell | Swelling",Periportal | Centrilobular,slight | minimal | severe
/mnt/e/spass/open-tggates-pathological-images/LATEST/images/puromycin_aminonucleoside/Liver/55341.svs,55341.svs,1,abnormal,606,16,3,puromycin aminonucleoside,puromycin_aminonucleoside,High,120,mg/kg,24 hr,Single,intravenous injection,Rat,6,Liver,"Change, basophilic",Hepatocyte,slight
/mnt/e/spass/open-tggates-pathological-images/LATEST/images/danazol/Liver/57284.svs,57284.svs,1,abnormal,544,16,4,danazol,danazol,High,2000,mg/kg,24 hr,Single,Gavage,Rat,6,Liver,Increased mitosis,Hepatocyte,slight
/mnt/e/spass/open-tggates-pathological-images/LATEST/images/nimesulide/Liver/47379.svs,47379.svs,1,abnormal,587,3,4,nimesulide,nimesulide,Control,0,mg/kg,15 day,Repeat,Gavage,Rat,6,Liver,Microgranuloma,,minimal
/mnt/e/spass/open-tggates-pathological-images/LATEST/images/ethanol/Liver/47823.svs,47823.svs,1,abnormal,588,12,3,ethanol,ethanol,Middle,1200,mg/kg,24 hr,Single,Gavage,Rat,6,Liver,Necrosis,Subserosa,minimal
/mnt/e/spass/open-tggates-pathological-images/LATEST/images/carbon_tetrachloride/Liver/26511.svs,26511.svs,1,abnormal,67,10,3,carbon tetrachloride,carbon_tetrachloride,Low,30,mg/kg,8 day,Repeat,Gavage,Rat,6,Liver,"Cellular infiltration | Degeneration, fatty",Centrilobular,minimal
/mnt/e/spass/open-tggates-pathological-images/LATEST/images/hexachlorobenzene/Liver/6392.svs,6392.svs,1,abnormal,157,13,4,hexachlorobenzene,hexachlorobenzene,High,300,mg/kg,4 day,Repeat,Gavage,Rat,6,Liver,Increased mitosis,Hepatocyte,minimal
/mnt/e/spass/open-tggates-pathological-images/LATEST/images/sulfasalazine/Liver/30763.svs,30763.svs,1,abnormal,211,14,3,sulfasalazine,sulfasalazine,High,1000,mg/kg,8 day,Repeat,Gavage,Rat,6,Liver,Swelling,Centrilobular,moderate
/mnt/e/spass/open-tggates-pathological-images/LATEST/images/ibuprofen/Liver/36443.svs,36443.svs,1,abnormal,345,12,4,ibuprofen,ibuprofen,Middle,200,mg/kg,24 hr,Single,Gavage,Rat,6,Liver,Increased mitosis,Hepatocyte,slight
/mnt/e/spass/open-tggates-pathological-images/LATEST/images/methapyrilene/Liver/46891.svs,46891.svs,1,abnormal,174,12,3,methapyrilene,methapyrilene,Middle,30,mg/kg,29 day,Repeat,Gavage,Rat,6,Liver,Hypertrophy,Hepatocyte,slight
/mnt/e/spass/open-tggates-pathological-images/LATEST/images/ethionine/Liver/4784.svs,4784.svs,1,abnormal,125,12,1,ethionine,ethionine,Middle,80,mg/kg,24 hr,Single,Gavage,Rat,6,Liver,"Cellular infiltration | Vacuolization, cytoplasmic",Centrilobular,slight
/mnt/e/spass/open-tggates-pathological-images/LATEST/images/cyclophosphamide/Liver/31583.svs,31583.svs,1,abnormal,172,10,1,cyclophosphamide,cyclophosphamide,Middle,5,mg/kg,8 day,Repeat,Gavage,Rat,6,Liver,Microgranuloma,,slight
/mnt/e/spass/open-tggates-pathological-images/LATEST/images/ketoconazole/Liver/33028.svs,33028.svs,1,abnormal,231,15,4,ketoconazole,ketoconazole,High,100,mg/kg,15 day,Repeat,Gavage,Rat,6,Liver,"Hypertrophy | Vacuolization, cytoplasmic","Centrilobular | Bile duct, interlobular",slight
/mnt/e/spass/open-tggates-pathological-images/LATEST/images/ketoconazole/Liver/70627.svs,70627.svs,1,abnormal,231,14,3,ketoconazole,ketoconazole,High,100,mg/kg,8 day,Repeat,Gavage,Rat,6,Liver,"Vacuolization, cytoplasmic","Bile duct, interlobular",slight
/mnt/e/spass/open-tggates-pathological-images/LATEST/images/fenofibrate/Liver/35045.svs,35045.svs,1,abnormal,434,11,1,fenofibrate,fenofibrate,Middle,100,mg/kg,15 day,Repeat,Gavage,Rat,6,Liver,"Degeneration, granular, eosinophilic",Hepatocyte,slight
/mnt/e/spass/open-tggates-pathological-images/LATEST/images/nicotinic_acid/Liver/57999.svs,57999.svs,0,normal,386,13,5,nicotinic acid,nicotinic_acid,,1000,mg/kg,3 hr,Single,Gavage,Rat,6,Liver,,,
/mnt/e/spass/open-tggates-pathological-images/LATEST/images/labetalol/Liver/10366.svs,10366.svs,0,normal,240,11,4,labetalol,labetalol,,150,mg/kg,15 day,Repeat,Gavage,Rat,6,Liver,,,
/mnt/e/spass/open-tggates-pathological-images/LATEST/images/cisplatin/Liver/51259.svs,51259.svs,0,normal,575,2,4,cisplatin,cisplatin,,0,mg/kg,8 day,Repeat,intravenous injection,Rat,6,Liver,,,
/mnt/e/spass/open-tggates-pathological-images/LATEST/images/famotidine/Liver/20660.svs,20660.svs,0,normal,379,5,5,famotidine,famotidine,,100,mg/kg,3 hr,Single,Gavage,Rat,6,Liver,,,
/mnt/e/spass/open-tggates-pathological-images/LATEST/images/allopurinol/Liver/29359.svs,29359.svs,0,normal,199,16,1,allopurinol,allopurinol,,150,mg/kg,29 day,Repeat,Gavage,Rat,6,Liver,,,
/mnt/e/spass/open-tggates-pathological-images/LATEST/images/diazepam/Liver/6190.svs,6190.svs,0,normal,158,13,3,diazepam,diazepam,,250,mg/kg,3 hr,Single,Gavage,Rat,6,Liver,,,
/mnt/e/spass/open-tggates-pathological-images/LATEST/images/bortezomib/Liver/66161.svs,66161.svs,0,normal,740,6,3,bortezomib,bortezomib,,0,mg/kg,6 hr,Single,intravenous injection,Rat,6,Liver,,,
/mnt/e/spass/open-tggates-pathological-images/LATEST/images/metformin/Liver/32989.svs,32989.svs,0,normal,266,7,2,metformin,metformin,,100,mg/kg,15 day,Repeat,Gavage,Rat,6,Liver,,,
/mnt/e/spass/open-tggates-pathological-images/LATEST/images/theophylline/Liver/57477.svs,57477.svs,0,normal,427,7,4,theophylline,theophylline,,20,mg/kg,9 hr,Single,Gavage,Rat,6,Liver,,,
/mnt/e/spass/open-tggates-pathological-images/LATEST/images/mefenamic_acid/Liver/19948.svs,19948.svs,0,normal,377,9,3,mefenamic acid,mefenamic_acid,,100,mg/kg,3 hr,Single,Gavage,Rat,6,Liver,,,
/mnt/e/spass/open-tggates-pathological-images/LATEST/images/acetaminophen/Liver/27148.svs,27148.svs,0,normal,40,20,1,acetaminophen,acetaminophen,,600,mg/kg,72 hr,Single,Gavage,Rat,6,Liver,,,
/mnt/e/spass/open-tggates-pathological-images/LATEST/images/naproxen/Liver/22712.svs,22712.svs,0,normal,347,16,5,naproxen,naproxen,,200,mg/kg,24 hr,Single,Gavage,Rat,6,Liver,,,
/mnt/e/spass/open-tggates-pathological-images/LATEST/images/clomipramine/Liver/42925.svs,42925.svs,0,normal,527,10,2,clomipramine,clomipramine,,30,mg/kg,8 day,Repeat,Gavage,Rat,6,Liver,,,
/mnt/e/spass/open-tggates-pathological-images/LATEST/images/disopyramide/Liver/37864.svs,37864.svs,0,normal,462,2,5,disopyramide,disopyramide,,0,mg/kg,6 hr,Single,Gavage,Rat,6,Liver,,,
/mnt/e/spass/open-tggates-pathological-images/LATEST/images/3-methylcholanthrene/Liver/66727.svs,66727.svs,0,normal,708,12,2,3-methylcholanthrene,3-methylcholanthrene,,30,mg/kg,24 hr,Single,Gavage,Rat,6,Liver,,,
/mnt/e/spass/open-tggates-pathological-images/LATEST/images/famotidine/Liver/22923.svs,22923.svs,0,normal,380,4,3,famotidine,famotidine,,0,mg/kg,29 day,Repeat,Gavage,Rat,6,Liver,,,
/mnt/e/spass/open-tggates-pathological-images/LATEST/images/chloramphenicol/Liver/15531.svs,15531.svs,0,normal,323,13,5,chloramphenicol,chloramphenicol,,1000,mg/kg,3 hr,Single,Gavage,Rat,6,Liver,,,
/mnt/e/spass/open-tggates-pathological-images/LATEST/images/bucetin/Liver/49330.svs,49330.svs,0,normal,595,16,2,bucetin,bucetin,,2000,mg/kg,24 hr,Single,Gavage,Rat,6,Liver,,,
/mnt/e/spass/open-tggates-pathological-images/LATEST/images/amiodarone/Liver/62388.svs,62388.svs,0,normal,634,10,3,amiodarone,amiodarone,,600,mg/kg,6 hr,Single,Gavage,Rat,6,Liver,,,
/mnt/e/spass/open-tggates-pathological-images/LATEST/images/penicillamine/Liver/37420.svs,37420.svs,0,normal,440,8,5,penicillamine,penicillamine,,100,mg/kg,24 hr,Single,Gavage,Rat,6,Liver,,,
/mnt/e/spass/open-tggates-pathological-images/LATEST/images/cisplatin/Liver/50991.svs,50991.svs,0,normal,574,2,2,cisplatin,cisplatin,,0,mg/kg,6 hr,Single,intravenous injection,Rat,6,Liver,,,
/mnt/e/spass/open-tggates-pathological-images/LATEST/images/amitriptyline/Liver/18979.svs,18979.svs,0,normal,367,3,2,amitriptyline,amitriptyline,,0,mg/kg,9 hr,Single,Gavage,Rat,6,Liver,,,
/mnt/e/spass/open-tggates-pathological-images/LATEST/images/nicotinic_acid/Liver/22859.svs,22859.svs,0,normal,387,5,5,nicotinic acid,nicotinic_acid,,100,mg/kg,4 day,Repeat,Gavage,Rat,6,Liver,,,
/mnt/e/spass/open-tggates-pathological-images/LATEST/images/chlormadinone/Liver/49828.svs,49828.svs,0,normal,543,12,2,chlormadinone,chlormadinone,,300,mg/kg,29 day,Repeat,Gavage,Rat,6,Liver,,,
/mnt/e/spass/open-tggates-pathological-images/LATEST/images/bromoethylamine/Liver/52486.svs,52486.svs,0,normal,578,1,1,bromoethylamine,bromoethylamine,,0,mg/kg,3 hr,Single,intravenous injection,Rat,6,Liver,,,
/mnt/e/spass/open-tggates-pathological-images/LATEST/images/phorone/Liver/59416.svs,59416.svs,0,normal,456,11,2,phorone,phorone,,120,mg/kg,9 hr,Single,intraperitoneal injection,Rat,6,Liver,,,
/mnt/e/spass/open-tggates-pathological-images/LATEST/images/triazolam/Liver/42042.svs,42042.svs,0,normal,524,7,4,triazolam,triazolam,,100,mg/kg,9 hr,Single,Gavage,Rat,6,Liver,,,
/mnt/e/spass/open-tggates-pathological-images/LATEST/images/methyltestosterone/Liver/10606.svs,10606.svs,0,normal,241,7,2,methyltestosterone,methyltestosterone,,30,mg/kg,9 hr,Single,Gavage,Rat,6,Liver,,,
/mnt/e/spass/open-tggates-pathological-images/LATEST/images/cisplatin/Liver/51271.svs,51271.svs,0,normal,575,3,3,cisplatin,cisplatin,,0,mg/kg,15 day,Repeat,intravenous injection,Rat,6,Liver,,,
/mnt/e/spass/open-tggates-pathological-images/LATEST/images/buthionine_sulfoximine/Liver/59932.svs,59932.svs,0,normal,457,1,1,buthionine sulfoximine,buthionine_sulfoximine,,0,mg/kg,3 hr,Single,intraperitoneal injection,Rat,6,Liver,,,
/mnt/e/spass/open-tggates-pathological-images/LATEST/images/carboplatin/Liver/52302.svs,52302.svs,0,normal,577,12,2,carboplatin,carboplatin,,3,mg/kg,29 day,Repeat,intravenous injection,Rat,6,Liver,,,
/mnt/e/spass/open-tggates-pathological-images/LATEST/images/promethazine/Liver/48480.svs,48480.svs,0,normal,493,12,4,promethazine,promethazine,,60,mg/kg,24 hr,Single,Gavage,Rat,6,Liver,,,
/mnt/e/spass/open-tggates-pathological-images/LATEST/images/triazolam/Liver/42284.svs,42284.svs,0,normal,525,2,1,triazolam,triazolam,,0,mg/kg,8 day,Repeat,Gavage,Rat,6,Liver,,,
/mnt/e/spass/open-tggates-pathological-images/LATEST/images/sulpiride/Liver/41012.svs,41012.svs,0,normal,508,12,2,sulpiride,sulpiride,,1000,mg/kg,24 hr,Single,Gavage,Rat,6,Liver,,,
/mnt/e/spass/open-tggates-pathological-images/LATEST/images/ethanol/Liver/48027.svs,48027.svs,0,normal,589,5,4,ethanol,ethanol,,400,mg/kg,4 day,Repeat,Gavage,Rat,6,Liver,,,
/mnt/e/spass/open-tggates-pathological-images/LATEST/images/bortezomib/Liver/66292.svs,66292.svs,0,normal,740,12,3,bortezomib,bortezomib,,0,mg/kg,24 hr,Single,intravenous injection,Rat,6,Liver,,,
/mnt/e/spass/open-tggates-pathological-images/LATEST/images/furosemide/Liver/19947.svs,19947.svs,0,normal,392,1,2,furosemide,furosemide,,0,mg/kg,3 hr,Single,Gavage,Rat,6,Liver,,,
/mnt/e/spass/open-tggates-pathological-images/LATEST/images/fluphenazine/Liver/9434.svs,9434.svs,0,normal,274,10,1,fluphenazine,fluphenazine,,6,mg/kg,8 day,Repeat,Gavage,Rat,6,Liver,,,
/mnt/e/spass/open-tggates-pathological-images/LATEST/images/clofibrate/Liver/3632.svs,3632.svs,0,normal,98,4,1,clofibrate,clofibrate,,0,mg/kg,24 hr,Single,Gavage,Rat,6,Liver,,,
/mnt/e/spass/open-tggates-pathological-images/LATEST/images/isoniazid/Liver/2408.svs,2408.svs,0,normal,60,14,5,isoniazid,isoniazid,,50,mg/kg,24 hr,Single,Gavage,Rat,6,Liver,,,
/mnt/e/spass/open-tggates-pathological-images/LATEST/images/gentamicin/Liver/55582.svs,55582.svs,0,normal,613,8,1,gentamicin,gentamicin,,10,mg/kg,29 day,Repeat,intravenous injection,Rat,6,Liver,,,
/mnt/e/spass/open-tggates-pathological-images/LATEST/images/monocrotaline/Liver/12969.svs,12969.svs,0,normal,279,16,3,monocrotaline,monocrotaline,,30,mg/kg,24 hr,Single,Gavage,Rat,6,Liver,,,
/mnt/e/spass/open-tggates-pathological-images/LATEST/images/erythromycin_ethylsuccinate/Liver/23712.svs,23712.svs,0,normal,388,11,4,erythromycin ethylsuccinate,erythromycin_ethylsuccinate,,300,mg/kg,9 hr,Single,Gavage,Rat,6,Liver,,,
/mnt/e/spass/open-tggates-pathological-images/LATEST/images/cisplatin/Liver/70740.svs,70740.svs,0,normal,574,11,2,cisplatin,cisplatin,,1,mg/kg,9 hr,Single,intravenous injection,Rat,6,Liver,,,
/mnt/e/spass/open-tggates-pathological-images/LATEST/images/penicillamine/Liver/37404.svs,37404.svs,0,normal,440,7,4,penicillamine,penicillamine,,100,mg/kg,9 hr,Single,Gavage,Rat,6,Liver,,,
/mnt/e/spass/open-tggates-pathological-images/LATEST/images/2%2C4-dinitrophenol/Liver/63200.svs,63200.svs,0,normal,673,14,5,"2,4-dinitrophenol",2%2C4-dinitrophenol,,60,mg/kg,8 day,Repeat,Gavage,Rat,6,Liver,,,
/mnt/e/spass/open-tggates-pathological-images/LATEST/images/thioacetamide/Liver/46665.svs,46665.svs,0,normal,117,4,1,thioacetamide,thioacetamide,,0,mg/kg,29 day,Repeat,Gavage,Rat,6,Liver,,,
/mnt/e/spass/open-tggates-pathological-images/LATEST/images/methylene_dianiline/Liver/63349.svs,63349.svs,0,normal,685,2,1,methylene dianiline,methylene_dianiline,,0,mg/kg,6 hr,Single,Gavage,Rat,6,Liver,,,
/mnt/e/spass/open-tggates-pathological-images/LATEST/images/phenylanthranilic_acid/Liver/50513.svs,50513.svs,0,normal,598,7,4,phenylanthranilic acid,phenylanthranilic_acid,,100,mg/kg,15 day,Repeat,Gavage,Rat,6,Liver,,,
/mnt/e/spass/open-tggates-pathological-images/LATEST/images/haloperidol/Liver/9046.svs,9046.svs,0,normal,247,11,5,haloperidol,haloperidol,,10,mg/kg,9 hr,Single,Gavage,Rat,6,Liver,,,
/mnt/e/spass/open-tggates-pathological-images/LATEST/images/methimazole/Liver/70516.svs,70516.svs,0,normal,275,12,4,methimazole,methimazole,,30,mg/kg,24 hr,Single,Gavage,Rat,6,Liver,,,
/mnt/e/spass/open-tggates-pathological-images/LATEST/images/enalapril/Liver/25312.svs,25312.svs,0,normal,422,10,1,enalapril,enalapril,,200,mg/kg,6 hr,Single,Gavage,Rat,6,Liver,,,
/mnt/e/spass/open-tggates-pathological-images/LATEST/images/disulfiram/Liver/47697.svs,47697.svs,0,normal,492,6,3,disulfiram,disulfiram,,60,mg/kg,8 day,Repeat,Gavage,Rat,6,Liver,,,
/mnt/e/spass/open-tggates-pathological-images/LATEST/images/furosemide/Liver/34518.svs,34518.svs,0,normal,393,2,3,furosemide,furosemide,,0,mg/kg,8 day,Repeat,Gavage,Rat,6,Liver,,,
/mnt/e/spass/open-tggates-pathological-images/LATEST/images/methylene_dianiline/Liver/63627.svs,63627.svs,0,normal,686,1,1,methylene dianiline,methylene_dianiline,,0,mg/kg,4 day,Repeat,Gavage,Rat,6,Liver,,,
/mnt/e/spass/open-tggates-pathological-images/LATEST/images/N-methyl-N-nitrosourea/Liver/65290.svs,65290.svs,0,normal,716,1,3,N-methyl-N-nitrosourea,N-methyl-N-nitrosourea,,0,mg/kg,24 hr,Single,intraperitoneal injection,Rat,6,Liver,,,
/mnt/e/spass/open-tggates-pathological-images/LATEST/images/fluoxetine_hydrochloride/Liver/63129.svs,63129.svs,0,normal,683,9,2,fluoxetine hydrochloride,fluoxetine_hydrochloride,,10,mg/kg,3 hr,Single,Gavage,Rat,6,Liver,,,
/mnt/e/spass/open-tggates-pathological-images/LATEST/images/methimazole/Liver/12564.svs,12564.svs,0,normal,275,4,5,methimazole,methimazole,,0,mg/kg,24 hr,Single,Gavage,Rat,6,Liver,,,
/mnt/e/spass/open-tggates-pathological-images/LATEST/images/ticlopidine/Liver/53055.svs,53055.svs,0,normal,580,9,4,ticlopidine,ticlopidine,,300,mg/kg,3 hr,Single,Gavage,Rat,6,Liver,,,
/mnt/e/spass/open-tggates-pathological-images/LATEST/images/theophylline/Liver/58019.svs,58019.svs,0,normal,428,8,4,theophylline,theophylline,,20,mg/kg,29 day,Repeat,Gavage,Rat,6,Liver,,,
/mnt/e/spass/open-tggates-pathological-images/LATEST/images/ranitidine/Liver/23167.svs,23167.svs,0,normal,450,13,5,ranitidine,ranitidine,,1000,mg/kg,3 hr,Single,Gavage,Rat,6,Liver,,,
/mnt/e/spass/open-tggates-pathological-images/LATEST/images/clomipramine/Liver/42848.svs,42848.svs,0,normal,527,1,4,clomipramine,clomipramine,,0,mg/kg,4 day,Repeat,Gavage,Rat,6,Liver,,,
/mnt/e/spass/open-tggates-pathological-images/LATEST/images/chloramphenicol/Liver/15461.svs,15461.svs,0,normal,323,5,2,chloramphenicol,chloramphenicol,,100,mg/kg,3 hr,Single,Gavage,Rat,6,Liver,,,
/mnt/e/spass/open-tggates-pathological-images/LATEST/images/danazol/Liver/50630.svs,50630.svs,0,normal,545,12,4,danazol,danazol,,300,mg/kg,29 day,Repeat,Gavage,Rat,6,Liver,,,
/mnt/e/spass/open-tggates-pathological-images/LATEST/images/diazepam/Liver/6495.svs,6495.svs,0,normal,159,5,3,diazepam,diazepam,,25,mg/kg,4 day,Repeat,Gavage,Rat,6,Liver,,,
/mnt/e/spass/open-tggates-pathological-images/LATEST/images/etoposide/Liver/45570.svs,45570.svs,0,normal,555,7,4,etoposide,etoposide,,3,mg/kg,15 day,Repeat,Gavage,Rat,6,Liver,,,
/mnt/e/spass/open-tggates-pathological-images/LATEST/images/isoniazid/Liver/2625.svs,2625.svs,0,normal,61,7,5,isoniazid,isoniazid,,10,mg/kg,15 day,Repeat,Gavage,Rat,6,Liver,,,
/mnt/e/spass/open-tggates-pathological-images/LATEST/images/monocrotaline/Liver/33850.svs,33850.svs,0,normal,280,9,2,monocrotaline,monocrotaline,,10,mg/kg,4 day,Repeat,Gavage,Rat,6,Liver,,,
/mnt/e/spass/open-tggates-pathological-images/LATEST/images/chloramphenicol/Liver/15717.svs,15717.svs,0,normal,324,2,2,chloramphenicol,chloramphenicol,,0,mg/kg,8 day,Repeat,Gavage,Rat,6,Liver,,,
/mnt/e/spass/open-tggates-pathological-images/LATEST/images/penicillamine/Liver/37675.svs,37675.svs,0,normal,441,4,5,penicillamine,penicillamine,,0,mg/kg,29 day,Repeat,Gavage,Rat,6,Liver,,,
/mnt/e/spass/open-tggates-pathological-images/LATEST/images/acetaminophen/Liver/68877.svs,68877.svs,0,normal,707,4,5,acetaminophen,acetaminophen,,0,mg/kg,29 day,Repeat,Gavage,Rat,12,Liver,,,
/mnt/e/spass/open-tggates-pathological-images/LATEST/images/diclofenac/Liver/61758.svs,61758.svs,0,normal,632,6,2,diclofenac,diclofenac,,10,mg/kg,6 hr,Single,Gavage,Rat,6,Liver,,,
/mnt/e/spass/open-tggates-pathological-images/LATEST/images/allopurinol/Liver/29344.svs,29344.svs,0,normal,199,13,5,allopurinol,allopurinol,,150,mg/kg,4 day,Repeat,Gavage,Rat,6,Liver,,,
/mnt/e/spass/open-tggates-pathological-images/LATEST/images/acetazolamide/Liver/58379.svs,58379.svs,0,normal,489,15,2,acetazolamide,acetazolamide,,600,mg/kg,9 hr,Single,Gavage,Rat,6,Liver,,,
/mnt/e/spass/open-tggates-pathological-images/LATEST/images/fluoxetine_hydrochloride/Liver/63363.svs,63363.svs,0,normal,684,11,4,fluoxetine hydrochloride,fluoxetine_hydrochloride,,10,mg/kg,15 day,Repeat,Gavage,Rat,6,Liver,,,
/mnt/e/spass/open-tggates-pathological-images/LATEST/images/penicillamine/Liver/37629.svs,37629.svs,0,normal,441,1,2,penicillamine,penicillamine,,0,mg/kg,4 day,Repeat,Gavage,Rat,6,Liver,,,
/mnt/e/spass/open-tggates-pathological-images/LATEST/images/carbamazepine/Liver/5328.svs,5328.svs,0,normal,146,5,3,carbamazepine,carbamazepine,,30,mg/kg,3 hr,Single,Gavage,Rat,6,Liver,,,
/mnt/e/spass/open-tggates-pathological-images/LATEST/images/tetracycline/Liver/11329.svs,11329.svs,0,normal,309,5,4,tetracycline,tetracycline,,100,mg/kg,4 day,Repeat,Gavage,Rat,6,Liver,,,
/mnt/e/spass/open-tggates-pathological-images/LATEST/images/carbon_tetrachloride/Liver/26060.svs,26060.svs,0,normal,66,18,1,carbon tetrachloride,carbon_tetrachloride,,100,mg/kg,9 hr,Single,Gavage,Rat,6,Liver,,,
/mnt/e/spass/open-tggates-pathological-images/LATEST/images/promethazine/Liver/48457.svs,48457.svs,0,normal,493,11,5,promethazine,promethazine,,60,mg/kg,9 hr,Single,Gavage,Rat,6,Liver,,,
/mnt/e/spass/open-tggates-pathological-images/LATEST/images/tacrine/Liver/14720.svs,14720.svs,0,normal,314,10,5,tacrine,tacrine,,10,mg/kg,6 hr,Single,Gavage,Rat,6,Liver,,,
/mnt/e/spass/open-tggates-pathological-images/LATEST/images/trimethadione/Liver/43229.svs,43229.svs,0,normal,528,9,4,trimethadione,trimethadione,,150,mg/kg,3 hr,Single,Gavage,Rat,6,Liver,,,
/mnt/e/spass/open-tggates-pathological-images/LATEST/images/azathioprine/Liver/12285.svs,12285.svs,0,normal,228,10,2,azathioprine,azathioprine,,10,mg/kg,6 hr,Single,Gavage,Rat,6,Liver,,,
/mnt/e/spass/open-tggates-pathological-images/LATEST/images/vitamin_A/Liver/14241.svs,14241.svs,0,normal,281,7,3,vitamin A,vitamin_A,,10,mg/kg,9 hr,Single,Gavage,Rat,6,Liver,,,
/mnt/e/spass/open-tggates-pathological-images/LATEST/images/cimetidine/Liver/8821.svs,8821.svs,0,normal,213,12,2,cimetidine,cimetidine,,300,mg/kg,24 hr,Single,Gavage,Rat,6,Liver,,,
/mnt/e/spass/open-tggates-pathological-images/LATEST/images/imatinib%2C_methanesulfonate_salt/Liver/67206.svs,67206.svs,0,normal,742,10,4,"imatinib, methanesulfonate salt",imatinib%2C_methanesulfonate_salt,,200,mg/kg,6 hr,Single,Gavage,Rat,6,Liver,,,
/mnt/e/spass/open-tggates-pathological-images/LATEST/images/2%2C4-dinitrophenol/Liver/62941.svs,62941.svs,0,normal,672,6,1,"2,4-dinitrophenol",2%2C4-dinitrophenol,,6,mg/kg,6 hr,Single,Gavage,Rat,6,Liver,,,
/mnt/e/spass/open-tggates-pathological-images/LATEST/images/nitrofurazone/Liver/16424.svs,16424.svs,0,normal,326,10,5,nitrofurazone,nitrofurazone,,30,mg/kg,8 day,Repeat,Gavage,Rat,6,Liver,,,
/mnt/e/spass/open-tggates-pathological-images/LATEST/images/acetazolamide/Liver/58541.svs,58541.svs,0,normal,490,10,1,acetazolamide,acetazolamide,,200,mg/kg,8 day,Repeat,Gavage,Rat,6,Liver,,,
/mnt/e/spass/open-tggates-pathological-images/LATEST/images/captopril/Liver/24704.svs,24704.svs,0,normal,420,11,3,captopril,captopril,,300,mg/kg,9 hr,Single,Gavage,Rat,6,Liver,,,
/mnt/e/spass/open-tggates-pathological-images/LATEST/images/phenobarbital/Liver/60767.svs,60767.svs,0,normal,624,13,4,phenobarbital,phenobarbital,,300,mg/kg,3 hr,Single,Gavage,Rat,6,Liver,,,
/mnt/e/spass/open-tggates-pathological-images/LATEST/images/rosiglitazone_maleate/Liver/62638.svs,62638.svs,0,normal,665,7,4,rosiglitazone maleate,rosiglitazone_maleate,,20,mg/kg,9 hr,Single,Gavage,Rat,6,Liver,,,
/mnt/e/spass/open-tggates-pathological-images/LATEST/images/iproniazid/Liver/34174.svs,34174.svs,0,normal,319,4,1,iproniazid,iproniazid,,0,mg/kg,29 day,Repeat,Gavage,Rat,6,Liver,,,
/mnt/e/spass/open-tggates-pathological-images/LATEST/images/ethionamide/Liver/46330.svs,46330.svs,0,normal,585,5,5,ethionamide,ethionamide,,30,mg/kg,4 day,Repeat,Gavage,Rat,6,Liver,,,
/mnt/e/spass/open-tggates-pathological-images/LATEST/images/gemfibrozil/Liver/8669.svs,8669.svs,0,normal,183,8,3,gemfibrozil,gemfibrozil,,30,mg/kg,24 hr,Single,Gavage,Rat,6,Liver,,,
/mnt/e/spass/open-tggates-pathological-images/LATEST/images/TNFa/Liver/59782.svs,59782.svs,0,normal,449,3,2,TNF꺙,TNFa,,0,꺤g/kg,9 hr,Single,intraperitoneal injection,Rat,6,Liver,,,
/mnt/e/spass/open-tggates-pathological-images/LATEST/images/glibenclamide/Liver/10298.svs,10298.svs,0,normal,234,4,2,glibenclamide,glibenclamide,,0,mg/kg,24 hr,Single,Gavage,Rat,6,Liver,,,
/mnt/e/spass/open-tggates-pathological-images/LATEST/images/ajmaline/Liver/42793.svs,42793.svs,0,normal,517,5,1,ajmaline,ajmaline,,30,mg/kg,3 hr,Single,Gavage,Rat,6,Liver,,,
/mnt/e/spass/open-tggates-pathological-images/LATEST/images/gentamicin/Liver/55702.svs,55702.svs,0,normal,613,12,1,gentamicin,gentamicin,,30,mg/kg,29 day,Repeat,intravenous injection,Rat,6,Liver,,,
/mnt/e/spass/open-tggates-pathological-images/LATEST/images/tiopronin/Liver/45753.svs,45753.svs,0,normal,466,2,3,tiopronin,tiopronin,,0,mg/kg,6 hr,Single,Gavage,Rat,6,Liver,,,
/mnt/e/spass/open-tggates-pathological-images/LATEST/images/coumarin/Liver/7590.svs,7590.svs,0,normal,196,4,3,coumarin,coumarin,,0,mg/kg,24 hr,Single,Gavage,Rat,6,Liver,,,
/mnt/e/spass/open-tggates-pathological-images/LATEST/images/rosiglitazone_maleate/Liver/62844.svs,62844.svs,0,normal,666,12,2,rosiglitazone maleate,rosiglitazone_maleate,,20,mg/kg,29 day,Repeat,Gavage,Rat,6,Liver,,,
/mnt/e/spass/open-tggates-pathological-images/LATEST/images/cephalothin/Liver/54525.svs,54525.svs,0,normal,636,5,2,cephalothin,cephalothin,,300,mg/kg,4 day,Repeat,intravenous injection,Rat,6,Liver,,,
/mnt/e/spass/open-tggates-pathological-images/LATEST/images/chlorpromazine/Liver/28695.svs,28695.svs,0,normal,115,9,5,chlorpromazine,chlorpromazine,,15,mg/kg,4 day,Repeat,Gavage,Rat,6,Liver,,,
/mnt/e/spass/open-tggates-pathological-images/LATEST/images/chlorpheniramine/Liver/21264.svs,21264.svs,0,normal,408,8,5,chlorpheniramine,chlorpheniramine,,3,mg/kg,24 hr,Single,Gavage,Rat,6,Liver,,,
/mnt/e/spass/open-tggates-pathological-images/LATEST/images/labetalol/Liver/9927.svs,9927.svs,0,normal,239,10,5,labetalol,labetalol,,150,mg/kg,6 hr,Single,Gavage,Rat,6,Liver,,,
/mnt/e/spass/open-tggates-pathological-images/LATEST/images/sulindac/Liver/38056.svs,38056.svs,0,normal,442,2,2,sulindac,sulindac,,0,mg/kg,6 hr,Single,Gavage,Rat,6,Liver,,,
/mnt/e/spass/open-tggates-pathological-images/LATEST/images/propylthiouracil/Liver/7854.svs,7854.svs,0,normal,201,1,5,propylthiouracil,propylthiouracil,,0,mg/kg,4 day,Repeat,Gavage,Rat,6,Liver,,,
/mnt/e/spass/open-tggates-pathological-images/LATEST/images/fluoxetine_hydrochloride/Liver/63280.svs,63280.svs,0,normal,684,4,2,fluoxetine hydrochloride,fluoxetine_hydrochloride,,0,mg/kg,29 day,Repeat,Gavage,Rat,6,Liver,,,
/mnt/e/spass/open-tggates-pathological-images/LATEST/images/sulfasalazine/Liver/8367.svs,8367.svs,0,normal,210,3,1,sulfasalazine,sulfasalazine,,0,mg/kg,9 hr,Single,Gavage,Rat,6,Liver,,,
/mnt/e/spass/open-tggates-pathological-images/LATEST/images/ticlopidine/Liver/53160.svs,53160.svs,0,normal,580,8,1,ticlopidine,ticlopidine,,100,mg/kg,24 hr,Single,Gavage,Rat,6,Liver,,,
/mnt/e/spass/open-tggates-pathological-images/LATEST/images/haloperidol/Liver/9048.svs,9048.svs,0,normal,247,12,1,haloperidol,haloperidol,,10,mg/kg,24 hr,Single,Gavage,Rat,6,Liver,,,
/mnt/e/spass/open-tggates-pathological-images/LATEST/images/adapin/Liver/62094.svs,62094.svs,0,normal,621,2,3,adapin,adapin,,0,mg/kg,6 hr,Single,Gavage,Rat,6,Liver,,,
/mnt/e/spass/open-tggates-pathological-images/LATEST/images/phorone/Liver/59325.svs,59325.svs,0,normal,456,3,2,phorone,phorone,,0,mg/kg,9 hr,Single,intraperitoneal injection,Rat,6,Liver,,,
/mnt/e/spass/open-tggates-pathological-images/LATEST/images/cimetidine/Liver/31142.svs,31142.svs,0,normal,214,11,5,cimetidine,cimetidine,,300,mg/kg,15 day,Repeat,Gavage,Rat,6,Liver,,,
/mnt/e/spass/open-tggates-pathological-images/LATEST/images/cisplatin/Liver/51333.svs,51333.svs,0,normal,575,7,4,cisplatin,cisplatin,,0,mg/kg,15 day,Repeat,intravenous injection,Rat,6,Liver,,,
/mnt/e/spass/open-tggates-pathological-images/LATEST/images/isoniazid/Liver/2606.svs,2606.svs,0,normal,61,4,1,isoniazid,isoniazid,,0,mg/kg,29 day,Repeat,Gavage,Rat,6,Liver,,,
/mnt/e/spass/open-tggates-pathological-images/LATEST/images/doxorubicin/Liver/56000.svs,56000.svs,0,normal,616,10,4,doxorubicin,doxorubicin,,3,mg/kg,6 hr,Single,intravenous injection,Rat,6,Liver,,,
/mnt/e/spass/open-tggates-pathological-images/LATEST/images/lomustine/Liver/11639.svs,11639.svs,0,normal,310,1,4,lomustine,lomustine,,0,mg/kg,3 hr,Single,Gavage,Rat,6,Liver,,,
/mnt/e/spass/open-tggates-pathological-images/LATEST/images/phenytoin/Liver/31644.svs,31644.svs,0,normal,176,11,3,phenytoin,phenytoin,,200,mg/kg,15 day,Repeat,Gavage,Rat,6,Liver,,,
/mnt/e/spass/open-tggates-pathological-images/LATEST/images/danazol/Liver/57140.svs,57140.svs,0,normal,544,10,5,danazol,danazol,,1000,mg/kg,6 hr,Single,Gavage,Rat,6,Liver,,,
/mnt/e/spass/open-tggates-pathological-images/LATEST/images/imipramine/Liver/16709.svs,16709.svs,0,normal,365,15,5,imipramine,imipramine,,100,mg/kg,9 hr,Single,Gavage,Rat,6,Liver,,,
/mnt/e/spass/open-tggates-pathological-images/LATEST/images/bendazac/Liver/44328.svs,44328.svs,0,normal,551,3,1,bendazac,bendazac,,0,mg/kg,15 day,Repeat,Gavage,Rat,6,Liver,,,
/mnt/e/spass/open-tggates-pathological-images/LATEST/images/papaverine/Liver/37492.svs,37492.svs,0,normal,432,6,4,papaverine,papaverine,,40,mg/kg,8 day,Repeat,Gavage,Rat,6,Liver,,,
/mnt/e/spass/open-tggates-pathological-images/LATEST/images/metformin/Liver/13405.svs,13405.svs,0,normal,265,11,5,metformin,metformin,,300,mg/kg,9 hr,Single,Gavage,Rat,6,Liver,,,
/mnt/e/spass/open-tggates-pathological-images/LATEST/images/nicotinic_acid/Liver/23062.svs,23062.svs,0,normal,387,10,2,nicotinic acid,nicotinic_acid,,300,mg/kg,8 day,Repeat,Gavage,Rat,6,Liver,,,
/mnt/e/spass/open-tggates-pathological-images/LATEST/images/cisplatin/Liver/51238.svs,51238.svs,0,normal,575,1,2,cisplatin,cisplatin,,0,mg/kg,4 day,Repeat,intravenous injection,Rat,6,Liver,,,
/mnt/e/spass/open-tggates-pathological-images/LATEST/images/glibenclamide/Liver/10543.svs,10543.svs,0,normal,235,6,1,glibenclamide,glibenclamide,,100,mg/kg,8 day,Repeat,Gavage,Rat,6,Liver,,,
/mnt/e/spass/open-tggates-pathological-images/LATEST/images/bromoethylamine/Liver/52872.svs,52872.svs,0,normal,579,1,4,bromoethylamine,bromoethylamine,,0,mg/kg,4 day,Repeat,intravenous injection,Rat,6,Liver,,,
/mnt/e/spass/open-tggates-pathological-images/LATEST/images/promethazine/Liver/48227.svs,48227.svs,0,normal,493,4,1,promethazine,promethazine,,0,mg/kg,24 hr,Single,Gavage,Rat,6,Liver,,,
/mnt/e/spass/open-tggates-pathological-images/LATEST/images/chlormezanone/Liver/32628.svs,32628.svs,0,normal,263,5,2,chlormezanone,chlormezanone,,50,mg/kg,3 hr,Single,Gavage,Rat,6,Liver,,,
/mnt/e/spass/open-tggates-pathological-images/LATEST/images/methyltestosterone/Liver/10558.svs,10558.svs,0,normal,241,1,3,methyltestosterone,methyltestosterone,,0,mg/kg,3 hr,Single,Gavage,Rat,6,Liver,,,
/mnt/e/spass/open-tggates-pathological-images/LATEST/images/phenacetin/Liver/49014.svs,49014.svs,0,normal,594,9,2,phenacetin,phenacetin,,300,mg/kg,4 day,Repeat,Gavage,Rat,6,Liver,,,
/mnt/e/spass/open-tggates-pathological-images/LATEST/images/rifampicin/Liver/4058.svs,4058.svs,0,normal,94,2,1,rifampicin,rifampicin,,0,mg/kg,6 hr,Single,Gavage,Rat,6,Liver,,,
/mnt/e/spass/open-tggates-pathological-images/LATEST/images/azathioprine/Liver/31948.svs,31948.svs,0,normal,229,6,4,azathioprine,azathioprine,,3,mg/kg,8 day,Repeat,Gavage,Rat,6,Liver,,,
/mnt/e/spass/open-tggates-pathological-images/LATEST/images/carboplatin/Liver/52440.svs,52440.svs,0,normal,577,15,2,carboplatin,carboplatin,,10,mg/kg,15 day,Repeat,intravenous injection,Rat,6,Liver,,,
/mnt/e/spass/open-tggates-pathological-images/LATEST/images/dexamethasone/Liver/62913.svs,62913.svs,0,normal,664,2,5,dexamethasone,dexamethasone,,0,mg/kg,6 hr,Single,Gavage,Rat,6,Liver,,,
/mnt/e/spass/open-tggates-pathological-images/LATEST/images/cyclosporine_A/Liver/54532.svs,54532.svs,0,normal,605,5,2,cyclosporine A,cyclosporine_A,,10,mg/kg,4 day,Repeat,Gavage,Rat,6,Liver,,,
/mnt/e/spass/open-tggates-pathological-images/LATEST/images/carboplatin/Liver/52323.svs,52323.svs,0,normal,577,13,1,carboplatin,carboplatin,,10,mg/kg,4 day,Repeat,intravenous injection,Rat,6,Liver,,,
/mnt/e/spass/open-tggates-pathological-images/LATEST/images/cimetidine/Liver/31064.svs,31064.svs,0,normal,214,13,4,cimetidine,cimetidine,,1000,mg/kg,4 day,Repeat,Gavage,Rat,6,Liver,,,
/mnt/e/spass/open-tggates-pathological-images/LATEST/images/amitriptyline/Liver/34139.svs,34139.svs,0,normal,368,4,5,amitriptyline,amitriptyline,,0,mg/kg,29 day,Repeat,Gavage,Rat,6,Liver,,,
/mnt/e/spass/open-tggates-pathological-images/LATEST/images/carbon_tetrachloride/Liver/26041.svs,26041.svs,0,normal,66,8,3,carbon tetrachloride,carbon_tetrachloride,,10,mg/kg,9 hr,Single,Gavage,Rat,6,Liver,,,
/mnt/e/spass/open-tggates-pathological-images/LATEST/images/disopyramide/Liver/38445.svs,38445.svs,0,normal,463,7,1,disopyramide,disopyramide,,40,mg/kg,15 day,Repeat,Gavage,Rat,6,Liver,,,
/mnt/e/spass/open-tggates-pathological-images/LATEST/images/ticlopidine/Liver/53366.svs,53366.svs,0,normal,573,5,1,ticlopidine,ticlopidine,,30,mg/kg,4 day,Repeat,Gavage,Rat,6,Liver,,,
/mnt/e/spass/open-tggates-pathological-images/LATEST/images/2%2C4-dinitrophenol/Liver/62981.svs,62981.svs,0,normal,672,10,1,"2,4-dinitrophenol",2%2C4-dinitrophenol,,20,mg/kg,6 hr,Single,Gavage,Rat,6,Liver,,,
/mnt/e/spass/open-tggates-pathological-images/LATEST/images/ethionine/Liver/4741.svs,4741.svs,0,normal,125,14,1,ethionine,ethionine,,250,mg/kg,6 hr,Single,Gavage,Rat,6,Liver,,,
/mnt/e/spass/open-tggates-pathological-images/LATEST/images/quinidine/Liver/22246.svs,22246.svs,0,normal,349,4,2,quinidine,quinidine,,0,mg/kg,24 hr,Single,Gavage,Rat,6,Liver,,,
/mnt/e/spass/open-tggates-pathological-images/LATEST/images/meloxicam/Liver/44852.svs,44852.svs,0,normal,536,11,2,meloxicam,meloxicam,,10,mg/kg,15 day,Repeat,Gavage,Rat,6,Liver,,,
/mnt/e/spass/open-tggates-pathological-images/LATEST/images/erythromycin_ethylsuccinate/Liver/23679.svs,23679.svs,0,normal,388,10,1,erythromycin ethylsuccinate,erythromycin_ethylsuccinate,,300,mg/kg,6 hr,Single,Gavage,Rat,6,Liver,,,
/mnt/e/spass/open-tggates-pathological-images/LATEST/images/sulpiride/Liver/41105.svs,41105.svs,0,normal,509,2,2,sulpiride,sulpiride,,0,mg/kg,8 day,Repeat,Gavage,Rat,6,Liver,,,
/mnt/e/spass/open-tggates-pathological-images/LATEST/images/fluoxetine_hydrochloride/Liver/63322.svs,63322.svs,0,normal,684,7,2,fluoxetine hydrochloride,fluoxetine_hydrochloride,,3,mg/kg,15 day,Repeat,Gavage,Rat,6,Liver,,,
/mnt/e/spass/open-tggates-pathological-images/LATEST/images/ethinylestradiol/Liver/13715.svs,13715.svs,0,normal,304,13,2,ethinylestradiol,ethinylestradiol,,10,mg/kg,3 hr,Single,Gavage,Rat,6,Liver,,,
/mnt/e/spass/open-tggates-pathological-images/LATEST/images/gentamicin/Liver/55708.svs,55708.svs,0,normal,613,12,2,gentamicin,gentamicin,,30,mg/kg,29 day,Repeat,intravenous injection,Rat,6,Liver,,,
/mnt/e/spass/open-tggates-pathological-images/LATEST/images/cephalothin/Liver/54502.svs,54502.svs,0,normal,636,4,3,cephalothin,cephalothin,,0,mg/kg,29 day,Repeat,intravenous injection,Rat,6,Liver,,,
/mnt/e/spass/open-tggates-pathological-images/LATEST/images/disopyramide/Liver/37982.svs,37982.svs,0,normal,462,7,4,disopyramide,disopyramide,,40,mg/kg,9 hr,Single,Gavage,Rat,6,Liver,,,
/mnt/e/spass/open-tggates-pathological-images/LATEST/images/bromoethylamine/Liver/52732.svs,52732.svs,0,normal,578,11,5,bromoethylamine,bromoethylamine,,20,mg/kg,9 hr,Single,intravenous injection,Rat,6,Liver,,,
/mnt/e/spass/open-tggates-pathological-images/LATEST/images/rotenone/Liver/62804.svs,62804.svs,0,normal,670,7,5,rotenone,rotenone,,5,mg/kg,15 day,Repeat,Gavage,Rat,6,Liver,,,
/mnt/e/spass/open-tggates-pathological-images/LATEST/images/phenacetin/Liver/48466.svs,48466.svs,0,normal,593,4,2,phenacetin,phenacetin,,0,mg/kg,24 hr,Single,Gavage,Rat,6,Liver,,,
/mnt/e/spass/open-tggates-pathological-images/LATEST/images/cisplatin/Liver/51012.svs,51012.svs,0,normal,574,3,2,cisplatin,cisplatin,,0,mg/kg,9 hr,Single,intravenous injection,Rat,6,Liver,,,
/mnt/e/spass/open-tggates-pathological-images/LATEST/images/tamoxifen/Liver/13783.svs,13783.svs,0,normal,296,16,2,tamoxifen,tamoxifen,,60,mg/kg,24 hr,Single,Gavage,Rat,6,Liver,,,
/mnt/e/spass/open-tggates-pathological-images/LATEST/images/monocrotaline/Liver/33896.svs,33896.svs,0,normal,280,10,3,monocrotaline,monocrotaline,,10,mg/kg,8 day,Repeat,Gavage,Rat,6,Liver,,,
/mnt/e/spass/open-tggates-pathological-images/LATEST/images/tiopronin/Liver/46611.svs,46611.svs,0,normal,467,16,4,tiopronin,tiopronin,,1000,mg/kg,29 day,Repeat,Gavage,Rat,6,Liver,,,
/mnt/e/spass/open-tggates-pathological-images/LATEST/images/tiopronin/Liver/46399.svs,46399.svs,0,normal,467,8,1,tiopronin,tiopronin,,100,mg/kg,29 day,Repeat,Gavage,Rat,6,Liver,,,
/mnt/e/spass/open-tggates-pathological-images/LATEST/images/isoniazid/Liver/2596.svs,2596.svs,0,normal,61,2,2,isoniazid,isoniazid,,0,mg/kg,8 day,Repeat,Gavage,Rat,6,Liver,,,
/mnt/e/spass/open-tggates-pathological-images/LATEST/images/doxorubicin/Liver/56321.svs,56321.svs,0,normal,617,4,5,doxorubicin,doxorubicin,,0,mg/kg,29 day,Repeat,intravenous injection,Rat,6,Liver,,,
/mnt/e/spass/open-tggates-pathological-images/LATEST/images/diclofenac/Liver/61828.svs,61828.svs,0,normal,632,4,1,diclofenac,diclofenac,,0,mg/kg,24 hr,Single,Gavage,Rat,6,Liver,,,
/mnt/e/spass/open-tggates-pathological-images/LATEST/images/amiodarone/Liver/30401.svs,30401.svs,0,normal,209,10,2,amiodarone,amiodarone,,60,mg/kg,8 day,Repeat,Gavage,Rat,6,Liver,,,
/mnt/e/spass/open-tggates-pathological-images/LATEST/images/danazol/Liver/57014.svs,57014.svs,0,normal,544,6,3,danazol,danazol,,300,mg/kg,6 hr,Single,Gavage,Rat,6,Liver,,,
/mnt/e/spass/open-tggates-pathological-images/LATEST/images/thioridazine/Liver/9834.svs,9834.svs,0,normal,252,13,1,thioridazine,thioridazine,,100,mg/kg,4 day,Repeat,Gavage,Rat,6,Liver,,,
/mnt/e/spass/open-tggates-pathological-images/LATEST/images/mefenamic_acid/Liver/20288.svs,20288.svs,0,normal,378,5,5,mefenamic acid,mefenamic_acid,,30,mg/kg,4 day,Repeat,Gavage,Rat,6,Liver,,,
/mnt/e/spass/open-tggates-pathological-images/LATEST/images/puromycin_aminonucleoside/Liver/54895.svs,54895.svs,0,normal,606,1,4,puromycin aminonucleoside,puromycin_aminonucleoside,,0,mg/kg,3 hr,Single,intravenous injection,Rat,6,Liver,,,
/mnt/e/spass/open-tggates-pathological-images/LATEST/images/etoposide/Liver/45375.svs,45375.svs,0,normal,554,15,5,etoposide,etoposide,,1000,mg/kg,9 hr,Single,Gavage,Rat,6,Liver,,,
/mnt/e/spass/open-tggates-pathological-images/LATEST/images/amphotericin_B/Liver/65113.svs,65113.svs,0,normal,691,12,4,amphotericin B,amphotericin_B,,0,mg/kg,29 day,Repeat,intravenous injection,Rat,6,Liver,,,
/mnt/e/spass/open-tggates-pathological-images/LATEST/images/sulpiride/Liver/40852.svs,40852.svs,0,normal,508,3,3,sulpiride,sulpiride,,0,mg/kg,9 hr,Single,Gavage,Rat,6,Liver,,,
/mnt/e/spass/open-tggates-pathological-images/LATEST/images/rosiglitazone_maleate/Liver/62797.svs,62797.svs,0,normal,666,7,4,rosiglitazone maleate,rosiglitazone_maleate,,2,mg/kg,15 day,Repeat,Gavage,Rat,6,Liver,,,
/mnt/e/spass/open-tggates-pathological-images/LATEST/images/nifedipine/Liver/36968.svs,36968.svs,0,normal,411,5,4,nifedipine,nifedipine,,100,mg/kg,4 day,Repeat,Gavage,Rat,6,Liver,,,
/mnt/e/spass/open-tggates-pathological-images/LATEST/images/haloperidol/Liver/8979.svs,8979.svs,0,normal,247,5,3,haloperidol,haloperidol,,3,mg/kg,3 hr,Single,Gavage,Rat,6,Liver,,,
/mnt/e/spass/open-tggates-pathological-images/LATEST/images/phenobarbital/Liver/60899.svs,60899.svs,0,normal,624,12,1,phenobarbital,phenobarbital,,150,mg/kg,24 hr,Single,Gavage,Rat,6,Liver,,,
/mnt/e/spass/open-tggates-pathological-images/LATEST/images/chlorpheniramine/Liver/36535.svs,36535.svs,0,normal,409,3,2,chlorpheniramine,chlorpheniramine,,0,mg/kg,15 day,Repeat,Gavage,Rat,6,Liver,,,
/mnt/e/spass/open-tggates-pathological-images/LATEST/images/colchicine/Liver/41418.svs,41418.svs,0,normal,501,8,1,colchicine,colchicine,,2,mg/kg,24 hr,Single,Gavage,Rat,6,Liver,,,
/mnt/e/spass/open-tggates-pathological-images/LATEST/images/methyltestosterone/Liver/10589.svs,10589.svs,0,normal,241,5,2,methyltestosterone,methyltestosterone,,30,mg/kg,3 hr,Single,Gavage,Rat,6,Liver,,,
/mnt/e/spass/open-tggates-pathological-images/LATEST/images/amphotericin_B/Liver/64718.svs,64718.svs,0,normal,690,7,5,amphotericin B,amphotericin_B,,1,mg/kg,9 hr,Single,intravenous injection,Rat,6,Liver,,,
/mnt/e/spass/open-tggates-pathological-images/LATEST/images/isoniazid/Liver/2669.svs,2669.svs,0,normal,61,16,4,isoniazid,isoniazid,,100,mg/kg,29 day,Repeat,Gavage,Rat,6,Liver,,,
/mnt/e/spass/open-tggates-pathological-images/LATEST/images/methyldopa/Liver/14502.svs,14502.svs,0,normal,307,9,3,methyldopa,methyldopa,,200,mg/kg,4 day,Repeat,Gavage,Rat,6,Liver,,,
/mnt/e/spass/open-tggates-pathological-images/LATEST/images/fluoxetine_hydrochloride/Liver/63277.svs,63277.svs,0,normal,684,4,1,fluoxetine hydrochloride,fluoxetine_hydrochloride,,0,mg/kg,29 day,Repeat,Gavage,Rat,6,Liver,,,
/mnt/e/spass/open-tggates-pathological-images/LATEST/images/erythromycin_ethylsuccinate/Liver/35530.svs,35530.svs,0,normal,389,6,4,erythromycin ethylsuccinate,erythromycin_ethylsuccinate,,100,mg/kg,8 day,Repeat,Gavage,Rat,6,Liver,,,
/mnt/e/spass/open-tggates-pathological-images/LATEST/images/isoniazid/Liver/2610.svs,2610.svs,0,normal,61,4,5,isoniazid,isoniazid,,0,mg/kg,29 day,Repeat,Gavage,Rat,6,Liver,,,
/mnt/e/spass/open-tggates-pathological-images/LATEST/images/moxisylyte/Liver/18029.svs,18029.svs,0,normal,317,3,5,moxisylyte,moxisylyte,,0,mg/kg,15 day,Repeat,Gavage,Rat,6,Liver,,,
/mnt/e/spass/open-tggates-pathological-images/LATEST/images/bucetin/Liver/49602.svs,49602.svs,0,normal,596,5,4,bucetin,bucetin,,100,mg/kg,4 day,Repeat,Gavage,Rat,6,Liver,,,
/mnt/e/spass/open-tggates-pathological-images/LATEST/images/famotidine/Liver/22847.svs,22847.svs,0,normal,380,3,1,famotidine,famotidine,,0,mg/kg,15 day,Repeat,Gavage,Rat,6,Liver,,,
/mnt/e/spass/open-tggates-pathological-images/LATEST/images/naproxen/Liver/34692.svs,34692.svs,0,normal,348,9,3,naproxen,naproxen,,20,mg/kg,4 day,Repeat,Gavage,Rat,6,Liver,,,
/mnt/e/spass/open-tggates-pathological-images/LATEST/images/bucetin/Liver/49240.svs,49240.svs,0,normal,595,9,2,bucetin,bucetin,,1000,mg/kg,3 hr,Single,Gavage,Rat,6,Liver,,,
/mnt/e/spass/open-tggates-pathological-images/LATEST/images/diazepam/Liver/6532.svs,6532.svs,0,normal,159,12,5,diazepam,diazepam,,75,mg/kg,29 day,Repeat,Gavage,Rat,6,Liver,,,
/mnt/e/spass/open-tggates-pathological-images/LATEST/images/ciprofloxacin/Liver/48265.svs,48265.svs,0,normal,312,13,2,ciprofloxacin,ciprofloxacin,,1000,mg/kg,3 hr,Single,Gavage,Rat,6,Liver,,,
/mnt/e/spass/open-tggates-pathological-images/LATEST/images/iproniazid/Liver/18809.svs,18809.svs,0,normal,318,16,1,iproniazid,iproniazid,,60,mg/kg,24 hr,Single,Gavage,Rat,6,Liver,,,
/mnt/e/spass/open-tggates-pathological-images/LATEST/images/haloperidol/Liver/9437.svs,9437.svs,0,normal,248,16,5,haloperidol,haloperidol,,30,mg/kg,29 day,Repeat,Gavage,Rat,6,Liver,,,
/mnt/e/spass/open-tggates-pathological-images/LATEST/images/tunicamycin/Liver/58843.svs,58843.svs,0,normal,455,4,1,tunicamycin,tunicamycin,,0,꺤g/kg,24 hr,Single,intraperitoneal injection,Rat,6,Liver,,,
/mnt/e/spass/open-tggates-pathological-images/LATEST/images/labetalol/Liver/9906.svs,9906.svs,0,normal,239,10,1,labetalol,labetalol,,150,mg/kg,6 hr,Single,Gavage,Rat,6,Liver,,,
/mnt/e/spass/open-tggates-pathological-images/LATEST/images/disopyramide/Liver/37821.svs,37821.svs,0,normal,462,1,1,disopyramide,disopyramide,,0,mg/kg,3 hr,Single,Gavage,Rat,6,Liver,,,
/mnt/e/spass/open-tggates-pathological-images/LATEST/images/indomethacin/Liver/61863.svs,61863.svs,0,normal,631,4,3,indomethacin,indomethacin,,0,mg/kg,24 hr,Single,Gavage,Rat,6,Liver,,,
/mnt/e/spass/open-tggates-pathological-images/LATEST/images/flutamide/Liver/11325.svs,11325.svs,0,normal,291,5,1,flutamide,flutamide,,15,mg/kg,3 hr,Single,Gavage,Rat,6,Liver,,,
/mnt/e/spass/open-tggates-pathological-images/LATEST/images/labetalol/Liver/10385.svs,10385.svs,0,normal,240,13,2,labetalol,labetalol,,450,mg/kg,4 day,Repeat,Gavage,Rat,6,Liver,,,
/mnt/e/spass/open-tggates-pathological-images/LATEST/images/methapyrilene/Liver/46762.svs,46762.svs,0,normal,174,7,3,methapyrilene,methapyrilene,,10,mg/kg,15 day,Repeat,Gavage,Rat,6,Liver,,,
/mnt/e/spass/open-tggates-pathological-images/LATEST/images/carbon_tetrachloride/Liver/25972.svs,25972.svs,0,normal,66,2,3,carbon tetrachloride,carbon_tetrachloride,,0,mg/kg,6 hr,Single,Gavage,Rat,6,Liver,,,
/mnt/e/spass/open-tggates-pathological-images/LATEST/images/penicillamine/Liver/37480.svs,37480.svs,0,normal,440,13,3,penicillamine,penicillamine,,1000,mg/kg,3 hr,Single,Gavage,Rat,6,Liver,,,
/mnt/e/spass/open-tggates-pathological-images/LATEST/images/phenytoin/Liver/31711.svs,31711.svs,0,normal,176,13,5,phenytoin,phenytoin,,600,mg/kg,4 day,Repeat,Gavage,Rat,6,Liver,,,
/mnt/e/spass/open-tggates-pathological-images/LATEST/images/omeprazole/Liver/4971.svs,4971.svs,0,normal,123,16,4,omeprazole,omeprazole,,1000,mg/kg,24 hr,Single,Gavage,Rat,6,Liver,,,
/mnt/e/spass/open-tggates-pathological-images/LATEST/images/acetaminophen/Liver/27856.svs,27856.svs,0,normal,42,2,1,acetaminophen,acetaminophen,,0,mg/kg,15 day,Repeat,Gavage,Rat,6,Liver,,,
/mnt/e/spass/open-tggates-pathological-images/LATEST/images/triamterene/Liver/39967.svs,39967.svs,0,normal,445,10,3,triamterene,triamterene,,50,mg/kg,8 day,Repeat,Gavage,Rat,6,Liver,,,
/mnt/e/spass/open-tggates-pathological-images/LATEST/images/ketoconazole/Liver/32227.svs,32227.svs,0,normal,230,2,2,ketoconazole,ketoconazole,,0,mg/kg,6 hr,Single,Gavage,Rat,6,Liver,,,
/mnt/e/spass/open-tggates-pathological-images/LATEST/images/nifedipine/Liver/36923.svs,36923.svs,0,normal,411,2,1,nifedipine,nifedipine,,0,mg/kg,8 day,Repeat,Gavage,Rat,6,Liver,,,
/mnt/e/spass/open-tggates-pathological-images/LATEST/images/quinidine/Liver/22585.svs,22585.svs,0,normal,349,16,1,quinidine,quinidine,,200,mg/kg,24 hr,Single,Gavage,Rat,6,Liver,,,
/mnt/e/spass/open-tggates-pathological-images/LATEST/images/methyldopa/Liver/14613.svs,14613.svs,0,normal,307,16,5,methyldopa,methyldopa,,600,mg/kg,29 day,Repeat,Gavage,Rat,6,Liver,,,
/mnt/e/spass/open-tggates-pathological-images/LATEST/images/labetalol/Liver/10066.svs,10066.svs,0,normal,239,15,5,labetalol,labetalol,,450,mg/kg,9 hr,Single,Gavage,Rat,6,Liver,,,
/mnt/e/spass/open-tggates-pathological-images/LATEST/images/ethambutol/Liver/36007.svs,36007.svs,0,normal,390,13,1,ethambutol,ethambutol,,1000,mg/kg,3 hr,Single,Gavage,Rat,6,Liver,,,
/mnt/e/spass/open-tggates-pathological-images/LATEST/images/diethyl_maleate/Liver/60017.svs,60017.svs,0,normal,458,5,4,diethyl maleate,diethyl_maleate,,80,mg/kg,3 hr,Single,intraperitoneal injection,Rat,6,Liver,,,
/mnt/e/spass/open-tggates-pathological-images/LATEST/images/nimesulide/Liver/47124.svs,47124.svs,0,normal,586,8,1,nimesulide,nimesulide,,30,mg/kg,24 hr,Single,Gavage,Rat,6,Liver,,,
/mnt/e/spass/open-tggates-pathological-images/LATEST/images/chlormadinone/Liver/49422.svs,49422.svs,0,normal,542,13,4,chlormadinone,chlormadinone,,2000,mg/kg,3 hr,Single,Gavage,Rat,6,Liver,,,
/mnt/e/spass/open-tggates-pathological-images/LATEST/images/erythromycin_ethylsuccinate/Liver/23695.svs,23695.svs,0,normal,388,10,5,erythromycin ethylsuccinate,erythromycin_ethylsuccinate,,300,mg/kg,6 hr,Single,Gavage,Rat,6,Liver,,,
/mnt/e/spass/open-tggates-pathological-images/LATEST/images/phenytoin/Liver/60839.svs,60839.svs,0,normal,628,2,3,phenytoin,phenytoin,,0,mg/kg,6 hr,Single,Gavage,Rat,6,Liver,,,
/mnt/e/spass/open-tggates-pathological-images/LATEST/images/etoposide/Liver/45511.svs,45511.svs,0,normal,555,1,4,etoposide,etoposide,,0,mg/kg,4 day,Repeat,Gavage,Rat,6,Liver,,,
/mnt/e/spass/open-tggates-pathological-images/LATEST/images/nicotinic_acid/Liver/57698.svs,57698.svs,0,normal,386,2,3,nicotinic acid,nicotinic_acid,,0,mg/kg,6 hr,Single,Gavage,Rat,6,Liver,,,
/mnt/e/spass/open-tggates-pathological-images/LATEST/images/chloramphenicol/Liver/15513.svs,15513.svs,0,normal,323,11,3,chloramphenicol,chloramphenicol,,300,mg/kg,9 hr,Single,Gavage,Rat,6,Liver,,,
/mnt/e/spass/open-tggates-pathological-images/LATEST/images/caffeine/Liver/36741.svs,36741.svs,0,normal,430,8,3,caffeine,caffeine,,10,mg/kg,29 day,Repeat,Gavage,Rat,6,Liver,,,
/mnt/e/spass/open-tggates-pathological-images/LATEST/images/bromobenzene/Liver/30520.svs,30520.svs,0,normal,186,14,2,bromobenzene,bromobenzene,,300,mg/kg,8 day,Repeat,Gavage,Rat,6,Liver,,,
/mnt/e/spass/open-tggates-pathological-images/LATEST/images/bromobenzene/Liver/30170.svs,30170.svs,0,normal,185,5,5,bromobenzene,bromobenzene,,30,mg/kg,3 hr,Single,Gavage,Rat,6,Liver,,,
/mnt/e/spass/open-tggates-pathological-images/LATEST/images/imipramine/Liver/33891.svs,33891.svs,0,normal,366,7,5,imipramine,imipramine,,10,mg/kg,15 day,Repeat,Gavage,Rat,6,Liver,,,
/mnt/e/spass/open-tggates-pathological-images/LATEST/images/rotenone/Liver/62859.svs,62859.svs,0,normal,670,13,4,rotenone,rotenone,,50,mg/kg,4 day,Repeat,Gavage,Rat,6,Liver,,,
/mnt/e/spass/open-tggates-pathological-images/LATEST/images/acetazolamide/Liver/58553.svs,58553.svs,0,normal,490,10,5,acetazolamide,acetazolamide,,200,mg/kg,8 day,Repeat,Gavage,Rat,6,Liver,,,
/mnt/e/spass/open-tggates-pathological-images/LATEST/images/amphotericin_B/Liver/65124.svs,65124.svs,0,normal,691,16,2,amphotericin B,amphotericin_B,,1,mg/kg,29 day,Repeat,intravenous injection,Rat,6,Liver,,,
/mnt/e/spass/open-tggates-pathological-images/LATEST/images/tamoxifen/Liver/13730.svs,13730.svs,0,normal,296,11,1,tamoxifen,tamoxifen,,20,mg/kg,9 hr,Single,Gavage,Rat,6,Liver,,,
/mnt/e/spass/open-tggates-pathological-images/LATEST/images/ethanol/Liver/47714.svs,47714.svs,0,normal,588,5,1,ethanol,ethanol,,400,mg/kg,3 hr,Single,Gavage,Rat,6,Liver,,,
/mnt/e/spass/open-tggates-pathological-images/LATEST/images/ranitidine/Liver/23479.svs,23479.svs,0,normal,382,13,1,ranitidine,ranitidine,,1000,mg/kg,4 day,Repeat,Gavage,Rat,6,Liver,,,
/mnt/e/spass/open-tggates-pathological-images/LATEST/images/phenylanthranilic_acid/Liver/50438.svs,50438.svs,0,normal,598,3,3,phenylanthranilic acid,phenylanthranilic_acid,,0,mg/kg,15 day,Repeat,Gavage,Rat,6,Liver,,,
/mnt/e/spass/open-tggates-pathological-images/LATEST/images/bucetin/Liver/49121.svs,49121.svs,0,normal,595,2,2,bucetin,bucetin,,0,mg/kg,6 hr,Single,Gavage,Rat,6,Liver,,,
/mnt/e/spass/open-tggates-pathological-images/LATEST/images/triamterene/Liver/39965.svs,39965.svs,0,normal,445,10,2,triamterene,triamterene,,50,mg/kg,8 day,Repeat,Gavage,Rat,6,Liver,,,
/mnt/e/spass/open-tggates-pathological-images/LATEST/images/meloxicam/Liver/44565.svs,44565.svs,0,normal,535,7,3,meloxicam,meloxicam,,10,mg/kg,9 hr,Single,Gavage,Rat,6,Liver,,,
/mnt/e/spass/open-tggates-pathological-images/LATEST/images/perhexiline/Liver/11307.svs,11307.svs,0,normal,226,5,5,perhexiline,perhexiline,,15,mg/kg,3 hr,Single,Gavage,Rat,6,Liver,,,
/mnt/e/spass/open-tggates-pathological-images/LATEST/images/methimazole/Liver/70524.svs,70524.svs,0,normal,278,11,4,methimazole,methimazole,,30,mg/kg,15 day,Repeat,Gavage,Rat,6,Liver,,,
/mnt/e/spass/open-tggates-pathological-images/LATEST/images/ajmaline/Liver/42884.svs,42884.svs,0,normal,517,13,3,ajmaline,ajmaline,,300,mg/kg,3 hr,Single,Gavage,Rat,6,Liver,,,
/mnt/e/spass/open-tggates-pathological-images/LATEST/images/famotidine/Liver/22888.svs,22888.svs,0,normal,380,11,3,famotidine,famotidine,,300,mg/kg,15 day,Repeat,Gavage,Rat,6,Liver,,,
/mnt/e/spass/open-tggates-pathological-images/LATEST/images/mexiletine/Liver/53308.svs,53308.svs,0,normal,464,6,4,mexiletine,mexiletine,,40,mg/kg,6 hr,Single,Gavage,Rat,6,Liver,,,
/mnt/e/spass/open-tggates-pathological-images/LATEST/images/perhexiline/Liver/12280.svs,12280.svs,0,normal,227,9,3,perhexiline,perhexiline,,50,mg/kg,4 day,Repeat,Gavage,Rat,6,Liver,,,
/mnt/e/spass/open-tggates-pathological-images/LATEST/images/TNFa/Liver/59833.svs,59833.svs,0,normal,449,13,3,TNF꺙,TNFa,,10,꺤g/kg,3 hr,Single,intraperitoneal injection,Rat,6,Liver,,,
/mnt/e/spass/open-tggates-pathological-images/LATEST/images/tunicamycin/Liver/58849.svs,58849.svs,0,normal,455,4,2,tunicamycin,tunicamycin,,0,꺤g/kg,24 hr,Single,intraperitoneal injection,Rat,6,Liver,,,
/mnt/e/spass/open-tggates-pathological-images/LATEST/images/tiopronin/Liver/46088.svs,46088.svs,0,normal,466,14,2,tiopronin,tiopronin,,1000,mg/kg,6 hr,Single,Gavage,Rat,6,Liver,,,
/mnt/e/spass/open-tggates-pathological-images/LATEST/images/gemfibrozil/Liver/8644.svs,8644.svs,0,normal,183,5,3,gemfibrozil,gemfibrozil,,30,mg/kg,3 hr,Single,Gavage,Rat,6,Liver,,,
/mnt/e/spass/open-tggates-pathological-images/LATEST/images/amphotericin_B/Liver/64962.svs,64962.svs,0,normal,691,14,2,amphotericin B,amphotericin_B,,1,mg/kg,8 day,Repeat,intravenous injection,Rat,6,Liver,,,
/mnt/e/spass/open-tggates-pathological-images/LATEST/images/ibuprofen/Liver/19575.svs,19575.svs,0,normal,346,3,2,ibuprofen,ibuprofen,,0,mg/kg,15 day,Repeat,Gavage,Rat,6,Liver,,,
/mnt/e/spass/open-tggates-pathological-images/LATEST/images/2%2C4-dinitrophenol/Liver/70906.svs,70906.svs,0,normal,672,6,2,"2,4-dinitrophenol",2%2C4-dinitrophenol,,6,mg/kg,6 hr,Single,Gavage,Rat,6,Liver,,,
/mnt/e/spass/open-tggates-pathological-images/LATEST/images/tamoxifen/Liver/13685.svs,13685.svs,0,normal,296,6,1,tamoxifen,tamoxifen,,6,mg/kg,6 hr,Single,Gavage,Rat,6,Liver,,,
/mnt/e/spass/open-tggates-pathological-images/LATEST/images/sulindac/Liver/38494.svs,38494.svs,0,normal,443,8,5,sulindac,sulindac,,5,mg/kg,29 day,Repeat,Gavage,Rat,6,Liver,,,
/mnt/e/spass/open-tggates-pathological-images/LATEST/images/rosiglitazone_maleate/Liver/62862.svs,62862.svs,0,normal,666,14,1,rosiglitazone maleate,rosiglitazone_maleate,,100,mg/kg,8 day,Repeat,Gavage,Rat,6,Liver,,,
/mnt/e/spass/open-tggates-pathological-images/LATEST/images/captopril/Liver/25044.svs,25044.svs,0,normal,421,13,3,captopril,captopril,,1000,mg/kg,4 day,Repeat,Gavage,Rat,6,Liver,,,
/mnt/e/spass/open-tggates-pathological-images/LATEST/images/3-methylcholanthrene/Liver/66802.svs,66802.svs,0,normal,708,15,1,3-methylcholanthrene,3-methylcholanthrene,,100,mg/kg,9 hr,Single,Gavage,Rat,6,Liver,,,
/mnt/e/spass/open-tggates-pathological-images/LATEST/images/chloramphenicol/Liver/15471.svs,15471.svs,0,normal,323,6,4,chloramphenicol,chloramphenicol,,100,mg/kg,6 hr,Single,Gavage,Rat,6,Liver,,,
/mnt/e/spass/open-tggates-pathological-images/LATEST/images/moxisylyte/Liver/17976.svs,17976.svs,0,normal,317,1,3,moxisylyte,moxisylyte,,0,mg/kg,4 day,Repeat,Gavage,Rat,6,Liver,,,
/mnt/e/spass/open-tggates-pathological-images/LATEST/images/desmopressin_acetate/Liver/63732.svs,63732.svs,0,normal,692,14,1,desmopressin acetate,desmopressin_acetate,,2000,꺤g/kg,6 hr,Single,subcutaneous injection,Rat,6,Liver,,,
/mnt/e/spass/open-tggates-pathological-images/LATEST/images/caffeine/Liver/24533.svs,24533.svs,0,normal,429,2,4,caffeine,caffeine,,0,mg/kg,6 hr,Single,Gavage,Rat,6,Liver,,,
/mnt/e/spass/open-tggates-pathological-images/LATEST/images/danazol/Liver/49930.svs,49930.svs,0,normal,545,5,2,danazol,danazol,,100,mg/kg,4 day,Repeat,Gavage,Rat,6,Liver,,,
/mnt/e/spass/open-tggates-pathological-images/LATEST/images/naproxen/Liver/22300.svs,22300.svs,0,normal,347,3,3,naproxen,naproxen,,0,mg/kg,9 hr,Single,Gavage,Rat,6,Liver,,,
/mnt/e/spass/open-tggates-pathological-images/LATEST/images/meloxicam/Liver/44779.svs,44779.svs,0,normal,536,2,3,meloxicam,meloxicam,,0,mg/kg,8 day,Repeat,Gavage,Rat,6,Liver,,,
/mnt/e/spass/open-tggates-pathological-images/LATEST/images/acarbose/Liver/41737.svs,41737.svs,0,normal,511,7,3,acarbose,acarbose,,100,mg/kg,15 day,Repeat,Gavage,Rat,6,Liver,,,
/mnt/e/spass/open-tggates-pathological-images/LATEST/images/chlorpromazine/Liver/61521.svs,61521.svs,0,normal,635,7,2,chlorpromazine,chlorpromazine,,45,mg/kg,9 hr,Single,Gavage,Rat,6,Liver,,,
/mnt/e/spass/open-tggates-pathological-images/LATEST/images/triamterene/Liver/38726.svs,38726.svs,0,normal,444,1,4,triamterene,triamterene,,0,mg/kg,3 hr,Single,Gavage,Rat,6,Liver,,,
/mnt/e/spass/open-tggates-pathological-images/LATEST/images/phorone/Liver/59441.svs,59441.svs,0,normal,456,13,3,phorone,phorone,,400,mg/kg,3 hr,Single,intraperitoneal injection,Rat,6,Liver,,,
/mnt/e/spass/open-tggates-pathological-images/LATEST/images/isoniazid/Liver/2635.svs,2635.svs,0,normal,61,9,5,isoniazid,isoniazid,,50,mg/kg,4 day,Repeat,Gavage,Rat,6,Liver,,,
/mnt/e/spass/open-tggates-pathological-images/LATEST/images/bucetin/Liver/49127.svs,49127.svs,0,normal,595,2,4,bucetin,bucetin,,0,mg/kg,6 hr,Single,Gavage,Rat,6,Liver,,,
/mnt/e/spass/open-tggates-pathological-images/LATEST/images/cyclophosphamide/Liver/60633.svs,60633.svs,0,normal,627,10,1,cyclophosphamide,cyclophosphamide,,50,mg/kg,6 hr,Single,Gavage,Rat,6,Liver,,,
/mnt/e/spass/open-tggates-pathological-images/LATEST/images/simvastatin/Liver/42062.svs,42062.svs,0,normal,515,4,3,simvastatin,simvastatin,,0,mg/kg,24 hr,Single,Gavage,Rat,6,Liver,,,
/mnt/e/spass/open-tggates-pathological-images/LATEST/images/lornoxicam/Liver/45034.svs,45034.svs,0,normal,537,1,5,lornoxicam,lornoxicam,,0,mg/kg,3 hr,Single,Gavage,Rat,6,Liver,,,
/mnt/e/spass/open-tggates-pathological-images/LATEST/images/ibuprofen/Liver/19772.svs,19772.svs,0,normal,346,11,4,ibuprofen,ibuprofen,,60,mg/kg,15 day,Repeat,Gavage,Rat,6,Liver,,,
/mnt/e/spass/open-tggates-pathological-images/LATEST/images/erythromycin_ethylsuccinate/Liver/23654.svs,23654.svs,0,normal,388,8,5,erythromycin ethylsuccinate,erythromycin_ethylsuccinate,,100,mg/kg,24 hr,Single,Gavage,Rat,6,Liver,,,
/mnt/e/spass/open-tggates-pathological-images/LATEST/images/rifampicin/Liver/25871.svs,25871.svs,0,normal,95,5,4,rifampicin,rifampicin,,20,mg/kg,4 day,Repeat,Gavage,Rat,6,Liver,,,
/mnt/e/spass/open-tggates-pathological-images/LATEST/images/methimazole/Liver/12573.svs,12573.svs,0,normal,275,5,2,methimazole,methimazole,,10,mg/kg,3 hr,Single,Gavage,Rat,6,Liver,,,
/mnt/e/spass/open-tggates-pathological-images/LATEST/images/naproxen/Liver/22636.svs,22636.svs,0,normal,347,14,2,naproxen,naproxen,,200,mg/kg,6 hr,Single,Gavage,Rat,6,Liver,,,
/mnt/e/spass/open-tggates-pathological-images/LATEST/images/theophylline/Liver/57687.svs,57687.svs,0,normal,427,15,1,theophylline,theophylline,,200,mg/kg,9 hr,Single,Gavage,Rat,6,Liver,,,
/mnt/e/spass/open-tggates-pathological-images/LATEST/images/aspirin/Liver/4809.svs,4809.svs,0,normal,128,1,5,aspirin,aspirin,,0,mg/kg,4 day,Repeat,Gavage,Rat,6,Liver,,,
/mnt/e/spass/open-tggates-pathological-images/LATEST/images/dantrolene/Liver/43776.svs,43776.svs,0,normal,520,4,4,dantrolene,dantrolene,,0,mg/kg,29 day,Repeat,Gavage,Rat,6,Liver,,,
/mnt/e/spass/open-tggates-pathological-images/LATEST/images/cephalothin/Liver/54497.svs,54497.svs,0,normal,636,4,2,cephalothin,cephalothin,,0,mg/kg,29 day,Repeat,intravenous injection,Rat,6,Liver,,,
/mnt/e/spass/open-tggates-pathological-images/LATEST/images/moxisylyte/Liver/18299.svs,18299.svs,0,normal,317,15,4,moxisylyte,moxisylyte,,500,mg/kg,15 day,Repeat,Gavage,Rat,6,Liver,,,
/mnt/e/spass/open-tggates-pathological-images/LATEST/images/theophylline/Liver/58059.svs,58059.svs,0,normal,428,9,5,theophylline,theophylline,,60,mg/kg,4 day,Repeat,Gavage,Rat,6,Liver,,,
/mnt/e/spass/open-tggates-pathological-images/LATEST/images/isoniazid/Liver/60501.svs,60501.svs,0,normal,629,4,4,isoniazid,isoniazid,,0,mg/kg,24 hr,Single,Gavage,Rat,6,Liver,,,
/mnt/e/spass/open-tggates-pathological-images/LATEST/images/tacrine/Liver/14789.svs,14789.svs,0,normal,314,13,4,tacrine,tacrine,,30,mg/kg,3 hr,Single,Gavage,Rat,6,Liver,,,
/mnt/e/spass/open-tggates-pathological-images/LATEST/images/lomustine/Liver/11685.svs,11685.svs,0,normal,310,5,4,lomustine,lomustine,,1,mg/kg,3 hr,Single,Gavage,Rat,6,Liver,,,
/mnt/e/spass/open-tggates-pathological-images/LATEST/images/cyclophosphamide/Liver/60596.svs,60596.svs,0,normal,627,5,5,cyclophosphamide,cyclophosphamide,,15,mg/kg,3 hr,Single,Gavage,Rat,6,Liver,,,
/mnt/e/spass/open-tggates-pathological-images/LATEST/images/puromycin_aminonucleoside/Liver/55621.svs,55621.svs,0,normal,607,10,4,puromycin aminonucleoside,puromycin_aminonucleoside,,12,mg/kg,8 day,Repeat,intravenous injection,Rat,6,Liver,,,
/mnt/e/spass/open-tggates-pathological-images/LATEST/images/haloperidol/Liver/9306.svs,9306.svs,0,normal,248,4,3,haloperidol,haloperidol,,0,mg/kg,29 day,Repeat,Gavage,Rat,6,Liver,,,
/mnt/e/spass/open-tggates-pathological-images/LATEST/images/bromobenzene/Liver/30242.svs,30242.svs,0,normal,185,13,2,bromobenzene,bromobenzene,,300,mg/kg,3 hr,Single,Gavage,Rat,6,Liver,,,
/mnt/e/spass/open-tggates-pathological-images/LATEST/images/3-methylcholanthrene/Liver/66555.svs,66555.svs,0,normal,708,6,5,3-methylcholanthrene,3-methylcholanthrene,,10,mg/kg,6 hr,Single,Gavage,Rat,6,Liver,,,
/mnt/e/spass/open-tggates-pathological-images/LATEST/images/tamoxifen/Liver/33344.svs,33344.svs,0,normal,297,11,3,tamoxifen,tamoxifen,,20,mg/kg,15 day,Repeat,Gavage,Rat,6,Liver,,,
/mnt/e/spass/open-tggates-pathological-images/LATEST/images/ethanol/Liver/47658.svs,47658.svs,0,normal,588,1,5,ethanol,ethanol,,0,mg/kg,3 hr,Single,Gavage,Rat,6,Liver,,,
/mnt/e/spass/open-tggates-pathological-images/LATEST/images/chlormadinone/Liver/49194.svs,49194.svs,0,normal,542,4,4,chlormadinone,chlormadinone,,0,mg/kg,24 hr,Single,Gavage,Rat,6,Liver,,,
/mnt/e/spass/open-tggates-pathological-images/LATEST/images/phenytoin/Liver/60908.svs,60908.svs,0,normal,628,10,4,phenytoin,phenytoin,,1200,mg/kg,6 hr,Single,Gavage,Rat,6,Liver,,,
/mnt/e/spass/open-tggates-pathological-images/LATEST/images/carbon_tetrachloride/Liver/26193.svs,26193.svs,0,normal,66,25,3,carbon tetrachloride,carbon_tetrachloride,,300,mg/kg,72 hr,Single,Gavage,Rat,6,Liver,,,
/mnt/e/spass/open-tggates-pathological-images/LATEST/images/nitrofurantoin/Liver/71105.svs,71105.svs,0,normal,655,14,3,nitrofurantoin,nitrofurantoin,,600,mg/kg,6 hr,Single,Gavage,Rat,6,Liver,,,
/mnt/e/spass/open-tggates-pathological-images/LATEST/images/indomethacin/Liver/27320.svs,27320.svs,0,normal,113,4,2,indomethacin,indomethacin,,0,mg/kg,29 day,Repeat,Gavage,Rat,6,Liver,,,
/mnt/e/spass/open-tggates-pathological-images/LATEST/images/mexiletine/Liver/53703.svs,53703.svs,0,normal,465,2,3,mexiletine,mexiletine,,0,mg/kg,8 day,Repeat,Gavage,Rat,6,Liver,,,
/mnt/e/spass/open-tggates-pathological-images/LATEST/images/bromobenzene/Liver/30130.svs,30130.svs,0,normal,185,2,1,bromobenzene,bromobenzene,,0,mg/kg,6 hr,Single,Gavage,Rat,6,Liver,,,
/mnt/e/spass/open-tggates-pathological-images/LATEST/images/danazol/Liver/57203.svs,57203.svs,0,normal,544,13,4,danazol,danazol,,2000,mg/kg,3 hr,Single,Gavage,Rat,6,Liver,,,
/mnt/e/spass/open-tggates-pathological-images/LATEST/images/danazol/Liver/56877.svs,56877.svs,0,normal,544,1,5,danazol,danazol,,0,mg/kg,3 hr,Single,Gavage,Rat,6,Liver,,,
/mnt/e/spass/open-tggates-pathological-images/LATEST/images/tiopronin/Liver/46523.svs,46523.svs,0,normal,467,13,1,tiopronin,tiopronin,,1000,mg/kg,4 day,Repeat,Gavage,Rat,6,Liver,,,
/mnt/e/spass/open-tggates-pathological-images/LATEST/images/acetamidofluorene/Liver/50952.svs,50952.svs,0,normal,568,1,1,acetamidofluorene,acetamidofluorene,,0,mg/kg,3 hr,Single,Gavage,Rat,6,Liver,,,
/mnt/e/spass/open-tggates-pathological-images/LATEST/images/thioacetamide/Liver/46678.svs,46678.svs,0,normal,117,5,1,thioacetamide,thioacetamide,,5,mg/kg,4 day,Repeat,Gavage,Rat,6,Liver,,,
/mnt/e/spass/open-tggates-pathological-images/LATEST/images/danazol/Liver/50329.svs,50329.svs,0,normal,545,8,3,danazol,danazol,,100,mg/kg,29 day,Repeat,Gavage,Rat,6,Liver,,,
/mnt/e/spass/open-tggates-pathological-images/LATEST/images/methyldopa/Liver/14057.svs,14057.svs,0,normal,306,13,5,methyldopa,methyldopa,,600,mg/kg,3 hr,Single,Gavage,Rat,6,Liver,,,
/mnt/e/spass/open-tggates-pathological-images/LATEST/images/phalloidin/Liver/71081.svs,71081.svs,0,normal,481,2,4,phalloidin,phalloidin,,0,mg/kg,8 day,Repeat,intraperitoneal injection,Rat,6,Liver,,,
/mnt/e/spass/open-tggates-pathological-images/LATEST/images/simvastatin/Liver/42454.svs,42454.svs,0,normal,516,7,4,simvastatin,simvastatin,,40,mg/kg,15 day,Repeat,Gavage,Rat,6,Liver,,,
/mnt/e/spass/open-tggates-pathological-images/LATEST/images/danazol/Liver/49607.svs,49607.svs,0,normal,545,1,2,danazol,danazol,,0,mg/kg,4 day,Repeat,Gavage,Rat,6,Liver,,,
/mnt/e/spass/open-tggates-pathological-images/LATEST/images/famotidine/Liver/20792.svs,20792.svs,0,normal,379,8,1,famotidine,famotidine,,100,mg/kg,24 hr,Single,Gavage,Rat,6,Liver,,,
/mnt/e/spass/open-tggates-pathological-images/LATEST/images/cyclophosphamide/Liver/60560.svs,60560.svs,0,normal,627,2,1,cyclophosphamide,cyclophosphamide,,0,mg/kg,6 hr,Single,Gavage,Rat,6,Liver,,,
/mnt/e/spass/open-tggates-pathological-images/LATEST/images/LPS/Liver/69882.svs,69882.svs,0,normal,663,1,1,LPS,LPS,,0,꺤g/kg,3 hr,Single,intraperitoneal injection,Rat,6,Liver,,,
/mnt/e/spass/open-tggates-pathological-images/LATEST/images/caffeine/Liver/36957.svs,36957.svs,0,normal,430,16,5,caffeine,caffeine,,100,mg/kg,29 day,Repeat,Gavage,Rat,6,Liver,,,
/mnt/e/spass/open-tggates-pathological-images/LATEST/images/methyltestosterone/Liver/10598.svs,10598.svs,0,normal,241,6,2,methyltestosterone,methyltestosterone,,30,mg/kg,6 hr,Single,Gavage,Rat,6,Liver,,,
/mnt/e/spass/open-tggates-pathological-images/LATEST/images/papaverine/Liver/37246.svs,37246.svs,0,normal,431,12,4,papaverine,papaverine,,120,mg/kg,24 hr,Single,Gavage,Rat,6,Liver,,,
/mnt/e/spass/open-tggates-pathological-images/LATEST/images/indomethacin/Liver/61851.svs,61851.svs,0,normal,631,15,2,indomethacin,indomethacin,,50,mg/kg,9 hr,Single,Gavage,Rat,6,Liver,,,
/mnt/e/spass/open-tggates-pathological-images/LATEST/images/isoniazid/Liver/2374.svs,2374.svs,0,normal,60,8,2,isoniazid,isoniazid,,10,mg/kg,9 hr,Single,Gavage,Rat,6,Liver,,,
/mnt/e/spass/open-tggates-pathological-images/LATEST/images/tacrine/Liver/14799.svs,14799.svs,0,normal,314,14,1,tacrine,tacrine,,30,mg/kg,6 hr,Single,Gavage,Rat,6,Liver,,,
/mnt/e/spass/open-tggates-pathological-images/LATEST/images/sulindac/Liver/38430.svs,38430.svs,0,normal,443,4,1,sulindac,sulindac,,0,mg/kg,29 day,Repeat,Gavage,Rat,6,Liver,,,
/mnt/e/spass/open-tggates-pathological-images/LATEST/images/nifedipine/Liver/20972.svs,20972.svs,0,normal,410,9,5,nifedipine,nifedipine,,300,mg/kg,3 hr,Single,Gavage,Rat,6,Liver,,,
/mnt/e/spass/open-tggates-pathological-images/LATEST/images/dexamethasone/Liver/63033.svs,63033.svs,0,normal,664,14,5,dexamethasone,dexamethasone,,50,mg/kg,6 hr,Single,Gavage,Rat,6,Liver,,,
/mnt/e/spass/open-tggates-pathological-images/LATEST/images/mefenamic_acid/Liver/20278.svs,20278.svs,0,normal,378,5,1,mefenamic acid,mefenamic_acid,,30,mg/kg,4 day,Repeat,Gavage,Rat,6,Liver,,,
/mnt/e/spass/open-tggates-pathological-images/LATEST/images/chlorpropamide/Liver/20515.svs,20515.svs,0,normal,435,3,1,chlorpropamide,chlorpropamide,,0,mg/kg,9 hr,Single,Gavage,Rat,6,Liver,,,
/mnt/e/spass/open-tggates-pathological-images/LATEST/images/sulindac/Liver/38478.svs,38478.svs,0,normal,443,7,4,sulindac,sulindac,,5,mg/kg,15 day,Repeat,Gavage,Rat,6,Liver,,,
/mnt/e/spass/open-tggates-pathological-images/LATEST/images/nicotinic_acid/Liver/57987.svs,57987.svs,0,normal,386,13,3,nicotinic acid,nicotinic_acid,,1000,mg/kg,3 hr,Single,Gavage,Rat,6,Liver,,,
/mnt/e/spass/open-tggates-pathological-images/LATEST/images/acetazolamide/Liver/58235.svs,58235.svs,0,normal,489,5,4,acetazolamide,acetazolamide,,60,mg/kg,3 hr,Single,Gavage,Rat,6,Liver,,,
/mnt/e/spass/open-tggates-pathological-images/LATEST/images/hydroxyzine/Liver/19357.svs,19357.svs,0,normal,369,12,4,hydroxyzine,hydroxyzine,,30,mg/kg,24 hr,Single,Gavage,Rat,6,Liver,,,
/mnt/e/spass/open-tggates-pathological-images/LATEST/images/mexiletine/Liver/53502.svs,53502.svs,0,normal,464,12,5,mexiletine,mexiletine,,120,mg/kg,24 hr,Single,Gavage,Rat,6,Liver,,,
/mnt/e/spass/open-tggates-pathological-images/LATEST/images/nitrofurantoin/Liver/29970.svs,29970.svs,0,normal,151,2,1,nitrofurantoin,nitrofurantoin,,0,mg/kg,8 day,Repeat,Gavage,Rat,6,Liver,,,
/mnt/e/spass/open-tggates-pathological-images/LATEST/images/rosiglitazone_maleate/Liver/62800.svs,62800.svs,0,normal,666,7,5,rosiglitazone maleate,rosiglitazone_maleate,,2,mg/kg,15 day,Repeat,Gavage,Rat,6,Liver,,,
/mnt/e/spass/open-tggates-pathological-images/LATEST/images/diethyl_maleate/Liver/60095.svs,60095.svs,0,normal,458,11,4,diethyl maleate,diethyl_maleate,,240,mg/kg,9 hr,Single,intraperitoneal injection,Rat,6,Liver,,,
/mnt/e/spass/open-tggates-pathological-images/LATEST/images/griseofulvin/Liver/31794.svs,31794.svs,0,normal,290,1,1,griseofulvin,griseofulvin,,0,mg/kg,4 day,Repeat,Gavage,Rat,6,Liver,,,
/mnt/e/spass/open-tggates-pathological-images/LATEST/images/flutamide/Liver/11377.svs,11377.svs,0,normal,291,2,3,flutamide,flutamide,,0,mg/kg,6 hr,Single,Gavage,Rat,6,Liver,,,
/mnt/e/spass/open-tggates-pathological-images/LATEST/images/naproxen/Liver/22444.svs,22444.svs,0,normal,347,7,4,naproxen,naproxen,,20,mg/kg,9 hr,Single,Gavage,Rat,6,Liver,,,
/mnt/e/spass/open-tggates-pathological-images/LATEST/images/amphotericin_B/Liver/64958.svs,64958.svs,0,normal,691,14,1,amphotericin B,amphotericin_B,,1,mg/kg,8 day,Repeat,intravenous injection,Rat,6,Liver,,,
/mnt/e/spass/open-tggates-pathological-images/LATEST/images/tacrine/Liver/15910.svs,15910.svs,0,normal,315,4,2,tacrine,tacrine,,0,mg/kg,29 day,Repeat,Gavage,Rat,6,Liver,,,
/mnt/e/spass/open-tggates-pathological-images/LATEST/images/ciprofloxacin/Liver/15060.svs,15060.svs,0,normal,313,12,5,ciprofloxacin,ciprofloxacin,,300,mg/kg,29 day,Repeat,Gavage,Rat,6,Liver,,,
/mnt/e/spass/open-tggates-pathological-images/LATEST/images/fluphenazine/Liver/9047.svs,9047.svs,0,normal,273,4,2,fluphenazine,fluphenazine,,0,mg/kg,24 hr,Single,Gavage,Rat,6,Liver,,,
/mnt/e/spass/open-tggates-pathological-images/LATEST/images/methylene_dianiline/Liver/63409.svs,63409.svs,0,normal,685,5,4,methylene dianiline,methylene_dianiline,,30,mg/kg,3 hr,Single,Gavage,Rat,6,Liver,,,
/mnt/e/spass/open-tggates-pathological-images/LATEST/images/phenylanthranilic_acid/Liver/50092.svs,50092.svs,0,normal,597,4,2,phenylanthranilic acid,phenylanthranilic_acid,,0,mg/kg,24 hr,Single,Gavage,Rat,6,Liver,,,
/mnt/e/spass/open-tggates-pathological-images/LATEST/images/fluphenazine/Liver/9112.svs,9112.svs,0,normal,273,10,3,fluphenazine,fluphenazine,,6,mg/kg,6 hr,Single,Gavage,Rat,6,Liver,,,
/mnt/e/spass/open-tggates-pathological-images/LATEST/images/tannic_acid/Liver/23967.svs,23967.svs,0,normal,418,13,4,tannic acid,tannic_acid,,1000,mg/kg,3 hr,Single,Gavage,Rat,6,Liver,,,
/mnt/e/spass/open-tggates-pathological-images/LATEST/images/thioridazine/Liver/9592.svs,9592.svs,0,normal,251,1,5,thioridazine,thioridazine,,0,mg/kg,3 hr,Single,Gavage,Rat,6,Liver,,,
/mnt/e/spass/open-tggates-pathological-images/LATEST/images/furosemide/Liver/34498.svs,34498.svs,0,normal,393,1,1,furosemide,furosemide,,0,mg/kg,4 day,Repeat,Gavage,Rat,6,Liver,,,
/mnt/e/spass/open-tggates-pathological-images/LATEST/images/methimazole/Liver/70638.svs,70638.svs,0,normal,278,4,2,methimazole,methimazole,,0,mg/kg,29 day,Repeat,Gavage,Rat,6,Liver,,,
/mnt/e/spass/open-tggates-pathological-images/LATEST/images/phenylbutazone/Liver/26510.svs,26510.svs,0,normal,97,6,5,phenylbutazone,phenylbutazone,,20,mg/kg,8 day,Repeat,Gavage,Rat,6,Liver,,,
/mnt/e/spass/open-tggates-pathological-images/LATEST/images/cimetidine/Liver/8719.svs,8719.svs,0,normal,213,3,2,cimetidine,cimetidine,,0,mg/kg,9 hr,Single,Gavage,Rat,6,Liver,,,
/mnt/e/spass/open-tggates-pathological-images/LATEST/images/ibuprofen/Liver/36406.svs,36406.svs,0,normal,345,11,2,ibuprofen,ibuprofen,,200,mg/kg,9 hr,Single,Gavage,Rat,6,Liver,,,
/mnt/e/spass/open-tggates-pathological-images/LATEST/images/carbamazepine/Liver/5459.svs,5459.svs,0,normal,146,15,3,carbamazepine,carbamazepine,,300,mg/kg,9 hr,Single,Gavage,Rat,6,Liver,,,
/mnt/e/spass/open-tggates-pathological-images/LATEST/images/cyclophosphamide/Liver/60564.svs,60564.svs,0,normal,627,2,3,cyclophosphamide,cyclophosphamide,,0,mg/kg,6 hr,Single,Gavage,Rat,6,Liver,,,
/mnt/e/spass/open-tggates-pathological-images/LATEST/images/naproxen/Liver/22510.svs,22510.svs,0,normal,347,10,1,naproxen,naproxen,,60,mg/kg,6 hr,Single,Gavage,Rat,6,Liver,,,
/mnt/e/spass/open-tggates-pathological-images/LATEST/images/tamoxifen/Liver/13645.svs,13645.svs,0,normal,296,1,5,tamoxifen,tamoxifen,,0,mg/kg,3 hr,Single,Gavage,Rat,6,Liver,,,
/mnt/e/spass/open-tggates-pathological-images/LATEST/images/cyclosporine_A/Liver/53975.svs,53975.svs,0,normal,604,2,5,cyclosporine A,cyclosporine_A,,0,mg/kg,6 hr,Single,Gavage,Rat,6,Liver,,,
/mnt/e/spass/open-tggates-pathological-images/LATEST/images/terbinafine/Liver/44147.svs,44147.svs,0,normal,534,2,2,terbinafine,terbinafine,,0,mg/kg,8 day,Repeat,Gavage,Rat,6,Liver,,,
/mnt/e/spass/open-tggates-pathological-images/LATEST/images/famotidine/Liver/22786.svs,22786.svs,0,normal,380,2,2,famotidine,famotidine,,0,mg/kg,8 day,Repeat,Gavage,Rat,6,Liver,,,
/mnt/e/spass/open-tggates-pathological-images/LATEST/images/phenylbutazone/Liver/26184.svs,26184.svs,0,normal,96,7,3,phenylbutazone,phenylbutazone,,20,mg/kg,9 hr,Single,Gavage,Rat,6,Liver,,,
/mnt/e/spass/open-tggates-pathological-images/LATEST/images/chlorpheniramine/Liver/21273.svs,21273.svs,0,normal,408,9,5,chlorpheniramine,chlorpheniramine,,10,mg/kg,3 hr,Single,Gavage,Rat,6,Liver,,,
/mnt/e/spass/open-tggates-pathological-images/LATEST/images/azathioprine/Liver/12362.svs,12362.svs,0,normal,228,13,1,azathioprine,azathioprine,,30,mg/kg,3 hr,Single,Gavage,Rat,6,Liver,,,
/mnt/e/spass/open-tggates-pathological-images/LATEST/images/rifampicin/Liver/25933.svs,25933.svs,0,normal,95,11,2,rifampicin,rifampicin,,60,mg/kg,15 day,Repeat,Gavage,Rat,6,Liver,,,
/mnt/e/spass/open-tggates-pathological-images/LATEST/images/tetracycline/Liver/11366.svs,11366.svs,0,normal,309,8,1,tetracycline,tetracycline,,100,mg/kg,29 day,Repeat,Gavage,Rat,6,Liver,,,
/mnt/e/spass/open-tggates-pathological-images/LATEST/images/etoposide/Liver/45379.svs,45379.svs,0,normal,554,16,2,etoposide,etoposide,,1000,mg/kg,24 hr,Single,Gavage,Rat,6,Liver,,,
/mnt/e/spass/open-tggates-pathological-images/LATEST/images/ibuprofen/Liver/36339.svs,36339.svs,0,normal,345,8,5,ibuprofen,ibuprofen,,60,mg/kg,24 hr,Single,Gavage,Rat,6,Liver,,,
/mnt/e/spass/open-tggates-pathological-images/LATEST/images/butylated_hydroxyanisole/Liver/64114.svs,64114.svs,0,normal,687,6,3,butylated hydroxyanisole,butylated_hydroxyanisole,,300,mg/kg,6 hr,Single,Gavage,Rat,6,Liver,,,
/mnt/e/spass/open-tggates-pathological-images/LATEST/images/disopyramide/Liver/38431.svs,38431.svs,0,normal,463,6,3,disopyramide,disopyramide,,40,mg/kg,8 day,Repeat,Gavage,Rat,6,Liver,,,
/mnt/e/spass/open-tggates-pathological-images/LATEST/images/chlormezanone/Liver/32661.svs,32661.svs,0,normal,263,8,1,chlormezanone,chlormezanone,,50,mg/kg,24 hr,Single,Gavage,Rat,6,Liver,,,
/mnt/e/spass/open-tggates-pathological-images/LATEST/images/tiopronin/Liver/46262.svs,46262.svs,0,normal,467,4,2,tiopronin,tiopronin,,0,mg/kg,29 day,Repeat,Gavage,Rat,6,Liver,,,
/mnt/e/spass/open-tggates-pathological-images/LATEST/images/isoniazid/Liver/60448.svs,60448.svs,0,normal,629,3,2,isoniazid,isoniazid,,0,mg/kg,9 hr,Single,Gavage,Rat,6,Liver,,,
/mnt/e/spass/open-tggates-pathological-images/LATEST/images/indomethacin/Liver/61765.svs,61765.svs,0,normal,631,9,2,indomethacin,indomethacin,,15,mg/kg,3 hr,Single,Gavage,Rat,6,Liver,,,
/mnt/e/spass/open-tggates-pathological-images/LATEST/images/ibuprofen/Liver/36512.svs,36512.svs,0,normal,345,14,5,ibuprofen,ibuprofen,,400,mg/kg,6 hr,Single,Gavage,Rat,6,Liver,,,
/mnt/e/spass/open-tggates-pathological-images/LATEST/images/labetalol/Liver/10322.svs,10322.svs,0,normal,240,7,4,labetalol,labetalol,,45,mg/kg,15 day,Repeat,Gavage,Rat,6,Liver,,,
/mnt/e/spass/open-tggates-pathological-images/LATEST/images/ketoconazole/Liver/32367.svs,32367.svs,0,normal,230,7,4,ketoconazole,ketoconazole,,10,mg/kg,9 hr,Single,Gavage,Rat,6,Liver,,,
/mnt/e/spass/open-tggates-pathological-images/LATEST/images/clomipramine/Liver/42602.svs,42602.svs,0,normal,526,6,5,clomipramine,clomipramine,,10,mg/kg,6 hr,Single,Gavage,Rat,6,Liver,,,
/mnt/e/spass/open-tggates-pathological-images/LATEST/images/thioacetamide/Liver/46657.svs,46657.svs,0,normal,117,3,3,thioacetamide,thioacetamide,,0,mg/kg,15 day,Repeat,Gavage,Rat,6,Liver,,,
/mnt/e/spass/open-tggates-pathological-images/LATEST/images/phenylbutazone/Liver/26471.svs,26471.svs,0,normal,97,2,5,phenylbutazone,phenylbutazone,,0,mg/kg,8 day,Repeat,Gavage,Rat,6,Liver,,,
/mnt/e/spass/open-tggates-pathological-images/LATEST/images/isoniazid/Liver/60376.svs,60376.svs,0,normal,629,9,4,isoniazid,isoniazid,,600,mg/kg,3 hr,Single,Gavage,Rat,6,Liver,,,
/mnt/e/spass/open-tggates-pathological-images/LATEST/images/naphthyl_isothiocyanate/Liver/61174.svs,61174.svs,0,normal,626,6,2,naphthyl isothiocyanate,naphthyl_isothiocyanate,,15,mg/kg,6 hr,Single,Gavage,Rat,6,Liver,,,
/mnt/e/spass/open-tggates-pathological-images/LATEST/images/ticlopidine/Liver/53370.svs,53370.svs,0,normal,573,5,3,ticlopidine,ticlopidine,,30,mg/kg,4 day,Repeat,Gavage,Rat,6,Liver,,,
/mnt/e/spass/open-tggates-pathological-images/LATEST/images/mexiletine/Liver/53874.svs,53874.svs,0,normal,465,13,5,mexiletine,mexiletine,,400,mg/kg,4 day,Repeat,Gavage,Rat,6,Liver,,,
/mnt/e/spass/open-tggates-pathological-images/LATEST/images/labetalol/Liver/10351.svs,10351.svs,0,normal,240,10,3,labetalol,labetalol,,150,mg/kg,8 day,Repeat,Gavage,Rat,6,Liver,,,
/mnt/e/spass/open-tggates-pathological-images/LATEST/images/rosiglitazone_maleate/Liver/62679.svs,62679.svs,0,normal,665,11,5,rosiglitazone maleate,rosiglitazone_maleate,,100,mg/kg,9 hr,Single,Gavage,Rat,6,Liver,,,
/mnt/e/spass/open-tggates-pathological-images/LATEST/images/ajmaline/Liver/42887.svs,42887.svs,0,normal,517,13,4,ajmaline,ajmaline,,300,mg/kg,3 hr,Single,Gavage,Rat,6,Liver,,,
/mnt/e/spass/open-tggates-pathological-images/LATEST/images/nifedipine/Liver/20897.svs,20897.svs,0,normal,410,1,3,nifedipine,nifedipine,,0,mg/kg,3 hr,Single,Gavage,Rat,6,Liver,,,
/mnt/e/spass/open-tggates-pathological-images/LATEST/images/nitrofurazone/Liver/16190.svs,16190.svs,0,normal,325,14,4,nitrofurazone,nitrofurazone,,300,mg/kg,6 hr,Single,Gavage,Rat,6,Liver,,,
/mnt/e/spass/open-tggates-pathological-images/LATEST/images/methyltestosterone/Liver/31037.svs,31037.svs,0,normal,242,5,3,methyltestosterone,methyltestosterone,,30,mg/kg,4 day,Repeat,Gavage,Rat,6,Liver,,,
/mnt/e/spass/open-tggates-pathological-images/LATEST/images/penicillamine/Liver/37485.svs,37485.svs,0,normal,440,13,5,penicillamine,penicillamine,,1000,mg/kg,3 hr,Single,Gavage,Rat,6,Liver,,,
/mnt/e/spass/open-tggates-pathological-images/LATEST/images/nicotinic_acid/Liver/57949.svs,57949.svs,0,normal,386,12,1,nicotinic acid,nicotinic_acid,,300,mg/kg,24 hr,Single,Gavage,Rat,6,Liver,,,
/mnt/e/spass/open-tggates-pathological-images/LATEST/images/sulfasalazine/Liver/8389.svs,8389.svs,0,normal,210,7,5,sulfasalazine,sulfasalazine,,100,mg/kg,9 hr,Single,Gavage,Rat,6,Liver,,,
/mnt/e/spass/open-tggates-pathological-images/LATEST/images/enalapril/Liver/35596.svs,35596.svs,0,normal,423,9,1,enalapril,enalapril,,200,mg/kg,4 day,Repeat,Gavage,Rat,6,Liver,,,
/mnt/e/spass/open-tggates-pathological-images/LATEST/images/phenytoin/Liver/60903.svs,60903.svs,0,normal,628,10,1,phenytoin,phenytoin,,1200,mg/kg,6 hr,Single,Gavage,Rat,6,Liver,,,
/mnt/e/spass/open-tggates-pathological-images/LATEST/images/nimesulide/Liver/47465.svs,47465.svs,0,normal,587,10,3,nimesulide,nimesulide,,30,mg/kg,8 day,Repeat,Gavage,Rat,6,Liver,,,
/mnt/e/spass/open-tggates-pathological-images/LATEST/images/carboplatin/Liver/51564.svs,51564.svs,0,normal,576,1,1,carboplatin,carboplatin,,0,mg/kg,3 hr,Single,intravenous injection,Rat,6,Liver,,,
/mnt/e/spass/open-tggates-pathological-images/LATEST/images/adapin/Liver/30825.svs,30825.svs,0,normal,238,15,3,adapin,adapin,,100,mg/kg,15 day,Repeat,Gavage,Rat,6,Liver,,,
/mnt/e/spass/open-tggates-pathological-images/LATEST/images/bromobenzene/Liver/30425.svs,30425.svs,0,normal,186,2,4,bromobenzene,bromobenzene,,0,mg/kg,8 day,Repeat,Gavage,Rat,6,Liver,,,
/mnt/e/spass/open-tggates-pathological-images/LATEST/images/ethionine/Liver/27875.svs,27875.svs,0,normal,126,8,5,ethionine,ethionine,,25,mg/kg,29 day,Repeat,Gavage,Rat,6,Liver,,,
/mnt/e/spass/open-tggates-pathological-images/LATEST/images/meloxicam/Liver/44557.svs,44557.svs,0,normal,535,3,2,meloxicam,meloxicam,,0,mg/kg,9 hr,Single,Gavage,Rat,6,Liver,,,
/mnt/e/spass/open-tggates-pathological-images/LATEST/images/cimetidine/Liver/31158.svs,31158.svs,0,normal,214,12,1,cimetidine,cimetidine,,300,mg/kg,29 day,Repeat,Gavage,Rat,6,Liver,,,
/mnt/e/spass/open-tggates-pathological-images/LATEST/images/simvastatin/Liver/42036.svs,42036.svs,0,normal,515,2,1,simvastatin,simvastatin,,0,mg/kg,6 hr,Single,Gavage,Rat,6,Liver,,,
/mnt/e/spass/open-tggates-pathological-images/LATEST/images/triamterene/Liver/39936.svs,39936.svs,0,normal,445,7,3,triamterene,triamterene,,15,mg/kg,15 day,Repeat,Gavage,Rat,6,Liver,,,
/mnt/e/spass/open-tggates-pathological-images/LATEST/images/propranolol/Liver/66009.svs,66009.svs,0,normal,718,13,5,propranolol,propranolol,,150,mg/kg,3 hr,Single,Gavage,Rat,6,Liver,,,
/mnt/e/spass/open-tggates-pathological-images/LATEST/images/bucetin/Liver/49730.svs,49730.svs,0,normal,596,12,4,bucetin,bucetin,,300,mg/kg,29 day,Repeat,Gavage,Rat,6,Liver,,,
/mnt/e/spass/open-tggates-pathological-images/LATEST/images/cyclosporine_A/Liver/54100.svs,54100.svs,0,normal,604,7,1,cyclosporine A,cyclosporine_A,,30,mg/kg,9 hr,Single,Gavage,Rat,6,Liver,,,
/mnt/e/spass/open-tggates-pathological-images/LATEST/images/allopurinol/Liver/7583.svs,7583.svs,0,normal,198,14,1,allopurinol,allopurinol,,150,mg/kg,6 hr,Single,Gavage,Rat,6,Liver,,,
/mnt/e/spass/open-tggates-pathological-images/LATEST/images/tolbutamide/Liver/40482.svs,40482.svs,0,normal,507,2,2,tolbutamide,tolbutamide,,0,mg/kg,8 day,Repeat,Gavage,Rat,6,Liver,,,
/mnt/e/spass/open-tggates-pathological-images/LATEST/images/mefenamic_acid/Liver/20464.svs,20464.svs,0,normal,378,12,3,mefenamic acid,mefenamic_acid,,100,mg/kg,29 day,Repeat,Gavage,Rat,6,Liver,,,
/mnt/e/spass/open-tggates-pathological-images/LATEST/images/nimesulide/Liver/47389.svs,47389.svs,0,normal,587,4,2,nimesulide,nimesulide,,0,mg/kg,29 day,Repeat,Gavage,Rat,6,Liver,,,
/mnt/e/spass/open-tggates-pathological-images/LATEST/images/nifedipine/Liver/20967.svs,20967.svs,0,normal,410,9,2,nifedipine,nifedipine,,300,mg/kg,3 hr,Single,Gavage,Rat,6,Liver,,,
/mnt/e/spass/open-tggates-pathological-images/LATEST/images/carboplatin/Liver/51919.svs,51919.svs,0,normal,576,14,4,carboplatin,carboplatin,,100,mg/kg,6 hr,Single,intravenous injection,Rat,6,Liver,,,
/mnt/e/spass/open-tggates-pathological-images/LATEST/images/tolbutamide/Liver/40488.svs,40488.svs,0,normal,507,2,5,tolbutamide,tolbutamide,,0,mg/kg,8 day,Repeat,Gavage,Rat,6,Liver,,,
/mnt/e/spass/open-tggates-pathological-images/LATEST/images/captopril/Liver/24627.svs,24627.svs,0,normal,420,6,3,captopril,captopril,,100,mg/kg,6 hr,Single,Gavage,Rat,6,Liver,,,
/mnt/e/spass/open-tggates-pathological-images/LATEST/images/amitriptyline/Liver/19092.svs,19092.svs,0,normal,367,14,1,amitriptyline,amitriptyline,,150,mg/kg,6 hr,Single,Gavage,Rat,6,Liver,,,
/mnt/e/spass/open-tggates-pathological-images/LATEST/images/chlorpromazine/Liver/61540.svs,61540.svs,0,normal,635,4,1,chlorpromazine,chlorpromazine,,0,mg/kg,24 hr,Single,Gavage,Rat,6,Liver,,,
/mnt/e/spass/open-tggates-pathological-images/LATEST/images/fluoxetine_hydrochloride/Liver/63142.svs,63142.svs,0,normal,683,10,4,fluoxetine hydrochloride,fluoxetine_hydrochloride,,10,mg/kg,6 hr,Single,Gavage,Rat,6,Liver,,,
/mnt/e/spass/open-tggates-pathological-images/LATEST/images/sulfasalazine/Liver/30712.svs,30712.svs,0,normal,211,9,5,sulfasalazine,sulfasalazine,,300,mg/kg,4 day,Repeat,Gavage,Rat,6,Liver,,,
/mnt/e/spass/open-tggates-pathological-images/LATEST/images/meloxicam/Liver/44732.svs,44732.svs,0,normal,536,5,1,meloxicam,meloxicam,,3,mg/kg,4 day,Repeat,Gavage,Rat,6,Liver,,,
/mnt/e/spass/open-tggates-pathological-images/LATEST/images/gentamicin/Liver/54900.svs,54900.svs,0,normal,612,1,3,gentamicin,gentamicin,,0,mg/kg,3 hr,Single,intravenous injection,Rat,6,Liver,,,
/mnt/e/spass/open-tggates-pathological-images/LATEST/images/naphthyl_isothiocyanate/Liver/61222.svs,61222.svs,0,normal,626,7,5,naphthyl isothiocyanate,naphthyl_isothiocyanate,,15,mg/kg,9 hr,Single,Gavage,Rat,6,Liver,,,
/mnt/e/spass/open-tggates-pathological-images/LATEST/images/tamoxifen/Liver/33369.svs,33369.svs,0,normal,297,14,1,tamoxifen,tamoxifen,,60,mg/kg,8 day,Repeat,Gavage,Rat,6,Liver,,,
/mnt/e/spass/open-tggates-pathological-images/LATEST/images/tacrine/Liver/14764.svs,14764.svs,0,normal,314,12,4,tacrine,tacrine,,10,mg/kg,24 hr,Single,Gavage,Rat,6,Liver,,,
/mnt/e/spass/open-tggates-pathological-images/LATEST/images/chlorpheniramine/Liver/21304.svs,21304.svs,0,normal,408,13,3,chlorpheniramine,chlorpheniramine,,30,mg/kg,3 hr,Single,Gavage,Rat,6,Liver,,,
/mnt/e/spass/open-tggates-pathological-images/LATEST/images/amphotericin_B/Liver/64902.svs,64902.svs,0,normal,691,2,1,amphotericin B,amphotericin_B,,0,mg/kg,8 day,Repeat,intravenous injection,Rat,6,Liver,,,
/mnt/e/spass/open-tggates-pathological-images/LATEST/images/hydroxyzine/Liver/19641.svs,19641.svs,0,normal,370,6,1,hydroxyzine,hydroxyzine,,10,mg/kg,8 day,Repeat,Gavage,Rat,6,Liver,,,
/mnt/e/spass/open-tggates-pathological-images/LATEST/images/buthionine_sulfoximine/Liver/61046.svs,61046.svs,0,normal,457,14,2,buthionine sulfoximine,buthionine_sulfoximine,,1500,mg/kg,6 hr,Single,intraperitoneal injection,Rat,6,Liver,,,
/mnt/e/spass/open-tggates-pathological-images/LATEST/images/bromoethylamine/Liver/52525.svs,52525.svs,0,normal,578,2,4,bromoethylamine,bromoethylamine,,0,mg/kg,6 hr,Single,intravenous injection,Rat,6,Liver,,,
/mnt/e/spass/open-tggates-pathological-images/LATEST/images/quinidine/Liver/22533.svs,22533.svs,0,normal,349,14,2,quinidine,quinidine,,200,mg/kg,6 hr,Single,Gavage,Rat,6,Liver,,,
/mnt/e/spass/open-tggates-pathological-images/LATEST/images/acarbose/Liver/41499.svs,41499.svs,0,normal,510,14,1,acarbose,acarbose,,1000,mg/kg,6 hr,Single,Gavage,Rat,6,Liver,,,
/mnt/e/spass/open-tggates-pathological-images/LATEST/images/carbamazepine/Liver/5394.svs,5394.svs,0,normal,146,10,3,carbamazepine,carbamazepine,,100,mg/kg,6 hr,Single,Gavage,Rat,6,Liver,,,
/mnt/e/spass/open-tggates-pathological-images/LATEST/images/sulpiride/Liver/40825.svs,40825.svs,0,normal,508,2,1,sulpiride,sulpiride,,0,mg/kg,6 hr,Single,Gavage,Rat,6,Liver,,,
/mnt/e/spass/open-tggates-pathological-images/LATEST/images/captopril/Liver/25027.svs,25027.svs,0,normal,421,11,4,captopril,captopril,,300,mg/kg,15 day,Repeat,Gavage,Rat,6,Liver,,,
/mnt/e/spass/open-tggates-pathological-images/LATEST/images/terbinafine/Liver/44225.svs,44225.svs,0,normal,534,7,5,terbinafine,terbinafine,,75,mg/kg,15 day,Repeat,Gavage,Rat,6,Liver,,,
/mnt/e/spass/open-tggates-pathological-images/LATEST/images/gentamicin/Liver/55788.svs,55788.svs,0,normal,613,14,2,gentamicin,gentamicin,,100,mg/kg,8 day,Repeat,intravenous injection,Rat,6,Liver,,,
/mnt/e/spass/open-tggates-pathological-images/LATEST/images/triamterene/Liver/38802.svs,38802.svs,0,normal,444,10,2,triamterene,triamterene,,50,mg/kg,6 hr,Single,Gavage,Rat,6,Liver,,,
/mnt/e/spass/open-tggates-pathological-images/LATEST/images/allyl_alcohol/Liver/25590.svs,25590.svs,0,normal,103,1,5,allyl alcohol,allyl_alcohol,,0,mg/kg,4 day,Repeat,Gavage,Rat,6,Liver,,,
/mnt/e/spass/open-tggates-pathological-images/LATEST/images/perhexiline/Liver/12345.svs,12345.svs,0,normal,227,11,3,perhexiline,perhexiline,,50,mg/kg,15 day,Repeat,Gavage,Rat,6,Liver,,,
/mnt/e/spass/open-tggates-pathological-images/LATEST/images/bendazac/Liver/44059.svs,44059.svs,0,normal,550,1,1,bendazac,bendazac,,0,mg/kg,3 hr,Single,Gavage,Rat,6,Liver,,,
/mnt/e/spass/open-tggates-pathological-images/LATEST/images/phenytoin/Liver/70986.svs,70986.svs,0,normal,176,1,1,phenytoin,phenytoin,,0,mg/kg,4 day,Repeat,Gavage,Rat,6,Liver,,,
/mnt/e/spass/open-tggates-pathological-images/LATEST/images/tetracycline/Liver/11284.svs,11284.svs,0,normal,309,3,2,tetracycline,tetracycline,,0,mg/kg,15 day,Repeat,Gavage,Rat,6,Liver,,,
/mnt/e/spass/open-tggates-pathological-images/LATEST/images/ajmaline/Liver/43193.svs,43193.svs,0,normal,518,11,3,ajmaline,ajmaline,,100,mg/kg,15 day,Repeat,Gavage,Rat,6,Liver,,,
/mnt/e/spass/open-tggates-pathological-images/LATEST/images/caffeine/Liver/36705.svs,36705.svs,0,normal,430,7,1,caffeine,caffeine,,10,mg/kg,15 day,Repeat,Gavage,Rat,6,Liver,,,
/mnt/e/spass/open-tggates-pathological-images/LATEST/images/caffeine/Liver/36816.svs,36816.svs,0,normal,430,11,2,caffeine,caffeine,,30,mg/kg,15 day,Repeat,Gavage,Rat,6,Liver,,,
/mnt/e/spass/open-tggates-pathological-images/LATEST/images/fluphenazine/Liver/9041.svs,9041.svs,0,normal,273,3,4,fluphenazine,fluphenazine,,0,mg/kg,9 hr,Single,Gavage,Rat,6,Liver,,,
/mnt/e/spass/open-tggates-pathological-images/LATEST/images/cimetidine/Liver/8626.svs,8626.svs,0,normal,213,1,1,cimetidine,cimetidine,,0,mg/kg,3 hr,Single,Gavage,Rat,6,Liver,,,
/mnt/e/spass/open-tggates-pathological-images/LATEST/images/iproniazid/Liver/18795.svs,18795.svs,0,normal,318,15,3,iproniazid,iproniazid,,60,mg/kg,9 hr,Single,Gavage,Rat,6,Liver,,,
/mnt/e/spass/open-tggates-pathological-images/LATEST/images/gentamicin/Liver/55301.svs,55301.svs,0,normal,612,15,3,gentamicin,gentamicin,,100,mg/kg,9 hr,Single,intravenous injection,Rat,6,Liver,,,
/mnt/e/spass/open-tggates-pathological-images/LATEST/images/thioridazine/Liver/9652.svs,9652.svs,0,normal,251,6,5,thioridazine,thioridazine,,10,mg/kg,6 hr,Single,Gavage,Rat,6,Liver,,,
/mnt/e/spass/open-tggates-pathological-images/LATEST/images/cyclophosphamide/Liver/31477.svs,31477.svs,0,normal,172,7,1,cyclophosphamide,cyclophosphamide,,2,mg/kg,15 day,Repeat,Gavage,Rat,6,Liver,,,
/mnt/e/spass/open-tggates-pathological-images/LATEST/images/chloramphenicol/Liver/15472.svs,15472.svs,0,normal,323,6,5,chloramphenicol,chloramphenicol,,100,mg/kg,6 hr,Single,Gavage,Rat,6,Liver,,,
/mnt/e/spass/open-tggates-pathological-images/LATEST/images/erythromycin_ethylsuccinate/Liver/23593.svs,23593.svs,0,normal,388,5,5,erythromycin ethylsuccinate,erythromycin_ethylsuccinate,,100,mg/kg,3 hr,Single,Gavage,Rat,6,Liver,,,
/mnt/e/spass/open-tggates-pathological-images/LATEST/images/ethambutol/Liver/36018.svs,36018.svs,0,normal,390,13,3,ethambutol,ethambutol,,1000,mg/kg,3 hr,Single,Gavage,Rat,6,Liver,,,
/mnt/e/spass/open-tggates-pathological-images/LATEST/images/methyldopa/Liver/13994.svs,13994.svs,0,normal,306,8,1,methyldopa,methyldopa,,60,mg/kg,24 hr,Single,Gavage,Rat,6,Liver,,,
/mnt/e/spass/open-tggates-pathological-images/LATEST/images/acetazolamide/Liver/58517.svs,58517.svs,0,normal,490,8,3,acetazolamide,acetazolamide,,60,mg/kg,29 day,Repeat,Gavage,Rat,6,Liver,,,
/mnt/e/spass/open-tggates-pathological-images/LATEST/images/nifedipine/Liver/37047.svs,37047.svs,0,normal,411,11,4,nifedipine,nifedipine,,300,mg/kg,15 day,Repeat,Gavage,Rat,6,Liver,,,
/mnt/e/spass/open-tggates-pathological-images/LATEST/images/erythromycin_ethylsuccinate/Liver/35649.svs,35649.svs,0,normal,389,12,1,erythromycin ethylsuccinate,erythromycin_ethylsuccinate,,300,mg/kg,29 day,Repeat,Gavage,Rat,6,Liver,,,
/mnt/e/spass/open-tggates-pathological-images/LATEST/images/bucetin/Liver/49763.svs,49763.svs,0,normal,596,14,4,bucetin,bucetin,,1000,mg/kg,8 day,Repeat,Gavage,Rat,6,Liver,,,
/mnt/e/spass/open-tggates-pathological-images/LATEST/images/penicillamine/Liver/37697.svs,37697.svs,0,normal,441,6,3,penicillamine,penicillamine,,100,mg/kg,8 day,Repeat,Gavage,Rat,6,Liver,,,
/mnt/e/spass/open-tggates-pathological-images/LATEST/images/famotidine/Liver/22915.svs,22915.svs,0,normal,380,4,1,famotidine,famotidine,,0,mg/kg,29 day,Repeat,Gavage,Rat,6,Liver,,,
/mnt/e/spass/open-tggates-pathological-images/LATEST/images/phenacetin/Liver/48552.svs,48552.svs,0,normal,593,7,1,phenacetin,phenacetin,,300,mg/kg,9 hr,Single,Gavage,Rat,6,Liver,,,
/mnt/e/spass/open-tggates-pathological-images/LATEST/images/monocrotaline/Liver/12815.svs,12815.svs,0,normal,279,7,3,monocrotaline,monocrotaline,,3,mg/kg,9 hr,Single,Gavage,Rat,6,Liver,,,
/mnt/e/spass/open-tggates-pathological-images/LATEST/images/gemfibrozil/Liver/29872.svs,29872.svs,0,normal,184,6,2,gemfibrozil,gemfibrozil,,30,mg/kg,8 day,Repeat,Gavage,Rat,6,Liver,,,
/mnt/e/spass/open-tggates-pathological-images/LATEST/images/propranolol/Liver/66881.svs,66881.svs,0,normal,719,7,3,propranolol,propranolol,,15,mg/kg,15 day,Repeat,Gavage,Rat,6,Liver,,,
/mnt/e/spass/open-tggates-pathological-images/LATEST/images/theophylline/Liver/57415.svs,57415.svs,0,normal,427,5,3,theophylline,theophylline,,20,mg/kg,3 hr,Single,Gavage,Rat,6,Liver,,,
/mnt/e/spass/open-tggates-pathological-images/LATEST/images/iproniazid/Liver/34204.svs,34204.svs,0,normal,319,5,2,iproniazid,iproniazid,,6,mg/kg,4 day,Repeat,Gavage,Rat,6,Liver,,,
/mnt/e/spass/open-tggates-pathological-images/LATEST/images/ibuprofen/Liver/19737.svs,19737.svs,0,normal,346,10,2,ibuprofen,ibuprofen,,60,mg/kg,8 day,Repeat,Gavage,Rat,6,Liver,,,
/mnt/e/spass/open-tggates-pathological-images/LATEST/images/metformin/Liver/13377.svs,13377.svs,0,normal,265,8,5,metformin,metformin,,100,mg/kg,24 hr,Single,Gavage,Rat,6,Liver,,,
/mnt/e/spass/open-tggates-pathological-images/LATEST/images/pemoline/Liver/13056.svs,13056.svs,0,normal,261,9,1,pemoline,pemoline,,25,mg/kg,3 hr,Single,Gavage,Rat,6,Liver,,,
/mnt/e/spass/open-tggates-pathological-images/LATEST/images/methimazole/Liver/33146.svs,33146.svs,0,normal,278,3,2,methimazole,methimazole,,0,mg/kg,15 day,Repeat,Gavage,Rat,6,Liver,,,
/mnt/e/spass/open-tggates-pathological-images/LATEST/images/pemoline/Liver/13456.svs,13456.svs,0,normal,262,16,3,pemoline,pemoline,,75,mg/kg,29 day,Repeat,Gavage,Rat,6,Liver,,,
/mnt/e/spass/open-tggates-pathological-images/LATEST/images/azathioprine/Liver/31873.svs,31873.svs,0,normal,229,3,2,azathioprine,azathioprine,,0,mg/kg,15 day,Repeat,Gavage,Rat,6,Liver,,,
/mnt/e/spass/open-tggates-pathological-images/LATEST/images/lomustine/Liver/11730.svs,11730.svs,0,normal,310,11,1,lomustine,lomustine,,2,mg/kg,9 hr,Single,Gavage,Rat,6,Liver,,,
/mnt/e/spass/open-tggates-pathological-images/LATEST/images/indomethacin/Liver/61746.svs,61746.svs,0,normal,631,1,2,indomethacin,indomethacin,,0,mg/kg,3 hr,Single,Gavage,Rat,6,Liver,,,
/mnt/e/spass/open-tggates-pathological-images/LATEST/images/perhexiline/Liver/11931.svs,11931.svs,0,normal,226,13,2,perhexiline,perhexiline,,150,mg/kg,3 hr,Single,Gavage,Rat,6,Liver,,,
/mnt/e/spass/open-tggates-pathological-images/LATEST/images/indomethacin/Liver/27298.svs,27298.svs,0,normal,113,2,3,indomethacin,indomethacin,,0,mg/kg,8 day,Repeat,Gavage,Rat,6,Liver,,,
/mnt/e/spass/open-tggates-pathological-images/LATEST/images/theophylline/Liver/57851.svs,57851.svs,0,normal,428,4,3,theophylline,theophylline,,0,mg/kg,29 day,Repeat,Gavage,Rat,6,Liver,,,
/mnt/e/spass/open-tggates-pathological-images/LATEST/images/etoposide/Liver/45648.svs,45648.svs,0,normal,555,14,3,etoposide,etoposide,,30,mg/kg,8 day,Repeat,Gavage,Rat,6,Liver,,,
/mnt/e/spass/open-tggates-pathological-images/LATEST/images/ibuprofen/Liver/36119.svs,36119.svs,0,normal,345,1,1,ibuprofen,ibuprofen,,0,mg/kg,3 hr,Single,Gavage,Rat,6,Liver,,,
/mnt/e/spass/open-tggates-pathological-images/LATEST/images/chlormadinone/Liver/49278.svs,49278.svs,0,normal,542,7,5,chlormadinone,chlormadinone,,300,mg/kg,9 hr,Single,Gavage,Rat,6,Liver,,,
/mnt/e/spass/open-tggates-pathological-images/LATEST/images/sulfasalazine/Liver/30750.svs,30750.svs,0,normal,211,10,2,sulfasalazine,sulfasalazine,,300,mg/kg,8 day,Repeat,Gavage,Rat,6,Liver,,,
/mnt/e/spass/open-tggates-pathological-images/LATEST/images/carboplatin/Liver/51776.svs,51776.svs,0,normal,576,8,5,carboplatin,carboplatin,,10,mg/kg,24 hr,Single,intravenous injection,Rat,6,Liver,,,
/mnt/e/spass/open-tggates-pathological-images/LATEST/images/carbon_tetrachloride/Liver/26153.svs,26153.svs,0,normal,66,5,4,carbon tetrachloride,carbon_tetrachloride,,0,mg/kg,72 hr,Single,Gavage,Rat,6,Liver,,,
/mnt/e/spass/open-tggates-pathological-images/LATEST/images/allopurinol/Liver/7501.svs,7501.svs,0,normal,198,8,3,allopurinol,allopurinol,,15,mg/kg,24 hr,Single,Gavage,Rat,6,Liver,,,
/mnt/e/spass/open-tggates-pathological-images/LATEST/images/penicillamine/Liver/37642.svs,37642.svs,0,normal,441,2,4,penicillamine,penicillamine,,0,mg/kg,8 day,Repeat,Gavage,Rat,6,Liver,,,
/mnt/e/spass/open-tggates-pathological-images/LATEST/images/haloperidol/Liver/9094.svs,9094.svs,0,normal,247,16,4,haloperidol,haloperidol,,30,mg/kg,24 hr,Single,Gavage,Rat,6,Liver,,,
/mnt/e/spass/open-tggates-pathological-images/LATEST/images/phenylanthranilic_acid/Liver/50045.svs,50045.svs,0,normal,597,1,1,phenylanthranilic acid,phenylanthranilic_acid,,0,mg/kg,3 hr,Single,Gavage,Rat,6,Liver,,,
/mnt/e/spass/open-tggates-pathological-images/LATEST/images/acetamidofluorene/Liver/50989.svs,50989.svs,0,normal,568,9,1,acetamidofluorene,acetamidofluorene,,300,mg/kg,3 hr,Single,Gavage,Rat,6,Liver,,,
/mnt/e/spass/open-tggates-pathological-images/LATEST/images/caffeine/Liver/36736.svs,36736.svs,0,normal,430,8,2,caffeine,caffeine,,10,mg/kg,29 day,Repeat,Gavage,Rat,6,Liver,,,
/mnt/e/spass/open-tggates-pathological-images/LATEST/images/pemoline/Liver/13016.svs,13016.svs,0,normal,261,4,5,pemoline,pemoline,,0,mg/kg,24 hr,Single,Gavage,Rat,6,Liver,,,
/mnt/e/spass/open-tggates-pathological-images/LATEST/images/gentamicin/Liver/54978.svs,54978.svs,0,normal,612,4,1,gentamicin,gentamicin,,0,mg/kg,24 hr,Single,intravenous injection,Rat,6,Liver,,,
/mnt/e/spass/open-tggates-pathological-images/LATEST/images/lomustine/Liver/11771.svs,11771.svs,0,normal,310,14,2,lomustine,lomustine,,6,mg/kg,6 hr,Single,Gavage,Rat,6,Liver,,,
/mnt/e/spass/open-tggates-pathological-images/LATEST/images/chlorpheniramine/Liver/21280.svs,21280.svs,0,normal,408,10,4,chlorpheniramine,chlorpheniramine,,10,mg/kg,6 hr,Single,Gavage,Rat,6,Liver,,,
/mnt/e/spass/open-tggates-pathological-images/LATEST/images/amphotericin_B/Liver/64618.svs,64618.svs,0,normal,690,1,5,amphotericin B,amphotericin_B,,0,mg/kg,3 hr,Single,intravenous injection,Rat,6,Liver,,,
/mnt/e/spass/open-tggates-pathological-images/LATEST/images/theophylline/Liver/57589.svs,57589.svs,0,normal,427,11,4,theophylline,theophylline,,60,mg/kg,9 hr,Single,Gavage,Rat,6,Liver,,,
/mnt/e/spass/open-tggates-pathological-images/LATEST/images/phorone/Liver/59377.svs,59377.svs,0,normal,456,7,5,phorone,phorone,,40,mg/kg,9 hr,Single,intraperitoneal injection,Rat,6,Liver,,,
/mnt/e/spass/open-tggates-pathological-images/LATEST/images/penicillamine/Liver/37374.svs,37374.svs,0,normal,440,5,2,penicillamine,penicillamine,,100,mg/kg,3 hr,Single,Gavage,Rat,6,Liver,,,
/mnt/e/spass/open-tggates-pathological-images/LATEST/images/vitamin_A/Liver/14132.svs,14132.svs,0,normal,281,2,3,vitamin A,vitamin_A,,0,mg/kg,6 hr,Single,Gavage,Rat,6,Liver,,,
/mnt/e/spass/open-tggates-pathological-images/LATEST/images/fluoxetine_hydrochloride/Liver/63168.svs,63168.svs,0,normal,683,13,3,fluoxetine hydrochloride,fluoxetine_hydrochloride,,30,mg/kg,3 hr,Single,Gavage,Rat,6,Liver,,,
/mnt/e/spass/open-tggates-pathological-images/LATEST/images/acarbose/Liver/70694.svs,70694.svs,0,normal,511,8,3,acarbose,acarbose,,100,mg/kg,29 day,Repeat,Gavage,Rat,6,Liver,,,
/mnt/e/spass/open-tggates-pathological-images/LATEST/images/diltiazem/Liver/21941.svs,21941.svs,0,normal,413,8,2,diltiazem,diltiazem,,80,mg/kg,29 day,Repeat,Gavage,Rat,6,Liver,,,
/mnt/e/spass/open-tggates-pathological-images/LATEST/images/methylene_dianiline/Liver/63930.svs,63930.svs,0,normal,686,12,3,methylene dianiline,methylene_dianiline,,30,mg/kg,29 day,Repeat,Gavage,Rat,6,Liver,,,
/mnt/e/spass/open-tggates-pathological-images/LATEST/images/iproniazid/Liver/34179.svs,34179.svs,0,normal,319,4,2,iproniazid,iproniazid,,0,mg/kg,29 day,Repeat,Gavage,Rat,6,Liver,,,
/mnt/e/spass/open-tggates-pathological-images/LATEST/images/methyldopa/Liver/14473.svs,14473.svs,0,normal,307,6,5,methyldopa,methyldopa,,60,mg/kg,8 day,Repeat,Gavage,Rat,6,Liver,,,
/mnt/e/spass/open-tggates-pathological-images/LATEST/images/desmopressin_acetate/Liver/63668.svs,63668.svs,0,normal,692,8,1,desmopressin acetate,desmopressin_acetate,,20,꺤g/kg,24 hr,Single,subcutaneous injection,Rat,6,Liver,,,
/mnt/e/spass/open-tggates-pathological-images/LATEST/images/glibenclamide/Liver/10313.svs,10313.svs,0,normal,234,8,4,glibenclamide,glibenclamide,,100,mg/kg,24 hr,Single,Gavage,Rat,6,Liver,,,
/mnt/e/spass/open-tggates-pathological-images/LATEST/images/methyltestosterone/Liver/10585.svs,10585.svs,0,normal,241,4,4,methyltestosterone,methyltestosterone,,0,mg/kg,24 hr,Single,Gavage,Rat,6,Liver,,,
/mnt/e/spass/open-tggates-pathological-images/LATEST/images/thioridazine/Liver/9817.svs,9817.svs,0,normal,252,12,1,thioridazine,thioridazine,,30,mg/kg,29 day,Repeat,Gavage,Rat,6,Liver,,,
/mnt/e/spass/open-tggates-pathological-images/LATEST/images/thioridazine/Liver/9669.svs,9669.svs,0,normal,252,1,4,thioridazine,thioridazine,,0,mg/kg,4 day,Repeat,Gavage,Rat,6,Liver,,,
/mnt/e/spass/open-tggates-pathological-images/LATEST/images/desmopressin_acetate/Liver/63745.svs,63745.svs,0,normal,692,15,2,desmopressin acetate,desmopressin_acetate,,2000,꺤g/kg,9 hr,Single,subcutaneous injection,Rat,6,Liver,,,
/mnt/e/spass/open-tggates-pathological-images/LATEST/images/cimetidine/Liver/8709.svs,8709.svs,0,normal,213,14,2,cimetidine,cimetidine,,1000,mg/kg,6 hr,Single,Gavage,Rat,6,Liver,,,
/mnt/e/spass/open-tggates-pathological-images/LATEST/images/bucetin/Liver/49135.svs,49135.svs,0,normal,595,3,1,bucetin,bucetin,,0,mg/kg,9 hr,Single,Gavage,Rat,6,Liver,,,
/mnt/e/spass/open-tggates-pathological-images/LATEST/images/penicillamine/Liver/37435.svs,37435.svs,0,normal,440,10,1,penicillamine,penicillamine,,300,mg/kg,6 hr,Single,Gavage,Rat,6,Liver,,,
/mnt/e/spass/open-tggates-pathological-images/LATEST/images/chlorpheniramine/Liver/21317.svs,21317.svs,0,normal,408,15,1,chlorpheniramine,chlorpheniramine,,30,mg/kg,9 hr,Single,Gavage,Rat,6,Liver,,,
/mnt/e/spass/open-tggates-pathological-images/LATEST/images/3-methylcholanthrene/Liver/66535.svs,66535.svs,0,normal,708,5,5,3-methylcholanthrene,3-methylcholanthrene,,10,mg/kg,3 hr,Single,Gavage,Rat,6,Liver,,,
/mnt/e/spass/open-tggates-pathological-images/LATEST/images/amitriptyline/Liver/18983.svs,18983.svs,0,normal,367,3,4,amitriptyline,amitriptyline,,0,mg/kg,9 hr,Single,Gavage,Rat,6,Liver,,,
/mnt/e/spass/open-tggates-pathological-images/LATEST/images/cisplatin/Liver/51286.svs,51286.svs,0,normal,575,4,3,cisplatin,cisplatin,,0,mg/kg,29 day,Repeat,intravenous injection,Rat,6,Liver,,,
/mnt/e/spass/open-tggates-pathological-images/LATEST/images/danazol/Liver/57208.svs,57208.svs,0,normal,544,13,5,danazol,danazol,,2000,mg/kg,3 hr,Single,Gavage,Rat,6,Liver,,,
/mnt/e/spass/open-tggates-pathological-images/LATEST/images/lomustine/Liver/11651.svs,11651.svs,0,normal,310,2,4,lomustine,lomustine,,0,mg/kg,6 hr,Single,Gavage,Rat,6,Liver,,,
/mnt/e/spass/open-tggates-pathological-images/LATEST/images/gentamicin/Liver/55216.svs,55216.svs,0,normal,612,12,2,gentamicin,gentamicin,,30,mg/kg,24 hr,Single,intravenous injection,Rat,6,Liver,,,
/mnt/e/spass/open-tggates-pathological-images/LATEST/images/nitrofurantoin/Liver/29964.svs,29964.svs,0,normal,151,13,3,nitrofurantoin,nitrofurantoin,,100,mg/kg,4 day,Repeat,Gavage,Rat,6,Liver,,,
/mnt/e/spass/open-tggates-pathological-images/LATEST/images/triamterene/Liver/38762.svs,38762.svs,0,normal,444,6,3,triamterene,triamterene,,15,mg/kg,6 hr,Single,Gavage,Rat,6,Liver,,,
/mnt/e/spass/open-tggates-pathological-images/LATEST/images/amphotericin_B/Liver/64755.svs,64755.svs,0,normal,690,8,1,amphotericin B,amphotericin_B,,1,mg/kg,24 hr,Single,intravenous injection,Rat,6,Liver,,,
/mnt/e/spass/open-tggates-pathological-images/LATEST/images/hydroxyzine/Liver/19669.svs,19669.svs,0,normal,370,8,1,hydroxyzine,hydroxyzine,,10,mg/kg,29 day,Repeat,Gavage,Rat,6,Liver,,,
/mnt/e/spass/open-tggates-pathological-images/LATEST/images/colchicine/Liver/41405.svs,41405.svs,0,normal,501,6,5,colchicine,colchicine,,2,mg/kg,6 hr,Single,Gavage,Rat,6,Liver,,,
/mnt/e/spass/open-tggates-pathological-images/LATEST/images/labetalol/Liver/10297.svs,10297.svs,0,normal,240,5,1,labetalol,labetalol,,45,mg/kg,4 day,Repeat,Gavage,Rat,6,Liver,,,
/mnt/e/spass/open-tggates-pathological-images/LATEST/images/tamoxifen/Liver/33282.svs,33282.svs,0,normal,297,5,2,tamoxifen,tamoxifen,,6,mg/kg,4 day,Repeat,Gavage,Rat,6,Liver,,,
/mnt/e/spass/open-tggates-pathological-images/LATEST/images/butylated_hydroxyanisole/Liver/64210.svs,64210.svs,0,normal,687,11,2,butylated hydroxyanisole,butylated_hydroxyanisole,,1000,mg/kg,9 hr,Single,Gavage,Rat,6,Liver,,,
/mnt/e/spass/open-tggates-pathological-images/LATEST/images/desmopressin_acetate/Liver/63900.svs,63900.svs,0,normal,693,1,1,desmopressin acetate,desmopressin_acetate,,0,꺤g/kg,4 day,Repeat,subcutaneous injection,Rat,6,Liver,,,
/mnt/e/spass/open-tggates-pathological-images/LATEST/images/amiodarone/Liver/62430.svs,62430.svs,0,normal,634,15,3,amiodarone,amiodarone,,2000,mg/kg,9 hr,Single,Gavage,Rat,6,Liver,,,
/mnt/e/spass/open-tggates-pathological-images/LATEST/images/sulpiride/Liver/40965.svs,40965.svs,0,normal,508,9,2,sulpiride,sulpiride,,1000,mg/kg,3 hr,Single,Gavage,Rat,6,Liver,,,
/mnt/e/spass/open-tggates-pathological-images/LATEST/images/clomipramine/Liver/42636.svs,42636.svs,0,normal,526,10,4,clomipramine,clomipramine,,30,mg/kg,6 hr,Single,Gavage,Rat,6,Liver,,,
/mnt/e/spass/open-tggates-pathological-images/LATEST/images/butylated_hydroxyanisole/Liver/64455.svs,64455.svs,0,normal,688,14,5,butylated hydroxyanisole,butylated_hydroxyanisole,,2000,mg/kg,8 day,Repeat,Gavage,Rat,6,Liver,,,
/mnt/e/spass/open-tggates-pathological-images/LATEST/images/mefenamic_acid/Liver/20053.svs,20053.svs,0,normal,377,4,1,mefenamic acid,mefenamic_acid,,0,mg/kg,24 hr,Single,Gavage,Rat,6,Liver,,,
/mnt/e/spass/open-tggates-pathological-images/LATEST/images/meloxicam/Liver/44772.svs,44772.svs,0,normal,536,13,5,meloxicam,meloxicam,,30,mg/kg,4 day,Repeat,Gavage,Rat,6,Liver,,,
/mnt/e/spass/open-tggates-pathological-images/LATEST/images/carbon_tetrachloride/Liver/25939.svs,25939.svs,0,normal,66,11,1,carbon tetrachloride,carbon_tetrachloride,,30,mg/kg,3 hr,Single,Gavage,Rat,6,Liver,,,
/mnt/e/spass/open-tggates-pathological-images/LATEST/images/propranolol/Liver/66815.svs,66815.svs,0,normal,719,5,5,propranolol,propranolol,,15,mg/kg,4 day,Repeat,Gavage,Rat,6,Liver,,,
/mnt/e/spass/open-tggates-pathological-images/LATEST/images/lomustine/Liver/11719.svs,11719.svs,0,normal,310,9,5,lomustine,lomustine,,2,mg/kg,3 hr,Single,Gavage,Rat,6,Liver,,,
/mnt/e/spass/open-tggates-pathological-images/LATEST/images/tetracycline/Liver/11412.svs,11412.svs,0,normal,309,11,2,tetracycline,tetracycline,,300,mg/kg,15 day,Repeat,Gavage,Rat,6,Liver,,,
/mnt/e/spass/open-tggates-pathological-images/LATEST/images/monocrotaline/Liver/70551.svs,70551.svs,0,normal,280,11,3,monocrotaline,monocrotaline,,10,mg/kg,15 day,Repeat,Gavage,Rat,6,Liver,,,
/mnt/e/spass/open-tggates-pathological-images/LATEST/images/mexiletine/Liver/53757.svs,53757.svs,0,normal,465,6,1,mexiletine,mexiletine,,40,mg/kg,8 day,Repeat,Gavage,Rat,6,Liver,,,
/mnt/e/spass/open-tggates-pathological-images/LATEST/images/clofibrate/Liver/24871.svs,24871.svs,0,normal,99,1,4,clofibrate,clofibrate,,0,mg/kg,4 day,Repeat,Gavage,Rat,6,Liver,,,
/mnt/e/spass/open-tggates-pathological-images/LATEST/images/labetalol/Liver/10281.svs,10281.svs,0,normal,240,3,4,labetalol,labetalol,,0,mg/kg,15 day,Repeat,Gavage,Rat,6,Liver,,,
/mnt/e/spass/open-tggates-pathological-images/LATEST/images/amiodarone/Liver/30317.svs,30317.svs,0,normal,209,5,2,amiodarone,amiodarone,,20,mg/kg,4 day,Repeat,Gavage,Rat,6,Liver,,,
/mnt/e/spass/open-tggates-pathological-images/LATEST/images/nitrofurantoin/Liver/29983.svs,29983.svs,0,normal,151,6,2,nitrofurantoin,nitrofurantoin,,10,mg/kg,8 day,Repeat,Gavage,Rat,6,Liver,,,
/mnt/e/spass/open-tggates-pathological-images/LATEST/images/furosemide/Liver/34584.svs,34584.svs,0,normal,393,7,1,furosemide,furosemide,,30,mg/kg,15 day,Repeat,Gavage,Rat,6,Liver,,,
/mnt/e/spass/open-tggates-pathological-images/LATEST/images/danazol/Liver/49756.svs,49756.svs,0,normal,545,3,4,danazol,danazol,,0,mg/kg,15 day,Repeat,Gavage,Rat,6,Liver,,,
/mnt/e/spass/open-tggates-pathological-images/LATEST/images/penicillamine/Liver/37819.svs,37819.svs,0,normal,441,15,5,penicillamine,penicillamine,,1000,mg/kg,15 day,Repeat,Gavage,Rat,6,Liver,,,
/mnt/e/spass/open-tggates-pathological-images/LATEST/images/disopyramide/Liver/38440.svs,38440.svs,0,normal,463,6,5,disopyramide,disopyramide,,40,mg/kg,8 day,Repeat,Gavage,Rat,6,Liver,,,
/mnt/e/spass/open-tggates-pathological-images/LATEST/images/cephalothin/Liver/54003.svs,54003.svs,0,normal,602,3,4,cephalothin,cephalothin,,0,mg/kg,9 hr,Single,intravenous injection,Rat,6,Liver,,,
/mnt/e/spass/open-tggates-pathological-images/LATEST/images/phenylanthranilic_acid/Liver/50104.svs,50104.svs,0,normal,597,5,1,phenylanthranilic acid,phenylanthranilic_acid,,300,mg/kg,3 hr,Single,Gavage,Rat,6,Liver,,,
/mnt/e/spass/open-tggates-pathological-images/LATEST/images/lomustine/Liver/11804.svs,11804.svs,0,normal,310,16,4,lomustine,lomustine,,6,mg/kg,24 hr,Single,Gavage,Rat,6,Liver,,,
/mnt/e/spass/open-tggates-pathological-images/LATEST/images/chlorpromazine/Liver/28658.svs,28658.svs,0,normal,115,5,1,chlorpromazine,chlorpromazine,,5,mg/kg,4 day,Repeat,Gavage,Rat,6,Liver,,,
/mnt/e/spass/open-tggates-pathological-images/LATEST/images/erythromycin_ethylsuccinate/Liver/23797.svs,23797.svs,0,normal,388,15,2,erythromycin ethylsuccinate,erythromycin_ethylsuccinate,,1000,mg/kg,9 hr,Single,Gavage,Rat,6,Liver,,,
/mnt/e/spass/open-tggates-pathological-images/LATEST/images/furosemide/Liver/20067.svs,20067.svs,0,normal,392,14,3,furosemide,furosemide,,300,mg/kg,6 hr,Single,Gavage,Rat,6,Liver,,,
/mnt/e/spass/open-tggates-pathological-images/LATEST/images/clomipramine/Liver/42974.svs,42974.svs,0,normal,527,14,5,clomipramine,clomipramine,,100,mg/kg,8 day,Repeat,Gavage,Rat,6,Liver,,,
/mnt/e/spass/open-tggates-pathological-images/LATEST/images/monocrotaline/Liver/33686.svs,33686.svs,0,normal,280,5,2,monocrotaline,monocrotaline,,3,mg/kg,4 day,Repeat,Gavage,Rat,6,Liver,,,
/mnt/e/spass/open-tggates-pathological-images/LATEST/images/phalloidin/Liver/59016.svs,59016.svs,0,normal,480,1,3,phalloidin,phalloidin,,0,mg/kg,3 hr,Single,intraperitoneal injection,Rat,6,Liver,,,
/mnt/e/spass/open-tggates-pathological-images/LATEST/images/colchicine/Liver/41401.svs,41401.svs,0,normal,501,6,3,colchicine,colchicine,,2,mg/kg,6 hr,Single,Gavage,Rat,6,Liver,,,
/mnt/e/spass/open-tggates-pathological-images/LATEST/images/aspirin/Liver/61586.svs,61586.svs,0,normal,630,12,5,aspirin,aspirin,,1000,mg/kg,24 hr,Single,Gavage,Rat,6,Liver,,,
/mnt/e/spass/open-tggates-pathological-images/LATEST/images/ranitidine/Liver/23648.svs,23648.svs,0,normal,382,4,3,ranitidine,ranitidine,,0,mg/kg,29 day,Repeat,Gavage,Rat,6,Liver,,,
/mnt/e/spass/open-tggates-pathological-images/LATEST/images/methyltestosterone/Liver/31058.svs,31058.svs,0,normal,242,7,3,methyltestosterone,methyltestosterone,,30,mg/kg,15 day,Repeat,Gavage,Rat,6,Liver,,,
/mnt/e/spass/open-tggates-pathological-images/LATEST/images/triazolam/Liver/42294.svs,42294.svs,0,normal,525,3,1,triazolam,triazolam,,0,mg/kg,15 day,Repeat,Gavage,Rat,6,Liver,,,
/mnt/e/spass/open-tggates-pathological-images/LATEST/images/diltiazem/Liver/21588.svs,21588.svs,0,normal,412,6,4,diltiazem,diltiazem,,80,mg/kg,6 hr,Single,Gavage,Rat,6,Liver,,,
/mnt/e/spass/open-tggates-pathological-images/LATEST/images/rosiglitazone_maleate/Liver/62872.svs,62872.svs,0,normal,666,15,1,rosiglitazone maleate,rosiglitazone_maleate,,100,mg/kg,15 day,Repeat,Gavage,Rat,6,Liver,,,
/mnt/e/spass/open-tggates-pathological-images/LATEST/images/acetaminophen/Liver/28171.svs,28171.svs,0,normal,42,18,3,acetaminophen,acetaminophen,,1000,mg/kg,8 day,Repeat,Gavage,Rat,6,Liver,,,
/mnt/e/spass/open-tggates-pathological-images/LATEST/images/tolbutamide/Liver/40331.svs,40331.svs,0,normal,506,15,4,tolbutamide,tolbutamide,,1000,mg/kg,9 hr,Single,Gavage,Rat,6,Liver,,,
/mnt/e/spass/open-tggates-pathological-images/LATEST/images/sulfasalazine/Liver/8363.svs,8363.svs,0,normal,210,14,5,sulfasalazine,sulfasalazine,,1000,mg/kg,6 hr,Single,Gavage,Rat,6,Liver,,,
/mnt/e/spass/open-tggates-pathological-images/LATEST/images/ibuprofen/Liver/19580.svs,19580.svs,0,normal,346,3,3,ibuprofen,ibuprofen,,0,mg/kg,15 day,Repeat,Gavage,Rat,6,Liver,,,
/mnt/e/spass/open-tggates-pathological-images/LATEST/images/bromoethylamine/Liver/52706.svs,52706.svs,0,normal,578,10,4,bromoethylamine,bromoethylamine,,20,mg/kg,6 hr,Single,intravenous injection,Rat,6,Liver,,,
/mnt/e/spass/open-tggates-pathological-images/LATEST/images/imipramine/Liver/33852.svs,33852.svs,0,normal,366,3,1,imipramine,imipramine,,0,mg/kg,15 day,Repeat,Gavage,Rat,6,Liver,,,
/mnt/e/spass/open-tggates-pathological-images/LATEST/images/carbon_tetrachloride/Liver/26111.svs,26111.svs,0,normal,66,14,1,carbon tetrachloride,carbon_tetrachloride,,30,mg/kg,24 hr,Single,Gavage,Rat,6,Liver,,,
/mnt/e/spass/open-tggates-pathological-images/LATEST/images/acetaminophen/Liver/27017.svs,27017.svs,0,normal,40,12,5,acetaminophen,acetaminophen,,300,mg/kg,6 hr,Single,Gavage,Rat,6,Liver,,,
/mnt/e/spass/open-tggates-pathological-images/LATEST/images/coumarin/Liver/28998.svs,28998.svs,0,normal,197,10,3,coumarin,coumarin,,50,mg/kg,8 day,Repeat,Gavage,Rat,6,Liver,,,
/mnt/e/spass/open-tggates-pathological-images/LATEST/images/bromoethylamine/Liver/52659.svs,52659.svs,0,normal,578,8,4,bromoethylamine,bromoethylamine,,6,mg/kg,24 hr,Single,intravenous injection,Rat,6,Liver,,,
/mnt/e/spass/open-tggates-pathological-images/LATEST/images/isoniazid/Liver/2366.svs,2366.svs,0,normal,60,6,4,isoniazid,isoniazid,,10,mg/kg,3 hr,Single,Gavage,Rat,6,Liver,,,
/mnt/e/spass/open-tggates-pathological-images/LATEST/images/acarbose/Liver/41753.svs,41753.svs,0,normal,511,9,1,acarbose,acarbose,,300,mg/kg,4 day,Repeat,Gavage,Rat,6,Liver,,,
/mnt/e/spass/open-tggates-pathological-images/LATEST/images/carbon_tetrachloride/Liver/26022.svs,26022.svs,0,normal,66,22,5,carbon tetrachloride,carbon_tetrachloride,,300,mg/kg,6 hr,Single,Gavage,Rat,6,Liver,,,
/mnt/e/spass/open-tggates-pathological-images/LATEST/images/tolbutamide/Liver/40213.svs,40213.svs,0,normal,506,4,4,tolbutamide,tolbutamide,,0,mg/kg,24 hr,Single,Gavage,Rat,6,Liver,,,
/mnt/e/spass/open-tggates-pathological-images/LATEST/images/puromycin_aminonucleoside/Liver/55510.svs,55510.svs,0,normal,607,6,3,puromycin aminonucleoside,puromycin_aminonucleoside,,4,mg/kg,8 day,Repeat,intravenous injection,Rat,6,Liver,,,
/mnt/e/spass/open-tggates-pathological-images/LATEST/images/diethyl_maleate/Liver/60015.svs,60015.svs,0,normal,458,5,3,diethyl maleate,diethyl_maleate,,80,mg/kg,3 hr,Single,intraperitoneal injection,Rat,6,Liver,,,
/mnt/e/spass/open-tggates-pathological-images/LATEST/images/chlorpropamide/Liver/35319.svs,35319.svs,0,normal,436,3,2,chlorpropamide,chlorpropamide,,0,mg/kg,15 day,Repeat,Gavage,Rat,6,Liver,,,
/mnt/e/spass/open-tggates-pathological-images/LATEST/images/gemfibrozil/Liver/8678.svs,8678.svs,0,normal,183,9,3,gemfibrozil,gemfibrozil,,100,mg/kg,3 hr,Single,Gavage,Rat,6,Liver,,,
/mnt/e/spass/open-tggates-pathological-images/LATEST/images/propylthiouracil/Liver/7896.svs,7896.svs,0,normal,200,5,3,propylthiouracil,propylthiouracil,,10,mg/kg,3 hr,Single,Gavage,Rat,6,Liver,,,
/mnt/e/spass/open-tggates-pathological-images/LATEST/images/nifedipine/Liver/37090.svs,37090.svs,0,normal,411,14,5,nifedipine,nifedipine,,1000,mg/kg,8 day,Repeat,Gavage,Rat,6,Liver,,,
/mnt/e/spass/open-tggates-pathological-images/LATEST/images/ethambutol/Liver/35783.svs,35783.svs,0,normal,390,3,2,ethambutol,ethambutol,,0,mg/kg,9 hr,Single,Gavage,Rat,6,Liver,,,
/mnt/e/spass/open-tggates-pathological-images/LATEST/images/mexiletine/Liver/53841.svs,53841.svs,0,normal,465,11,4,mexiletine,mexiletine,,120,mg/kg,15 day,Repeat,Gavage,Rat,6,Liver,,,
/mnt/e/spass/open-tggates-pathological-images/LATEST/images/rotenone/Liver/62880.svs,62880.svs,0,normal,670,15,5,rotenone,rotenone,,50,mg/kg,15 day,Repeat,Gavage,Rat,6,Liver,,,
/mnt/e/spass/open-tggates-pathological-images/LATEST/images/isoniazid/Liver/2377.svs,2377.svs,0,normal,60,8,5,isoniazid,isoniazid,,10,mg/kg,9 hr,Single,Gavage,Rat,6,Liver,,,
/mnt/e/spass/open-tggates-pathological-images/LATEST/images/ranitidine/Liver/23221.svs,23221.svs,0,normal,450,8,2,ranitidine,ranitidine,,100,mg/kg,24 hr,Single,Gavage,Rat,6,Liver,,,
/mnt/e/spass/open-tggates-pathological-images/LATEST/images/amiodarone/Liver/62378.svs,62378.svs,0,normal,634,6,2,amiodarone,amiodarone,,200,mg/kg,6 hr,Single,Gavage,Rat,6,Liver,,,
/mnt/e/spass/open-tggates-pathological-images/LATEST/images/coumarin/Liver/28993.svs,28993.svs,0,normal,197,9,5,coumarin,coumarin,,50,mg/kg,4 day,Repeat,Gavage,Rat,6,Liver,,,
/mnt/e/spass/open-tggates-pathological-images/LATEST/images/flutamide/Liver/11399.svs,11399.svs,0,normal,291,6,5,flutamide,flutamide,,15,mg/kg,6 hr,Single,Gavage,Rat,6,Liver,,,
/mnt/e/spass/open-tggates-pathological-images/LATEST/images/sulindac/Liver/38492.svs,38492.svs,0,normal,443,8,4,sulindac,sulindac,,5,mg/kg,29 day,Repeat,Gavage,Rat,6,Liver,,,
/mnt/e/spass/open-tggates-pathological-images/LATEST/images/hexachlorobenzene/Liver/62198.svs,62198.svs,0,normal,633,16,5,hexachlorobenzene,hexachlorobenzene,,2000,mg/kg,24 hr,Single,Gavage,Rat,6,Liver,,,
/mnt/e/spass/open-tggates-pathological-images/LATEST/images/benzbromarone/Liver/6393.svs,6393.svs,0,normal,154,12,1,benzbromarone,benzbromarone,,60,mg/kg,24 hr,Single,Gavage,Rat,6,Liver,,,
/mnt/e/spass/open-tggates-pathological-images/LATEST/images/phenytoin/Liver/60947.svs,60947.svs,0,normal,628,14,4,phenytoin,phenytoin,,2000,mg/kg,6 hr,Single,Gavage,Rat,6,Liver,,,
/mnt/e/spass/open-tggates-pathological-images/LATEST/images/danazol/Liver/56991.svs,56991.svs,0,normal,544,5,4,danazol,danazol,,300,mg/kg,3 hr,Single,Gavage,Rat,6,Liver,,,
/mnt/e/spass/open-tggates-pathological-images/LATEST/images/sulpiride/Liver/40844.svs,40844.svs,0,normal,508,3,1,sulpiride,sulpiride,,0,mg/kg,9 hr,Single,Gavage,Rat,6,Liver,,,
/mnt/e/spass/open-tggates-pathological-images/LATEST/images/methyldopa/Liver/14440.svs,14440.svs,0,normal,307,4,3,methyldopa,methyldopa,,0,mg/kg,29 day,Repeat,Gavage,Rat,6,Liver,,,
/mnt/e/spass/open-tggates-pathological-images/LATEST/images/2-nitrofluorene/Liver/65205.svs,65205.svs,0,normal,712,4,5,2-nitrofluorene,2-nitrofluorene,,1000,mg/kg,24 hr,Single,Gavage,Rat,6,Liver,,,
/mnt/e/spass/open-tggates-pathological-images/LATEST/images/isoniazid/Liver/2356.svs,2356.svs,0,normal,60,4,4,isoniazid,isoniazid,,0,mg/kg,24 hr,Single,Gavage,Rat,6,Liver,,,
/mnt/e/spass/open-tggates-pathological-images/LATEST/images/ethanol/Liver/47806.svs,47806.svs,0,normal,588,11,2,ethanol,ethanol,,1200,mg/kg,9 hr,Single,Gavage,Rat,6,Liver,,,
/mnt/e/spass/open-tggates-pathological-images/LATEST/images/bucetin/Liver/49322.svs,49322.svs,0,normal,595,15,4,bucetin,bucetin,,2000,mg/kg,9 hr,Single,Gavage,Rat,6,Liver,,,
/mnt/e/spass/open-tggates-pathological-images/LATEST/images/labetalol/Liver/9211.svs,9211.svs,0,normal,239,3,4,labetalol,labetalol,,0,mg/kg,9 hr,Single,Gavage,Rat,6,Liver,,,
/mnt/e/spass/open-tggates-pathological-images/LATEST/images/bendazac/Liver/44115.svs,44115.svs,0,normal,550,6,5,bendazac,bendazac,,100,mg/kg,6 hr,Single,Gavage,Rat,6,Liver,,,
/mnt/e/spass/open-tggates-pathological-images/LATEST/images/amiodarone/Liver/30432.svs,30432.svs,0,normal,209,7,2,amiodarone,amiodarone,,20,mg/kg,15 day,Repeat,Gavage,Rat,6,Liver,,,
/mnt/e/spass/open-tggates-pathological-images/LATEST/images/puromycin_aminonucleoside/Liver/55230.svs,55230.svs,0,normal,606,12,4,puromycin aminonucleoside,puromycin_aminonucleoside,,40,mg/kg,24 hr,Single,intravenous injection,Rat,6,Liver,,,
/mnt/e/spass/open-tggates-pathological-images/LATEST/images/danazol/Liver/50436.svs,50436.svs,0,normal,545,9,4,danazol,danazol,,300,mg/kg,4 day,Repeat,Gavage,Rat,6,Liver,,,
/mnt/e/spass/open-tggates-pathological-images/LATEST/images/metformin/Liver/13317.svs,13317.svs,0,normal,265,2,2,metformin,metformin,,0,mg/kg,6 hr,Single,Gavage,Rat,6,Liver,,,
/mnt/e/spass/open-tggates-pathological-images/LATEST/images/quinidine/Liver/22515.svs,22515.svs,0,normal,349,13,4,quinidine,quinidine,,200,mg/kg,3 hr,Single,Gavage,Rat,6,Liver,,,
/mnt/e/spass/open-tggates-pathological-images/LATEST/images/glibenclamide/Liver/10512.svs,10512.svs,0,normal,235,9,4,glibenclamide,glibenclamide,,300,mg/kg,4 day,Repeat,Gavage,Rat,6,Liver,,,
/mnt/e/spass/open-tggates-pathological-images/LATEST/images/phorone/Liver/59394.svs,59394.svs,0,normal,456,9,2,phorone,phorone,,120,mg/kg,3 hr,Single,intraperitoneal injection,Rat,6,Liver,,,
/mnt/e/spass/open-tggates-pathological-images/LATEST/images/tacrine/Liver/14735.svs,14735.svs,0,normal,314,11,3,tacrine,tacrine,,10,mg/kg,9 hr,Single,Gavage,Rat,6,Liver,,,
/mnt/e/spass/open-tggates-pathological-images/LATEST/images/papaverine/Liver/37092.svs,37092.svs,0,normal,431,6,3,papaverine,papaverine,,40,mg/kg,6 hr,Single,Gavage,Rat,6,Liver,,,
/mnt/e/spass/open-tggates-pathological-images/LATEST/images/omeprazole/Liver/4792.svs,4792.svs,0,normal,123,13,3,omeprazole,omeprazole,,1000,mg/kg,3 hr,Single,Gavage,Rat,6,Liver,,,
/mnt/e/spass/open-tggates-pathological-images/LATEST/images/fenofibrate/Liver/34989.svs,34989.svs,0,normal,434,7,1,fenofibrate,fenofibrate,,10,mg/kg,15 day,Repeat,Gavage,Rat,6,Liver,,,
/mnt/e/spass/open-tggates-pathological-images/LATEST/images/sulindac/Liver/38182.svs,38182.svs,0,normal,442,13,3,sulindac,sulindac,,150,mg/kg,3 hr,Single,Gavage,Rat,6,Liver,,,
/mnt/e/spass/open-tggates-pathological-images/LATEST/images/ranitidine/Liver/23154.svs,23154.svs,0,normal,450,5,2,ranitidine,ranitidine,,100,mg/kg,3 hr,Single,Gavage,Rat,6,Liver,,,
/mnt/e/spass/open-tggates-pathological-images/LATEST/images/bromobenzene/Liver/30446.svs,30446.svs,0,normal,186,5,3,bromobenzene,bromobenzene,,30,mg/kg,4 day,Repeat,Gavage,Rat,6,Liver,,,
/mnt/e/spass/open-tggates-pathological-images/LATEST/images/nifedipine/Liver/37031.svs,37031.svs,0,normal,411,10,3,nifedipine,nifedipine,,300,mg/kg,8 day,Repeat,Gavage,Rat,6,Liver,,,
/mnt/e/spass/open-tggates-pathological-images/LATEST/images/rifampicin/Liver/4131.svs,4131.svs,0,normal,94,16,4,rifampicin,rifampicin,,200,mg/kg,24 hr,Single,Gavage,Rat,6,Liver,,,
/mnt/e/spass/open-tggates-pathological-images/LATEST/images/phenylbutazone/Liver/26493.svs,26493.svs,0,normal,97,5,1,phenylbutazone,phenylbutazone,,20,mg/kg,4 day,Repeat,Gavage,Rat,6,Liver,,,
/mnt/e/spass/open-tggates-pathological-images/LATEST/images/amiodarone/Liver/30437.svs,30437.svs,0,normal,209,7,4,amiodarone,amiodarone,,20,mg/kg,15 day,Repeat,Gavage,Rat,6,Liver,,,
/mnt/e/spass/open-tggates-pathological-images/LATEST/images/terbinafine/Liver/43917.svs,43917.svs,0,normal,533,12,1,terbinafine,terbinafine,,250,mg/kg,24 hr,Single,Gavage,Rat,6,Liver,,,
/mnt/e/spass/open-tggates-pathological-images/LATEST/images/hydroxyzine/Liver/19312.svs,19312.svs,0,normal,369,7,3,hydroxyzine,hydroxyzine,,10,mg/kg,9 hr,Single,Gavage,Rat,6,Liver,,,
/mnt/e/spass/open-tggates-pathological-images/LATEST/images/labetalol/Liver/9176.svs,9176.svs,0,normal,239,2,4,labetalol,labetalol,,0,mg/kg,6 hr,Single,Gavage,Rat,6,Liver,,,
/mnt/e/spass/open-tggates-pathological-images/LATEST/images/indomethacin/Liver/27413.svs,27413.svs,0,normal,113,14,5,indomethacin,indomethacin,,5,mg/kg,8 day,Repeat,Gavage,Rat,6,Liver,,,
/mnt/e/spass/open-tggates-pathological-images/LATEST/images/caffeine/Liver/36922.svs,36922.svs,0,normal,430,15,3,caffeine,caffeine,,100,mg/kg,15 day,Repeat,Gavage,Rat,6,Liver,,,
/mnt/e/spass/open-tggates-pathological-images/LATEST/images/monocrotaline/Liver/34020.svs,34020.svs,0,normal,280,13,3,monocrotaline,monocrotaline,,30,mg/kg,4 day,Repeat,Gavage,Rat,6,Liver,,,
/mnt/e/spass/open-tggates-pathological-images/LATEST/images/amitriptyline/Liver/34227.svs,34227.svs,0,normal,368,11,1,amitriptyline,amitriptyline,,50,mg/kg,15 day,Repeat,Gavage,Rat,6,Liver,,,
/mnt/e/spass/open-tggates-pathological-images/LATEST/images/triamterene/Liver/39914.svs,39914.svs,0,normal,445,5,2,triamterene,triamterene,,15,mg/kg,4 day,Repeat,Gavage,Rat,6,Liver,,,
/mnt/e/spass/open-tggates-pathological-images/LATEST/images/ibuprofen/Liver/36288.svs,36288.svs,0,normal,345,7,1,ibuprofen,ibuprofen,,60,mg/kg,9 hr,Single,Gavage,Rat,6,Liver,,,
/mnt/e/spass/open-tggates-pathological-images/LATEST/images/thioridazine/Liver/9811.svs,9811.svs,0,normal,252,11,4,thioridazine,thioridazine,,30,mg/kg,15 day,Repeat,Gavage,Rat,6,Liver,,,
/mnt/e/spass/open-tggates-pathological-images/LATEST/images/chlormezanone/Liver/13000.svs,13000.svs,0,normal,303,3,1,chlormezanone,chlormezanone,,0,mg/kg,15 day,Repeat,Gavage,Rat,6,Liver,,,
/mnt/e/spass/open-tggates-pathological-images/LATEST/images/cephalothin/Liver/54282.svs,54282.svs,0,normal,602,13,1,cephalothin,cephalothin,,2000,mg/kg,3 hr,Single,intravenous injection,Rat,6,Liver,,,
/mnt/e/spass/open-tggates-pathological-images/LATEST/images/propranolol/Liver/65981.svs,65981.svs,0,normal,718,12,3,propranolol,propranolol,,50,mg/kg,24 hr,Single,Gavage,Rat,6,Liver,,,
/mnt/e/spass/open-tggates-pathological-images/LATEST/images/chlorpheniramine/Liver/36538.svs,36538.svs,0,normal,409,3,3,chlorpheniramine,chlorpheniramine,,0,mg/kg,15 day,Repeat,Gavage,Rat,6,Liver,,,
/mnt/e/spass/open-tggates-pathological-images/LATEST/images/naproxen/Liver/22683.svs,22683.svs,0,normal,347,15,5,naproxen,naproxen,,200,mg/kg,9 hr,Single,Gavage,Rat,6,Liver,,,
/mnt/e/spass/open-tggates-pathological-images/LATEST/images/ajmaline/Liver/42841.svs,42841.svs,0,normal,517,9,4,ajmaline,ajmaline,,100,mg/kg,3 hr,Single,Gavage,Rat,6,Liver,,,
/mnt/e/spass/open-tggates-pathological-images/LATEST/images/ciprofloxacin/Liver/15077.svs,15077.svs,0,normal,313,14,2,ciprofloxacin,ciprofloxacin,,1000,mg/kg,8 day,Repeat,Gavage,Rat,6,Liver,,,
/mnt/e/spass/open-tggates-pathological-images/LATEST/images/sulfasalazine/Liver/8355.svs,8355.svs,0,normal,210,14,2,sulfasalazine,sulfasalazine,,1000,mg/kg,6 hr,Single,Gavage,Rat,6,Liver,,,
/mnt/e/spass/open-tggates-pathological-images/LATEST/images/meloxicam/Liver/44561.svs,44561.svs,0,normal,535,3,4,meloxicam,meloxicam,,0,mg/kg,9 hr,Single,Gavage,Rat,6,Liver,,,
/mnt/e/spass/open-tggates-pathological-images/LATEST/images/terbinafine/Liver/44236.svs,44236.svs,0,normal,534,11,4,terbinafine,terbinafine,,250,mg/kg,15 day,Repeat,Gavage,Rat,6,Liver,,,
/mnt/e/spass/open-tggates-pathological-images/LATEST/images/danazol/Liver/49677.svs,49677.svs,0,normal,545,2,4,danazol,danazol,,0,mg/kg,8 day,Repeat,Gavage,Rat,6,Liver,,,
/mnt/e/spass/open-tggates-pathological-images/LATEST/images/amitriptyline/Liver/18998.svs,18998.svs,0,normal,367,5,2,amitriptyline,amitriptyline,,15,mg/kg,3 hr,Single,Gavage,Rat,6,Liver,,,
/mnt/e/spass/open-tggates-pathological-images/LATEST/images/methapyrilene/Liver/46814.svs,46814.svs,0,normal,174,9,4,methapyrilene,methapyrilene,,30,mg/kg,4 day,Repeat,Gavage,Rat,6,Liver,,,
/mnt/e/spass/open-tggates-pathological-images/LATEST/images/ajmaline/Liver/42921.svs,42921.svs,0,normal,517,16,4,ajmaline,ajmaline,,300,mg/kg,24 hr,Single,Gavage,Rat,6,Liver,,,
/mnt/e/spass/open-tggates-pathological-images/LATEST/images/monocrotaline/Liver/33590.svs,33590.svs,0,normal,280,2,2,monocrotaline,monocrotaline,,0,mg/kg,8 day,Repeat,Gavage,Rat,6,Liver,,,
/mnt/e/spass/open-tggates-pathological-images/LATEST/images/butylated_hydroxyanisole/Liver/64252.svs,64252.svs,0,normal,687,4,4,butylated hydroxyanisole,butylated_hydroxyanisole,,0,mg/kg,24 hr,Single,Gavage,Rat,6,Liver,,,
/mnt/e/spass/open-tggates-pathological-images/LATEST/images/thioridazine/Liver/9805.svs,9805.svs,0,normal,252,11,2,thioridazine,thioridazine,,30,mg/kg,15 day,Repeat,Gavage,Rat,6,Liver,,,
/mnt/e/spass/open-tggates-pathological-images/LATEST/images/flutamide/Liver/11406.svs,11406.svs,0,normal,291,10,2,flutamide,flutamide,,50,mg/kg,6 hr,Single,Gavage,Rat,6,Liver,,,
/mnt/e/spass/open-tggates-pathological-images/LATEST/images/imipramine/Liver/33930.svs,33930.svs,0,normal,366,12,3,imipramine,imipramine,,30,mg/kg,29 day,Repeat,Gavage,Rat,6,Liver,,,
/mnt/e/spass/open-tggates-pathological-images/LATEST/images/benzbromarone/Liver/5750.svs,5750.svs,0,normal,155,2,3,benzbromarone,benzbromarone,,0,mg/kg,8 day,Repeat,Gavage,Rat,6,Liver,,,
/mnt/e/spass/open-tggates-pathological-images/LATEST/images/diazepam/Liver/6497.svs,6497.svs,0,normal,159,5,5,diazepam,diazepam,,25,mg/kg,4 day,Repeat,Gavage,Rat,6,Liver,,,
/mnt/e/spass/open-tggates-pathological-images/LATEST/images/coumarin/Liver/28904.svs,28904.svs,0,normal,197,1,3,coumarin,coumarin,,0,mg/kg,4 day,Repeat,Gavage,Rat,6,Liver,,,
/mnt/e/spass/open-tggates-pathological-images/LATEST/images/theophylline/Liver/57555.svs,57555.svs,0,normal,427,10,3,theophylline,theophylline,,60,mg/kg,6 hr,Single,Gavage,Rat,6,Liver,,,
/mnt/e/spass/open-tggates-pathological-images/LATEST/images/tannic_acid/Liver/24259.svs,24259.svs,0,normal,419,8,5,tannic acid,tannic_acid,,100,mg/kg,29 day,Repeat,Gavage,Rat,6,Liver,,,
/mnt/e/spass/open-tggates-pathological-images/LATEST/images/trimethadione/Liver/43255.svs,43255.svs,0,normal,528,12,4,trimethadione,trimethadione,,150,mg/kg,24 hr,Single,Gavage,Rat,6,Liver,,,
/mnt/e/spass/open-tggates-pathological-images/LATEST/images/benzbromarone/Liver/5753.svs,5753.svs,0,normal,155,2,4,benzbromarone,benzbromarone,,0,mg/kg,8 day,Repeat,Gavage,Rat,6,Liver,,,
/mnt/e/spass/open-tggates-pathological-images/LATEST/images/diclofenac/Liver/29303.svs,29303.svs,0,normal,149,13,1,diclofenac,diclofenac,,10,mg/kg,4 day,Repeat,Gavage,Rat,6,Liver,,,
/mnt/e/spass/open-tggates-pathological-images/LATEST/images/LPS/Liver/69980.svs,69980.svs,0,normal,663,12,5,LPS,LPS,,300,꺤g/kg,24 hr,Single,intraperitoneal injection,Rat,6,Liver,,,
/mnt/e/spass/open-tggates-pathological-images/LATEST/images/clofibrate/Liver/3577.svs,3577.svs,0,normal,98,5,4,clofibrate,clofibrate,,30,mg/kg,3 hr,Single,Gavage,Rat,6,Liver,,,
/mnt/e/spass/open-tggates-pathological-images/LATEST/images/diethyl_maleate/Liver/60064.svs,60064.svs,0,normal,458,9,2,diethyl maleate,diethyl_maleate,,240,mg/kg,3 hr,Single,intraperitoneal injection,Rat,6,Liver,,,
/mnt/e/spass/open-tggates-pathological-images/LATEST/images/chlorpheniramine/Liver/36631.svs,36631.svs,0,normal,409,10,1,chlorpheniramine,chlorpheniramine,,10,mg/kg,8 day,Repeat,Gavage,Rat,6,Liver,,,
/mnt/e/spass/open-tggates-pathological-images/LATEST/images/monocrotaline/Liver/12736.svs,12736.svs,0,normal,279,5,1,monocrotaline,monocrotaline,,3,mg/kg,3 hr,Single,Gavage,Rat,6,Liver,,,
/mnt/e/spass/open-tggates-pathological-images/LATEST/images/famotidine/Liver/20708.svs,20708.svs,0,normal,379,6,4,famotidine,famotidine,,100,mg/kg,6 hr,Single,Gavage,Rat,6,Liver,,,
/mnt/e/spass/open-tggates-pathological-images/LATEST/images/sulindac/Liver/38413.svs,38413.svs,0,normal,443,2,5,sulindac,sulindac,,0,mg/kg,8 day,Repeat,Gavage,Rat,6,Liver,,,
/mnt/e/spass/open-tggates-pathological-images/LATEST/images/methimazole/Liver/33114.svs,33114.svs,0,normal,278,2,2,methimazole,methimazole,,0,mg/kg,8 day,Repeat,Gavage,Rat,6,Liver,,,
/mnt/e/spass/open-tggates-pathological-images/LATEST/images/papaverine/Liver/37186.svs,37186.svs,0,normal,431,10,2,papaverine,papaverine,,120,mg/kg,6 hr,Single,Gavage,Rat,6,Liver,,,
/mnt/e/spass/open-tggates-pathological-images/LATEST/images/cyclosporine_A/Liver/53992.svs,53992.svs,0,normal,604,3,3,cyclosporine A,cyclosporine_A,,0,mg/kg,9 hr,Single,Gavage,Rat,6,Liver,,,
/mnt/e/spass/open-tggates-pathological-images/LATEST/images/acarbose/Liver/41807.svs,41807.svs,0,normal,511,14,5,acarbose,acarbose,,1000,mg/kg,8 day,Repeat,Gavage,Rat,6,Liver,,,
/mnt/e/spass/open-tggates-pathological-images/LATEST/images/omeprazole/Liver/4945.svs,4945.svs,0,normal,123,12,3,omeprazole,omeprazole,,300,mg/kg,24 hr,Single,Gavage,Rat,6,Liver,,,
/mnt/e/spass/open-tggates-pathological-images/LATEST/images/tacrine/Liver/14803.svs,14803.svs,0,normal,314,14,2,tacrine,tacrine,,30,mg/kg,6 hr,Single,Gavage,Rat,6,Liver,,,
/mnt/e/spass/open-tggates-pathological-images/LATEST/images/papaverine/Liver/37375.svs,37375.svs,0,normal,432,1,5,papaverine,papaverine,,0,mg/kg,4 day,Repeat,Gavage,Rat,6,Liver,,,
/mnt/e/spass/open-tggates-pathological-images/LATEST/images/imipramine/Liver/33851.svs,33851.svs,0,normal,366,2,5,imipramine,imipramine,,0,mg/kg,8 day,Repeat,Gavage,Rat,6,Liver,,,
/mnt/e/spass/open-tggates-pathological-images/LATEST/images/rotenone/Liver/62835.svs,62835.svs,0,normal,670,11,1,rotenone,rotenone,,15,mg/kg,15 day,Repeat,Gavage,Rat,6,Liver,,,
/mnt/e/spass/open-tggates-pathological-images/LATEST/images/clofibrate/Liver/3580.svs,3580.svs,0,normal,98,9,2,clofibrate,clofibrate,,100,mg/kg,3 hr,Single,Gavage,Rat,6,Liver,,,
/mnt/e/spass/open-tggates-pathological-images/LATEST/images/captopril/Liver/24741.svs,24741.svs,0,normal,420,13,5,captopril,captopril,,1000,mg/kg,3 hr,Single,Gavage,Rat,6,Liver,,,
/mnt/e/spass/open-tggates-pathological-images/LATEST/images/propranolol/Liver/68093.svs,68093.svs,0,normal,719,11,5,propranolol,propranolol,,50,mg/kg,15 day,Repeat,Gavage,Rat,6,Liver,,,
/mnt/e/spass/open-tggates-pathological-images/LATEST/images/diclofenac/Liver/29272.svs,29272.svs,0,normal,149,1,1,diclofenac,diclofenac,,0,mg/kg,4 day,Repeat,Gavage,Rat,6,Liver,,,
/mnt/e/spass/open-tggates-pathological-images/LATEST/images/glibenclamide/Liver/10639.svs,10639.svs,0,normal,235,4,4,glibenclamide,glibenclamide,,0,mg/kg,29 day,Repeat,Gavage,Rat,6,Liver,,,
/mnt/e/spass/open-tggates-pathological-images/LATEST/images/chlorpropamide/Liver/20627.svs,20627.svs,0,normal,435,14,1,chlorpropamide,chlorpropamide,,300,mg/kg,6 hr,Single,Gavage,Rat,6,Liver,,,
/mnt/e/spass/open-tggates-pathological-images/LATEST/images/erythromycin_ethylsuccinate/Liver/35243.svs,35243.svs,0,normal,389,1,4,erythromycin ethylsuccinate,erythromycin_ethylsuccinate,,0,mg/kg,4 day,Repeat,Gavage,Rat,6,Liver,,,
/mnt/e/spass/open-tggates-pathological-images/LATEST/images/cimetidine/Liver/8667.svs,8667.svs,0,normal,213,13,3,cimetidine,cimetidine,,1000,mg/kg,3 hr,Single,Gavage,Rat,6,Liver,,,
/mnt/e/spass/open-tggates-pathological-images/LATEST/images/nicotinic_acid/Liver/23241.svs,23241.svs,0,normal,387,12,2,nicotinic acid,nicotinic_acid,,300,mg/kg,29 day,Repeat,Gavage,Rat,6,Liver,,,
/mnt/e/spass/open-tggates-pathological-images/LATEST/images/ticlopidine/Liver/53085.svs,53085.svs,0,normal,580,6,3,ticlopidine,ticlopidine,,100,mg/kg,6 hr,Single,Gavage,Rat,6,Liver,,,
/mnt/e/spass/open-tggates-pathological-images/LATEST/images/doxorubicin/Liver/56488.svs,56488.svs,0,normal,617,8,2,doxorubicin,doxorubicin,,0,mg/kg,29 day,Repeat,intravenous injection,Rat,6,Liver,,,
/mnt/e/spass/open-tggates-pathological-images/LATEST/images/furosemide/Liver/19949.svs,19949.svs,0,normal,392,1,3,furosemide,furosemide,,0,mg/kg,3 hr,Single,Gavage,Rat,6,Liver,,,
/mnt/e/spass/open-tggates-pathological-images/LATEST/images/chlorpropamide/Liver/35328.svs,35328.svs,0,normal,436,5,1,chlorpropamide,chlorpropamide,,30,mg/kg,4 day,Repeat,Gavage,Rat,6,Liver,,,
/mnt/e/spass/open-tggates-pathological-images/LATEST/images/vitamin_A/Liver/15357.svs,15357.svs,0,normal,282,4,3,vitamin A,vitamin_A,,0,mg/kg,29 day,Repeat,Gavage,Rat,6,Liver,,,
/mnt/e/spass/open-tggates-pathological-images/LATEST/images/haloperidol/Liver/8943.svs,8943.svs,0,normal,247,2,2,haloperidol,haloperidol,,0,mg/kg,6 hr,Single,Gavage,Rat,6,Liver,,,
/mnt/e/spass/open-tggates-pathological-images/LATEST/images/erythromycin_ethylsuccinate/Liver/23502.svs,23502.svs,0,normal,388,1,3,erythromycin ethylsuccinate,erythromycin_ethylsuccinate,,0,mg/kg,3 hr,Single,Gavage,Rat,6,Liver,,,
/mnt/e/spass/open-tggates-pathological-images/LATEST/images/phenobarbital/Liver/25583.svs,25583.svs,0,normal,93,6,4,phenobarbital,phenobarbital,,10,mg/kg,8 day,Repeat,Gavage,Rat,6,Liver,,,
/mnt/e/spass/open-tggates-pathological-images/LATEST/images/bucetin/Liver/49696.svs,49696.svs,0,normal,596,10,4,bucetin,bucetin,,300,mg/kg,8 day,Repeat,Gavage,Rat,6,Liver,,,
/mnt/e/spass/open-tggates-pathological-images/LATEST/images/trimethadione/Liver/43487.svs,43487.svs,0,normal,529,4,4,trimethadione,trimethadione,,0,mg/kg,29 day,Repeat,Gavage,Rat,6,Liver,,,
/mnt/e/spass/open-tggates-pathological-images/LATEST/images/sulpiride/Liver/41299.svs,41299.svs,0,normal,509,12,4,sulpiride,sulpiride,,300,mg/kg,29 day,Repeat,Gavage,Rat,6,Liver,,,
/mnt/e/spass/open-tggates-pathological-images/LATEST/images/sulindac/Liver/38211.svs,38211.svs,0,normal,442,16,2,sulindac,sulindac,,150,mg/kg,24 hr,Single,Gavage,Rat,6,Liver,,,
/mnt/e/spass/open-tggates-pathological-images/LATEST/images/bromoethylamine/Liver/53022.svs,53022.svs,0,normal,579,7,3,bromoethylamine,bromoethylamine,,2,mg/kg,15 day,Repeat,intravenous injection,Rat,6,Liver,,,
/mnt/e/spass/open-tggates-pathological-images/LATEST/images/methyltestosterone/Liver/10568.svs,10568.svs,0,normal,241,2,4,methyltestosterone,methyltestosterone,,0,mg/kg,6 hr,Single,Gavage,Rat,6,Liver,,,
/mnt/e/spass/open-tggates-pathological-images/LATEST/images/gemfibrozil/Liver/8690.svs,8690.svs,0,normal,183,10,4,gemfibrozil,gemfibrozil,,100,mg/kg,6 hr,Single,Gavage,Rat,6,Liver,,,
/mnt/e/spass/open-tggates-pathological-images/LATEST/images/amiodarone/Liver/30440.svs,30440.svs,0,normal,209,7,5,amiodarone,amiodarone,,20,mg/kg,15 day,Repeat,Gavage,Rat,6,Liver,,,
/mnt/e/spass/open-tggates-pathological-images/LATEST/images/fluoxetine_hydrochloride/Liver/63256.svs,63256.svs,0,normal,684,2,4,fluoxetine hydrochloride,fluoxetine_hydrochloride,,0,mg/kg,8 day,Repeat,Gavage,Rat,6,Liver,,,
/mnt/e/spass/open-tggates-pathological-images/LATEST/images/amphotericin_B/Liver/64992.svs,64992.svs,0,normal,691,3,4,amphotericin B,amphotericin_B,,0,mg/kg,15 day,Repeat,intravenous injection,Rat,6,Liver,,,
/mnt/e/spass/open-tggates-pathological-images/LATEST/images/gefitinib/Liver/66799.svs,66799.svs,0,normal,745,1,2,gefitinib,gefitinib,,0,mg/kg,3 hr,Single,Gavage,Rat,6,Liver,,,
/mnt/e/spass/open-tggates-pathological-images/LATEST/images/phenytoin/Liver/60952.svs,60952.svs,0,normal,628,15,1,phenytoin,phenytoin,,2000,mg/kg,9 hr,Single,Gavage,Rat,6,Liver,,,
/mnt/e/spass/open-tggates-pathological-images/LATEST/images/vitamin_A/Liver/14144.svs,14144.svs,0,normal,281,3,2,vitamin A,vitamin_A,,0,mg/kg,9 hr,Single,Gavage,Rat,6,Liver,,,
/mnt/e/spass/open-tggates-pathological-images/LATEST/images/omeprazole/Liver/4824.svs,4824.svs,0,normal,123,6,4,omeprazole,omeprazole,,100,mg/kg,6 hr,Single,Gavage,Rat,6,Liver,,,
/mnt/e/spass/open-tggates-pathological-images/LATEST/images/fenofibrate/Liver/34950.svs,34950.svs,0,normal,434,4,2,fenofibrate,fenofibrate,,0,mg/kg,29 day,Repeat,Gavage,Rat,6,Liver,,,
/mnt/e/spass/open-tggates-pathological-images/LATEST/images/phenylbutazone/Liver/26225.svs,26225.svs,0,normal,96,11,1,phenylbutazone,phenylbutazone,,60,mg/kg,9 hr,Single,Gavage,Rat,6,Liver,,,
/mnt/e/spass/open-tggates-pathological-images/LATEST/images/indomethacin/Liver/27338.svs,27338.svs,0,normal,113,6,1,indomethacin,indomethacin,,1,mg/kg,8 day,Repeat,Gavage,Rat,6,Liver,,,
/mnt/e/spass/open-tggates-pathological-images/LATEST/images/griseofulvin/Liver/10951.svs,10951.svs,0,normal,289,6,3,griseofulvin,griseofulvin,,100,mg/kg,6 hr,Single,Gavage,Rat,6,Liver,,,
/mnt/e/spass/open-tggates-pathological-images/LATEST/images/propranolol/Liver/65977.svs,65977.svs,0,normal,718,12,2,propranolol,propranolol,,50,mg/kg,24 hr,Single,Gavage,Rat,6,Liver,,,
/mnt/e/spass/open-tggates-pathological-images/LATEST/images/ibuprofen/Liver/36271.svs,36271.svs,0,normal,345,6,3,ibuprofen,ibuprofen,,60,mg/kg,6 hr,Single,Gavage,Rat,6,Liver,,,
/mnt/e/spass/open-tggates-pathological-images/LATEST/images/thioridazine/Liver/9739.svs,9739.svs,0,normal,252,7,1,thioridazine,thioridazine,,10,mg/kg,15 day,Repeat,Gavage,Rat,6,Liver,,,
/mnt/e/spass/open-tggates-pathological-images/LATEST/images/pemoline/Liver/13076.svs,13076.svs,0,normal,261,11,1,pemoline,pemoline,,25,mg/kg,9 hr,Single,Gavage,Rat,6,Liver,,,
/mnt/e/spass/open-tggates-pathological-images/LATEST/images/sulfasalazine/Liver/8429.svs,8429.svs,0,normal,210,4,5,sulfasalazine,sulfasalazine,,0,mg/kg,24 hr,Single,Gavage,Rat,6,Liver,,,
/mnt/e/spass/open-tggates-pathological-images/LATEST/images/triamterene/Liver/38752.svs,38752.svs,0,normal,444,5,2,triamterene,triamterene,,15,mg/kg,3 hr,Single,Gavage,Rat,6,Liver,,,
/mnt/e/spass/open-tggates-pathological-images/LATEST/images/fluphenazine/Liver/9376.svs,9376.svs,0,normal,274,4,3,fluphenazine,fluphenazine,,0,mg/kg,29 day,Repeat,Gavage,Rat,6,Liver,,,
/mnt/e/spass/open-tggates-pathological-images/LATEST/images/N-nitrosomorpholine/Liver/65209.svs,65209.svs,0,normal,714,1,1,N-nitrosomorpholine,N-nitrosomorpholine,,0,mg/kg,24 hr,Single,Gavage,Rat,6,Liver,,,
/mnt/e/spass/open-tggates-pathological-images/LATEST/images/N-methyl-N-nitrosourea/Liver/65333.svs,65333.svs,0,normal,716,3,4,N-methyl-N-nitrosourea,N-methyl-N-nitrosourea,,30,mg/kg,24 hr,Single,intraperitoneal injection,Rat,6,Liver,,,
/mnt/e/spass/open-tggates-pathological-images/LATEST/images/2%2C4-dinitrophenol/Liver/62923.svs,62923.svs,0,normal,672,4,2,"2,4-dinitrophenol",2%2C4-dinitrophenol,,0,mg/kg,24 hr,Single,Gavage,Rat,6,Liver,,,
/mnt/e/spass/open-tggates-pathological-images/LATEST/images/penicillamine/Liver/37514.svs,37514.svs,0,normal,440,16,1,penicillamine,penicillamine,,1000,mg/kg,24 hr,Single,Gavage,Rat,6,Liver,,,
/mnt/e/spass/open-tggates-pathological-images/LATEST/images/ajmaline/Liver/42777.svs,42777.svs,0,normal,517,3,4,ajmaline,ajmaline,,0,mg/kg,9 hr,Single,Gavage,Rat,6,Liver,,,
/mnt/e/spass/open-tggates-pathological-images/LATEST/images/rotenone/Liver/62713.svs,62713.svs,0,normal,669,14,4,rotenone,rotenone,,50,mg/kg,6 hr,Single,Gavage,Rat,6,Liver,,,
/mnt/e/spass/open-tggates-pathological-images/LATEST/images/moxisylyte/Liver/18098.svs,18098.svs,0,normal,317,7,1,moxisylyte,moxisylyte,,50,mg/kg,15 day,Repeat,Gavage,Rat,6,Liver,,,
/mnt/e/spass/open-tggates-pathological-images/LATEST/images/triazolam/Liver/42397.svs,42397.svs,0,normal,525,14,1,triazolam,triazolam,,1000,mg/kg,8 day,Repeat,Gavage,Rat,6,Liver,,,
/mnt/e/spass/open-tggates-pathological-images/LATEST/images/cisplatin/Liver/51283.svs,51283.svs,0,normal,575,4,2,cisplatin,cisplatin,,0,mg/kg,29 day,Repeat,intravenous injection,Rat,6,Liver,,,
/mnt/e/spass/open-tggates-pathological-images/LATEST/images/tolbutamide/Liver/40200.svs,40200.svs,0,normal,506,3,3,tolbutamide,tolbutamide,,0,mg/kg,9 hr,Single,Gavage,Rat,6,Liver,,,
/mnt/e/spass/open-tggates-pathological-images/LATEST/images/flutamide/Liver/11504.svs,11504.svs,0,normal,291,12,2,flutamide,flutamide,,50,mg/kg,24 hr,Single,Gavage,Rat,6,Liver,,,
/mnt/e/spass/open-tggates-pathological-images/LATEST/images/rifampicin/Liver/25979.svs,25979.svs,0,normal,95,15,5,rifampicin,rifampicin,,200,mg/kg,15 day,Repeat,Gavage,Rat,6,Liver,,,
/mnt/e/spass/open-tggates-pathological-images/LATEST/images/quinidine/Liver/22199.svs,22199.svs,0,normal,349,2,2,quinidine,quinidine,,0,mg/kg,6 hr,Single,Gavage,Rat,6,Liver,,,
/mnt/e/spass/open-tggates-pathological-images/LATEST/images/triamterene/Liver/39938.svs,39938.svs,0,normal,445,7,4,triamterene,triamterene,,15,mg/kg,15 day,Repeat,Gavage,Rat,6,Liver,,,
/mnt/e/spass/open-tggates-pathological-images/LATEST/images/caffeine/Liver/24752.svs,24752.svs,0,normal,429,12,3,caffeine,caffeine,,30,mg/kg,24 hr,Single,Gavage,Rat,6,Liver,,,
/mnt/e/spass/open-tggates-pathological-images/LATEST/images/carboplatin/Liver/52168.svs,52168.svs,0,normal,577,7,4,carboplatin,carboplatin,,1,mg/kg,15 day,Repeat,intravenous injection,Rat,6,Liver,,,
/mnt/e/spass/open-tggates-pathological-images/LATEST/images/azathioprine/Liver/31886.svs,31886.svs,0,normal,229,3,5,azathioprine,azathioprine,,0,mg/kg,15 day,Repeat,Gavage,Rat,6,Liver,,,
/mnt/e/spass/open-tggates-pathological-images/LATEST/images/nicotinic_acid/Liver/57862.svs,57862.svs,0,normal,386,8,1,nicotinic acid,nicotinic_acid,,100,mg/kg,24 hr,Single,Gavage,Rat,6,Liver,,,
/mnt/e/spass/open-tggates-pathological-images/LATEST/images/thioacetamide/Liver/46640.svs,46640.svs,0,normal,117,2,3,thioacetamide,thioacetamide,,0,mg/kg,8 day,Repeat,Gavage,Rat,6,Liver,,,
/mnt/e/spass/open-tggates-pathological-images/LATEST/images/cimetidine/Liver/31095.svs,31095.svs,0,normal,214,10,2,cimetidine,cimetidine,,300,mg/kg,8 day,Repeat,Gavage,Rat,6,Liver,,,
/mnt/e/spass/open-tggates-pathological-images/LATEST/images/ketoconazole/Liver/32223.svs,32223.svs,0,normal,230,2,1,ketoconazole,ketoconazole,,0,mg/kg,6 hr,Single,Gavage,Rat,6,Liver,,,
/mnt/e/spass/open-tggates-pathological-images/LATEST/images/caffeine/Liver/24560.svs,24560.svs,0,normal,429,3,5,caffeine,caffeine,,0,mg/kg,9 hr,Single,Gavage,Rat,6,Liver,,,
/mnt/e/spass/open-tggates-pathological-images/LATEST/images/theophylline/Liver/57460.svs,57460.svs,0,normal,427,7,1,theophylline,theophylline,,20,mg/kg,9 hr,Single,Gavage,Rat,6,Liver,,,
/mnt/e/spass/open-tggates-pathological-images/LATEST/images/dantrolene/Liver/43572.svs,43572.svs,0,normal,519,15,4,dantrolene,dantrolene,,250,mg/kg,9 hr,Single,Gavage,Rat,6,Liver,,,
/mnt/e/spass/open-tggates-pathological-images/LATEST/images/nifedipine/Liver/37050.svs,37050.svs,0,normal,411,11,5,nifedipine,nifedipine,,300,mg/kg,15 day,Repeat,Gavage,Rat,6,Liver,,,
/mnt/e/spass/open-tggates-pathological-images/LATEST/images/gentamicin/Liver/55822.svs,55822.svs,0,normal,613,15,1,gentamicin,gentamicin,,100,mg/kg,15 day,Repeat,intravenous injection,Rat,6,Liver,,,
/mnt/e/spass/open-tggates-pathological-images/LATEST/images/naproxen/Liver/22492.svs,22492.svs,0,normal,347,9,3,naproxen,naproxen,,60,mg/kg,3 hr,Single,Gavage,Rat,6,Liver,,,
/mnt/e/spass/open-tggates-pathological-images/LATEST/images/nifedipine/Liver/20958.svs,20958.svs,0,normal,410,8,2,nifedipine,nifedipine,,100,mg/kg,24 hr,Single,Gavage,Rat,6,Liver,,,
/mnt/e/spass/open-tggates-pathological-images/LATEST/images/griseofulvin/Liver/10898.svs,10898.svs,0,normal,289,5,1,griseofulvin,griseofulvin,,100,mg/kg,3 hr,Single,Gavage,Rat,6,Liver,,,
/mnt/e/spass/open-tggates-pathological-images/LATEST/images/lornoxicam/Liver/45478.svs,45478.svs,0,normal,538,7,5,lornoxicam,lornoxicam,,0,mg/kg,15 day,Repeat,Gavage,Rat,6,Liver,,,
/mnt/e/spass/open-tggates-pathological-images/LATEST/images/3-methylcholanthrene/Liver/66491.svs,66491.svs,0,normal,708,3,2,3-methylcholanthrene,3-methylcholanthrene,,0,mg/kg,9 hr,Single,Gavage,Rat,6,Liver,,,
/mnt/e/spass/open-tggates-pathological-images/LATEST/images/tiopronin/Liver/45811.svs,45811.svs,0,normal,466,4,3,tiopronin,tiopronin,,0,mg/kg,24 hr,Single,Gavage,Rat,6,Liver,,,
/mnt/e/spass/open-tggates-pathological-images/LATEST/images/3-methylcholanthrene/Liver/66797.svs,66797.svs,0,normal,708,14,5,3-methylcholanthrene,3-methylcholanthrene,,100,mg/kg,6 hr,Single,Gavage,Rat,6,Liver,,,
/mnt/e/spass/open-tggates-pathological-images/LATEST/images/chlorpropamide/Liver/20590.svs,20590.svs,0,normal,435,10,2,chlorpropamide,chlorpropamide,,100,mg/kg,6 hr,Single,Gavage,Rat,6,Liver,,,
/mnt/e/spass/open-tggates-pathological-images/LATEST/images/mexiletine/Liver/53883.svs,53883.svs,0,normal,465,14,3,mexiletine,mexiletine,,400,mg/kg,8 day,Repeat,Gavage,Rat,6,Liver,,,
/mnt/e/spass/open-tggates-pathological-images/LATEST/images/phenylbutazone/Liver/26248.svs,26248.svs,0,normal,96,12,5,phenylbutazone,phenylbutazone,,60,mg/kg,24 hr,Single,Gavage,Rat,6,Liver,,,
/mnt/e/spass/open-tggates-pathological-images/LATEST/images/hydroxyzine/Liver/19355.svs,19355.svs,0,normal,369,12,3,hydroxyzine,hydroxyzine,,30,mg/kg,24 hr,Single,Gavage,Rat,6,Liver,,,
/mnt/e/spass/open-tggates-pathological-images/LATEST/images/nimesulide/Liver/47151.svs,47151.svs,0,normal,586,10,1,nimesulide,nimesulide,,100,mg/kg,6 hr,Single,Gavage,Rat,6,Liver,,,
/mnt/e/spass/open-tggates-pathological-images/LATEST/images/perhexiline/Liver/11249.svs,11249.svs,0,normal,226,4,4,perhexiline,perhexiline,,0,mg/kg,24 hr,Single,Gavage,Rat,6,Liver,,,
/mnt/e/spass/open-tggates-pathological-images/LATEST/images/erythromycin_ethylsuccinate/Liver/35228.svs,35228.svs,0,normal,389,1,1,erythromycin ethylsuccinate,erythromycin_ethylsuccinate,,0,mg/kg,4 day,Repeat,Gavage,Rat,6,Liver,,,
/mnt/e/spass/open-tggates-pathological-images/LATEST/images/amitriptyline/Liver/19013.svs,19013.svs,0,normal,367,6,5,amitriptyline,amitriptyline,,15,mg/kg,6 hr,Single,Gavage,Rat,6,Liver,,,
/mnt/e/spass/open-tggates-pathological-images/LATEST/images/etoposide/Liver/45366.svs,45366.svs,0,normal,554,14,5,etoposide,etoposide,,1000,mg/kg,6 hr,Single,Gavage,Rat,6,Liver,,,
/mnt/e/spass/open-tggates-pathological-images/LATEST/images/amphotericin_B/Liver/64634.svs,64634.svs,0,normal,690,5,5,amphotericin B,amphotericin_B,,1,mg/kg,3 hr,Single,intravenous injection,Rat,6,Liver,,,
/mnt/e/spass/open-tggates-pathological-images/LATEST/images/isoniazid/Liver/2414.svs,2414.svs,0,normal,60,16,1,isoniazid,isoniazid,,100,mg/kg,3 hr,Single,Gavage,Rat,6,Liver,,,
/mnt/e/spass/open-tggates-pathological-images/LATEST/images/clomipramine/Liver/42672.svs,42672.svs,0,normal,526,14,4,clomipramine,clomipramine,,100,mg/kg,6 hr,Single,Gavage,Rat,6,Liver,,,
/mnt/e/spass/open-tggates-pathological-images/LATEST/images/tetracycline/Liver/11382.svs,11382.svs,0,normal,309,9,1,tetracycline,tetracycline,,300,mg/kg,4 day,Repeat,Gavage,Rat,6,Liver,,,
/mnt/e/spass/open-tggates-pathological-images/LATEST/images/LPS/Liver/69918.svs,69918.svs,0,normal,663,6,1,LPS,LPS,,10,꺤g/kg,6 hr,Single,intraperitoneal injection,Rat,6,Liver,,,
/mnt/e/spass/open-tggates-pathological-images/LATEST/images/propylthiouracil/Liver/7926.svs,7926.svs,0,normal,201,8,2,propylthiouracil,propylthiouracil,,10,mg/kg,29 day,Repeat,Gavage,Rat,6,Liver,,,
/mnt/e/spass/open-tggates-pathological-images/LATEST/images/imatinib%2C_methanesulfonate_salt/Liver/66970.svs,66970.svs,0,normal,742,2,5,"imatinib, methanesulfonate salt",imatinib%2C_methanesulfonate_salt,,0,mg/kg,6 hr,Single,Gavage,Rat,6,Liver,,,
/mnt/e/spass/open-tggates-pathological-images/LATEST/images/etoposide/Liver/45543.svs,45543.svs,0,normal,555,5,3,etoposide,etoposide,,3,mg/kg,4 day,Repeat,Gavage,Rat,6,Liver,,,
/mnt/e/spass/open-tggates-pathological-images/LATEST/images/methylene_dianiline/Liver/63388.svs,63388.svs,0,normal,685,4,3,methylene dianiline,methylene_dianiline,,0,mg/kg,24 hr,Single,Gavage,Rat,6,Liver,,,
/mnt/e/spass/open-tggates-pathological-images/LATEST/images/ketoconazole/Liver/32572.svs,32572.svs,0,normal,230,15,2,ketoconazole,ketoconazole,,100,mg/kg,9 hr,Single,Gavage,Rat,6,Liver,,,
/mnt/e/spass/open-tggates-pathological-images/LATEST/images/haloperidol/Liver/9058.svs,9058.svs,0,normal,247,13,1,haloperidol,haloperidol,,30,mg/kg,3 hr,Single,Gavage,Rat,6,Liver,,,
/mnt/e/spass/open-tggates-pathological-images/LATEST/images/gefitinib/Liver/66939.svs,66939.svs,0,normal,745,6,3,gefitinib,gefitinib,,200,mg/kg,6 hr,Single,Gavage,Rat,6,Liver,,,
/mnt/e/spass/open-tggates-pathological-images/LATEST/images/rotenone/Liver/62822.svs,62822.svs,0,normal,670,9,4,rotenone,rotenone,,15,mg/kg,4 day,Repeat,Gavage,Rat,6,Liver,,,
/mnt/e/spass/open-tggates-pathological-images/LATEST/images/chlormadinone/Liver/49889.svs,49889.svs,0,normal,543,14,3,chlormadinone,chlormadinone,,1000,mg/kg,8 day,Repeat,Gavage,Rat,6,Liver,,,
/mnt/e/spass/open-tggates-pathological-images/LATEST/images/phenacetin/Liver/48865.svs,48865.svs,0,normal,594,2,5,phenacetin,phenacetin,,0,mg/kg,8 day,Repeat,Gavage,Rat,6,Liver,,,
/mnt/e/spass/open-tggates-pathological-images/LATEST/images/caffeine/Liver/36671.svs,36671.svs,0,normal,430,5,4,caffeine,caffeine,,10,mg/kg,4 day,Repeat,Gavage,Rat,6,Liver,,,
/mnt/e/spass/open-tggates-pathological-images/LATEST/images/tetracycline/Liver/11459.svs,11459.svs,0,normal,309,14,5,tetracycline,tetracycline,,1000,mg/kg,8 day,Repeat,Gavage,Rat,6,Liver,,,
/mnt/e/spass/open-tggates-pathological-images/LATEST/images/nitrofurantoin/Liver/69944.svs,69944.svs,0,normal,655,5,3,nitrofurantoin,nitrofurantoin,,100,mg/kg,3 hr,Single,Gavage,Rat,6,Liver,,,
/mnt/e/spass/open-tggates-pathological-images/LATEST/images/disopyramide/Liver/38092.svs,38092.svs,0,normal,462,12,1,disopyramide,disopyramide,,120,mg/kg,24 hr,Single,Gavage,Rat,6,Liver,,,
/mnt/e/spass/open-tggates-pathological-images/LATEST/images/tannic_acid/Liver/24212.svs,24212.svs,0,normal,419,4,1,tannic acid,tannic_acid,,0,mg/kg,29 day,Repeat,Gavage,Rat,6,Liver,,,
/mnt/e/spass/open-tggates-pathological-images/LATEST/images/phenacetin/Liver/48485.svs,48485.svs,0,normal,593,4,5,phenacetin,phenacetin,,0,mg/kg,24 hr,Single,Gavage,Rat,6,Liver,,,
/mnt/e/spass/open-tggates-pathological-images/LATEST/images/thioacetamide/Liver/27615.svs,27615.svs,0,normal,116,9,5,thioacetamide,thioacetamide,,15,mg/kg,3 hr,Single,Gavage,Rat,6,Liver,,,
/mnt/e/spass/open-tggates-pathological-images/LATEST/images/flutamide/Liver/11836.svs,11836.svs,0,normal,292,7,4,flutamide,flutamide,,15,mg/kg,15 day,Repeat,Gavage,Rat,6,Liver,,,
/mnt/e/spass/open-tggates-pathological-images/LATEST/images/imatinib%2C_methanesulfonate_salt/Liver/67041.svs,67041.svs,0,normal,742,5,4,"imatinib, methanesulfonate salt",imatinib%2C_methanesulfonate_salt,,60,mg/kg,3 hr,Single,Gavage,Rat,6,Liver,,,
/mnt/e/spass/open-tggates-pathological-images/LATEST/images/simvastatin/Liver/42145.svs,42145.svs,0,normal,515,11,4,simvastatin,simvastatin,,120,mg/kg,9 hr,Single,Gavage,Rat,6,Liver,,,
/mnt/e/spass/open-tggates-pathological-images/LATEST/images/disopyramide/Liver/38215.svs,38215.svs,0,normal,462,16,3,disopyramide,disopyramide,,400,mg/kg,24 hr,Single,Gavage,Rat,6,Liver,,,
/mnt/e/spass/open-tggates-pathological-images/LATEST/images/cimetidine/Liver/31067.svs,31067.svs,0,normal,214,13,5,cimetidine,cimetidine,,1000,mg/kg,4 day,Repeat,Gavage,Rat,6,Liver,,,
/mnt/e/spass/open-tggates-pathological-images/LATEST/images/phenobarbital/Liver/60775.svs,60775.svs,0,normal,624,2,2,phenobarbital,phenobarbital,,0,mg/kg,6 hr,Single,Gavage,Rat,6,Liver,,,
/mnt/e/spass/open-tggates-pathological-images/LATEST/images/papaverine/Liver/37459.svs,37459.svs,0,normal,432,5,2,papaverine,papaverine,,40,mg/kg,4 day,Repeat,Gavage,Rat,6,Liver,,,
/mnt/e/spass/open-tggates-pathological-images/LATEST/images/ajmaline/Liver/42779.svs,42779.svs,0,normal,517,3,5,ajmaline,ajmaline,,0,mg/kg,9 hr,Single,Gavage,Rat,6,Liver,,,
/mnt/e/spass/open-tggates-pathological-images/LATEST/images/amiodarone/Liver/30453.svs,30453.svs,0,normal,209,11,5,amiodarone,amiodarone,,60,mg/kg,15 day,Repeat,Gavage,Rat,6,Liver,,,
/mnt/e/spass/open-tggates-pathological-images/LATEST/images/pemoline/Liver/13110.svs,13110.svs,0,normal,261,14,4,pemoline,pemoline,,75,mg/kg,6 hr,Single,Gavage,Rat,6,Liver,,,
/mnt/e/spass/open-tggates-pathological-images/LATEST/images/tamoxifen/Liver/33263.svs,33263.svs,0,normal,297,3,5,tamoxifen,tamoxifen,,0,mg/kg,15 day,Repeat,Gavage,Rat,6,Liver,,,
/mnt/e/spass/open-tggates-pathological-images/LATEST/images/dexamethasone/Liver/62918.svs,62918.svs,0,normal,664,3,3,dexamethasone,dexamethasone,,0,mg/kg,9 hr,Single,Gavage,Rat,6,Liver,,,
/mnt/e/spass/open-tggates-pathological-images/LATEST/images/sulfasalazine/Liver/30728.svs,30728.svs,0,normal,211,2,2,sulfasalazine,sulfasalazine,,0,mg/kg,8 day,Repeat,Gavage,Rat,6,Liver,,,
/mnt/e/spass/open-tggates-pathological-images/LATEST/images/indomethacin/Liver/61817.svs,61817.svs,0,normal,631,14,4,indomethacin,indomethacin,,50,mg/kg,6 hr,Single,Gavage,Rat,6,Liver,,,
/mnt/e/spass/open-tggates-pathological-images/LATEST/images/carboplatin/Liver/51701.svs,51701.svs,0,normal,576,6,1,carboplatin,carboplatin,,10,mg/kg,6 hr,Single,intravenous injection,Rat,6,Liver,,,
/mnt/e/spass/open-tggates-pathological-images/LATEST/images/captopril/Liver/24706.svs,24706.svs,0,normal,420,11,4,captopril,captopril,,300,mg/kg,9 hr,Single,Gavage,Rat,6,Liver,,,
/mnt/e/spass/open-tggates-pathological-images/LATEST/images/butylated_hydroxyanisole/Liver/64485.svs,64485.svs,0,normal,688,7,3,butylated hydroxyanisole,butylated_hydroxyanisole,,300,mg/kg,15 day,Repeat,Gavage,Rat,6,Liver,,,
/mnt/e/spass/open-tggates-pathological-images/LATEST/images/isoniazid/Liver/2630.svs,2630.svs,0,normal,61,8,5,isoniazid,isoniazid,,10,mg/kg,29 day,Repeat,Gavage,Rat,6,Liver,,,
/mnt/e/spass/open-tggates-pathological-images/LATEST/images/trimethadione/Liver/43505.svs,43505.svs,0,normal,529,6,3,trimethadione,trimethadione,,50,mg/kg,8 day,Repeat,Gavage,Rat,6,Liver,,,
/mnt/e/spass/open-tggates-pathological-images/LATEST/images/hydroxyzine/Liver/19614.svs,19614.svs,0,normal,370,4,2,hydroxyzine,hydroxyzine,,0,mg/kg,29 day,Repeat,Gavage,Rat,6,Liver,,,
/mnt/e/spass/open-tggates-pathological-images/LATEST/images/colchicine/Liver/41365.svs,41365.svs,0,normal,501,3,2,colchicine,colchicine,,0,mg/kg,9 hr,Single,Gavage,Rat,6,Liver,,,
/mnt/e/spass/open-tggates-pathological-images/LATEST/images/quinidine/Liver/35071.svs,35071.svs,0,normal,350,10,3,quinidine,quinidine,,60,mg/kg,8 day,Repeat,Gavage,Rat,6,Liver,,,
/mnt/e/spass/open-tggates-pathological-images/LATEST/images/2%2C4-dinitrophenol/Liver/62899.svs,62899.svs,0,normal,672,1,5,"2,4-dinitrophenol",2%2C4-dinitrophenol,,0,mg/kg,3 hr,Single,Gavage,Rat,6,Liver,,,
/mnt/e/spass/open-tggates-pathological-images/LATEST/images/terbinafine/Liver/43855.svs,43855.svs,0,normal,533,3,2,terbinafine,terbinafine,,0,mg/kg,9 hr,Single,Gavage,Rat,6,Liver,,,
/mnt/e/spass/open-tggates-pathological-images/LATEST/images/allopurinol/Liver/29246.svs,29246.svs,0,normal,199,4,2,allopurinol,allopurinol,,0,mg/kg,29 day,Repeat,Gavage,Rat,6,Liver,,,
/mnt/e/spass/open-tggates-pathological-images/LATEST/images/disopyramide/Liver/38608.svs,38608.svs,0,normal,463,13,5,disopyramide,disopyramide,,400,mg/kg,4 day,Repeat,Gavage,Rat,6,Liver,,,
/mnt/e/spass/open-tggates-pathological-images/LATEST/images/sulfasalazine/Liver/30779.svs,30779.svs,0,normal,211,3,5,sulfasalazine,sulfasalazine,,0,mg/kg,15 day,Repeat,Gavage,Rat,6,Liver,,,
/mnt/e/spass/open-tggates-pathological-images/LATEST/images/coumarin/Liver/28940.svs,28940.svs,0,normal,197,4,4,coumarin,coumarin,,0,mg/kg,29 day,Repeat,Gavage,Rat,6,Liver,,,
/mnt/e/spass/open-tggates-pathological-images/LATEST/images/famotidine/Liver/22738.svs,22738.svs,0,normal,380,5,2,famotidine,famotidine,,100,mg/kg,4 day,Repeat,Gavage,Rat,6,Liver,,,
/mnt/e/spass/open-tggates-pathological-images/LATEST/images/nicotinic_acid/Liver/22622.svs,22622.svs,0,normal,387,1,1,nicotinic acid,nicotinic_acid,,0,mg/kg,4 day,Repeat,Gavage,Rat,6,Liver,,,
/mnt/e/spass/open-tggates-pathological-images/LATEST/images/nitrofurazone/Liver/16129.svs,16129.svs,0,normal,325,10,4,nitrofurazone,nitrofurazone,,100,mg/kg,6 hr,Single,Gavage,Rat,6,Liver,,,
/mnt/e/spass/open-tggates-pathological-images/LATEST/images/cyclophosphamide/Liver/31577.svs,31577.svs,0,normal,172,9,5,cyclophosphamide,cyclophosphamide,,5,mg/kg,4 day,Repeat,Gavage,Rat,6,Liver,,,
/mnt/e/spass/open-tggates-pathological-images/LATEST/images/acetaminophen/Liver/27869.svs,27869.svs,0,normal,42,2,5,acetaminophen,acetaminophen,,0,mg/kg,15 day,Repeat,Gavage,Rat,6,Liver,,,
/mnt/e/spass/open-tggates-pathological-images/LATEST/images/theophylline/Liver/57635.svs,57635.svs,0,normal,427,13,2,theophylline,theophylline,,200,mg/kg,3 hr,Single,Gavage,Rat,6,Liver,,,
/mnt/e/spass/open-tggates-pathological-images/LATEST/images/iproniazid/Liver/18487.svs,18487.svs,0,normal,318,6,4,iproniazid,iproniazid,,6,mg/kg,6 hr,Single,Gavage,Rat,6,Liver,,,
/mnt/e/spass/open-tggates-pathological-images/LATEST/images/3-methylcholanthrene/Liver/66495.svs,66495.svs,0,normal,708,3,4,3-methylcholanthrene,3-methylcholanthrene,,0,mg/kg,9 hr,Single,Gavage,Rat,6,Liver,,,
/mnt/e/spass/open-tggates-pathological-images/LATEST/images/triazolam/Liver/42354.svs,42354.svs,0,normal,525,9,2,triazolam,triazolam,,300,mg/kg,4 day,Repeat,Gavage,Rat,6,Liver,,,
/mnt/e/spass/open-tggates-pathological-images/LATEST/images/amiodarone/Liver/30466.svs,30466.svs,0,normal,209,4,1,amiodarone,amiodarone,,0,mg/kg,29 day,Repeat,Gavage,Rat,6,Liver,,,
/mnt/e/spass/open-tggates-pathological-images/LATEST/images/etoposide/Liver/45331.svs,45331.svs,0,normal,554,11,3,etoposide,etoposide,,100,mg/kg,9 hr,Single,Gavage,Rat,6,Liver,,,
/mnt/e/spass/open-tggates-pathological-images/LATEST/images/chlormadinone/Liver/49397.svs,49397.svs,0,normal,542,12,4,chlormadinone,chlormadinone,,1000,mg/kg,24 hr,Single,Gavage,Rat,6,Liver,,,
/mnt/e/spass/open-tggates-pathological-images/LATEST/images/quinidine/Liver/34849.svs,34849.svs,0,normal,350,1,1,quinidine,quinidine,,0,mg/kg,4 day,Repeat,Gavage,Rat,6,Liver,,,
/mnt/e/spass/open-tggates-pathological-images/LATEST/images/bromobenzene/Liver/30426.svs,30426.svs,0,normal,186,2,5,bromobenzene,bromobenzene,,0,mg/kg,8 day,Repeat,Gavage,Rat,6,Liver,,,
/mnt/e/spass/open-tggates-pathological-images/LATEST/images/tiopronin/Liver/45732.svs,45732.svs,0,normal,466,1,4,tiopronin,tiopronin,,0,mg/kg,3 hr,Single,Gavage,Rat,6,Liver,,,
/mnt/e/spass/open-tggates-pathological-images/LATEST/images/chlormadinone/Liver/49180.svs,49180.svs,0,normal,542,4,2,chlormadinone,chlormadinone,,0,mg/kg,24 hr,Single,Gavage,Rat,6,Liver,,,
/mnt/e/spass/open-tggates-pathological-images/LATEST/images/triamterene/Liver/40015.svs,40015.svs,0,normal,445,16,1,triamterene,triamterene,,150,mg/kg,29 day,Repeat,Gavage,Rat,6,Liver,,,
/mnt/e/spass/open-tggates-pathological-images/LATEST/images/cimetidine/Liver/8732.svs,8732.svs,0,normal,213,7,2,cimetidine,cimetidine,,100,mg/kg,9 hr,Single,Gavage,Rat,6,Liver,,,
/mnt/e/spass/open-tggates-pathological-images/LATEST/images/terbinafine/Liver/43859.svs,43859.svs,0,normal,533,3,4,terbinafine,terbinafine,,0,mg/kg,9 hr,Single,Gavage,Rat,6,Liver,,,
/mnt/e/spass/open-tggates-pathological-images/LATEST/images/isoniazid/Liver/60430.svs,60430.svs,0,normal,629,10,5,isoniazid,isoniazid,,600,mg/kg,6 hr,Single,Gavage,Rat,6,Liver,,,
/mnt/e/spass/open-tggates-pathological-images/LATEST/images/chlorpropamide/Liver/20603.svs,20603.svs,0,normal,435,11,4,chlorpropamide,chlorpropamide,,100,mg/kg,9 hr,Single,Gavage,Rat,6,Liver,,,
/mnt/e/spass/open-tggates-pathological-images/LATEST/images/thioridazine/Liver/9750.svs,9750.svs,0,normal,252,7,5,thioridazine,thioridazine,,10,mg/kg,15 day,Repeat,Gavage,Rat,6,Liver,,,
/mnt/e/spass/open-tggates-pathological-images/LATEST/images/hexachlorobenzene/Liver/6228.svs,6228.svs,0,normal,157,3,5,hexachlorobenzene,hexachlorobenzene,,0,mg/kg,15 day,Repeat,Gavage,Rat,6,Liver,,,
/mnt/e/spass/open-tggates-pathological-images/LATEST/images/acetaminophen/Liver/27213.svs,27213.svs,0,normal,40,23,1,acetaminophen,acetaminophen,,1000,mg/kg,9 hr,Single,Gavage,Rat,6,Liver,,,
/mnt/e/spass/open-tggates-pathological-images/LATEST/images/benzbromarone/Liver/5855.svs,5855.svs,0,normal,155,8,1,benzbromarone,benzbromarone,,20,mg/kg,29 day,Repeat,Gavage,Rat,6,Liver,,,
/mnt/e/spass/open-tggates-pathological-images/LATEST/images/2%2C4-dinitrophenol/Liver/62903.svs,62903.svs,0,normal,672,2,2,"2,4-dinitrophenol",2%2C4-dinitrophenol,,0,mg/kg,6 hr,Single,Gavage,Rat,6,Liver,,,
/mnt/e/spass/open-tggates-pathological-images/LATEST/images/imipramine/Liver/33917.svs,33917.svs,0,normal,366,10,4,imipramine,imipramine,,30,mg/kg,8 day,Repeat,Gavage,Rat,6,Liver,,,
/mnt/e/spass/open-tggates-pathological-images/LATEST/images/diazepam/Liver/6025.svs,6025.svs,0,normal,158,3,2,diazepam,diazepam,,0,mg/kg,9 hr,Single,Gavage,Rat,6,Liver,,,
/mnt/e/spass/open-tggates-pathological-images/LATEST/images/sulindac/Liver/38468.svs,38468.svs,0,normal,443,6,5,sulindac,sulindac,,5,mg/kg,8 day,Repeat,Gavage,Rat,6,Liver,,,
/mnt/e/spass/open-tggates-pathological-images/LATEST/images/amitriptyline/Liver/34132.svs,34132.svs,0,normal,368,4,3,amitriptyline,amitriptyline,,0,mg/kg,29 day,Repeat,Gavage,Rat,6,Liver,,,
/mnt/e/spass/open-tggates-pathological-images/LATEST/images/nitrofurantoin/Liver/29934.svs,29934.svs,0,normal,151,1,3,nitrofurantoin,nitrofurantoin,,0,mg/kg,4 day,Repeat,Gavage,Rat,6,Liver,,,
/mnt/e/spass/open-tggates-pathological-images/LATEST/images/2%2C4-dinitrophenol/Liver/63012.svs,63012.svs,0,normal,672,13,2,"2,4-dinitrophenol",2%2C4-dinitrophenol,,60,mg/kg,3 hr,Single,Gavage,Rat,6,Liver,,,
/mnt/e/spass/open-tggates-pathological-images/LATEST/images/ciprofloxacin/Liver/28057.svs,28057.svs,0,normal,312,4,4,ciprofloxacin,ciprofloxacin,,0,mg/kg,24 hr,Single,Gavage,Rat,6,Liver,,,
/mnt/e/spass/open-tggates-pathological-images/LATEST/images/hydroxyzine/Liver/19275.svs,19275.svs,0,normal,369,3,1,hydroxyzine,hydroxyzine,,0,mg/kg,9 hr,Single,Gavage,Rat,6,Liver,,,
/mnt/e/spass/open-tggates-pathological-images/LATEST/images/amitriptyline/Liver/19085.svs,19085.svs,0,normal,367,13,3,amitriptyline,amitriptyline,,150,mg/kg,3 hr,Single,Gavage,Rat,6,Liver,,,
/mnt/e/spass/open-tggates-pathological-images/LATEST/images/gentamicin/Liver/55247.svs,55247.svs,0,normal,612,13,3,gentamicin,gentamicin,,100,mg/kg,3 hr,Single,intravenous injection,Rat,6,Liver,,,
/mnt/e/spass/open-tggates-pathological-images/LATEST/images/nicotinic_acid/Liver/57782.svs,57782.svs,0,normal,386,5,2,nicotinic acid,nicotinic_acid,,100,mg/kg,3 hr,Single,Gavage,Rat,6,Liver,,,
/mnt/e/spass/open-tggates-pathological-images/LATEST/images/cephalothin/Liver/54374.svs,54374.svs,0,normal,602,16,1,cephalothin,cephalothin,,2000,mg/kg,24 hr,Single,intravenous injection,Rat,6,Liver,,,
/mnt/e/spass/open-tggates-pathological-images/LATEST/images/promethazine/Liver/48590.svs,48590.svs,0,normal,493,16,3,promethazine,promethazine,,200,mg/kg,24 hr,Single,Gavage,Rat,6,Liver,,,
/mnt/e/spass/open-tggates-pathological-images/LATEST/images/amphotericin_B/Liver/64625.svs,64625.svs,0,normal,690,5,2,amphotericin B,amphotericin_B,,1,mg/kg,3 hr,Single,intravenous injection,Rat,6,Liver,,,
/mnt/e/spass/open-tggates-pathological-images/LATEST/images/nitrofurazone/Liver/16117.svs,16117.svs,0,normal,325,9,5,nitrofurazone,nitrofurazone,,100,mg/kg,3 hr,Single,Gavage,Rat,6,Liver,,,
/mnt/e/spass/open-tggates-pathological-images/LATEST/images/vitamin_A/Liver/14181.svs,14181.svs,0,normal,281,5,3,vitamin A,vitamin_A,,10,mg/kg,3 hr,Single,Gavage,Rat,6,Liver,,,
/mnt/e/spass/open-tggates-pathological-images/LATEST/images/famotidine/Liver/20737.svs,20737.svs,0,normal,379,3,1,famotidine,famotidine,,0,mg/kg,9 hr,Single,Gavage,Rat,6,Liver,,,
/mnt/e/spass/open-tggates-pathological-images/LATEST/images/indomethacin/Liver/27329.svs,27329.svs,0,normal,113,5,1,indomethacin,indomethacin,,1,mg/kg,4 day,Repeat,Gavage,Rat,6,Liver,,,
/mnt/e/spass/open-tggates-pathological-images/LATEST/images/acetaminophen/Liver/27011.svs,27011.svs,0,normal,40,12,3,acetaminophen,acetaminophen,,300,mg/kg,6 hr,Single,Gavage,Rat,6,Liver,,,
/mnt/e/spass/open-tggates-pathological-images/LATEST/images/caffeine/Liver/36575.svs,36575.svs,0,normal,430,1,4,caffeine,caffeine,,0,mg/kg,4 day,Repeat,Gavage,Rat,6,Liver,,,
/mnt/e/spass/open-tggates-pathological-images/LATEST/images/fluoxetine_hydrochloride/Liver/63385.svs,63385.svs,0,normal,684,13,2,fluoxetine hydrochloride,fluoxetine_hydrochloride,,30,mg/kg,4 day,Repeat,Gavage,Rat,6,Liver,,,
/mnt/e/spass/open-tggates-pathological-images/LATEST/images/pemoline/Liver/13085.svs,13085.svs,0,normal,261,12,1,pemoline,pemoline,,25,mg/kg,24 hr,Single,Gavage,Rat,6,Liver,,,
/mnt/e/spass/open-tggates-pathological-images/LATEST/images/gentamicin/Liver/55178.svs,55178.svs,0,normal,612,10,4,gentamicin,gentamicin,,30,mg/kg,6 hr,Single,intravenous injection,Rat,6,Liver,,,
/mnt/e/spass/open-tggates-pathological-images/LATEST/images/carboplatin/Liver/51590.svs,51590.svs,0,normal,576,2,1,carboplatin,carboplatin,,0,mg/kg,6 hr,Single,intravenous injection,Rat,6,Liver,,,
/mnt/e/spass/open-tggates-pathological-images/LATEST/images/quinidine/Liver/35002.svs,35002.svs,0,normal,350,7,3,quinidine,quinidine,,20,mg/kg,15 day,Repeat,Gavage,Rat,6,Liver,,,
/mnt/e/spass/open-tggates-pathological-images/LATEST/images/etoposide/Liver/45670.svs,45670.svs,0,normal,555,16,5,etoposide,etoposide,,30,mg/kg,29 day,Repeat,Gavage,Rat,6,Liver,,,
/mnt/e/spass/open-tggates-pathological-images/LATEST/images/nifedipine/Liver/20903.svs,20903.svs,0,normal,410,2,1,nifedipine,nifedipine,,0,mg/kg,6 hr,Single,Gavage,Rat,6,Liver,,,
/mnt/e/spass/open-tggates-pathological-images/LATEST/images/caffeine/Liver/24703.svs,24703.svs,0,normal,429,10,2,caffeine,caffeine,,30,mg/kg,6 hr,Single,Gavage,Rat,6,Liver,,,
/mnt/e/spass/open-tggates-pathological-images/LATEST/images/ethanol/Liver/48029.svs,48029.svs,0,normal,589,6,1,ethanol,ethanol,,400,mg/kg,8 day,Repeat,Gavage,Rat,6,Liver,,,
/mnt/e/spass/open-tggates-pathological-images/LATEST/images/isoniazid/Liver/60338.svs,60338.svs,0,normal,629,1,1,isoniazid,isoniazid,,0,mg/kg,3 hr,Single,Gavage,Rat,6,Liver,,,
/mnt/e/spass/open-tggates-pathological-images/LATEST/images/diltiazem/Liver/21577.svs,21577.svs,0,normal,412,6,1,diltiazem,diltiazem,,80,mg/kg,6 hr,Single,Gavage,Rat,6,Liver,,,
/mnt/e/spass/open-tggates-pathological-images/LATEST/images/ticlopidine/Liver/53131.svs,53131.svs,0,normal,580,11,4,ticlopidine,ticlopidine,,300,mg/kg,9 hr,Single,Gavage,Rat,6,Liver,,,
/mnt/e/spass/open-tggates-pathological-images/LATEST/images/terbinafine/Liver/44107.svs,44107.svs,0,normal,534,5,1,terbinafine,terbinafine,,75,mg/kg,4 day,Repeat,Gavage,Rat,6,Liver,,,
/mnt/e/spass/open-tggates-pathological-images/LATEST/images/tolbutamide/Liver/40567.svs,40567.svs,0,normal,507,9,5,tolbutamide,tolbutamide,,300,mg/kg,4 day,Repeat,Gavage,Rat,6,Liver,,,
/mnt/e/spass/open-tggates-pathological-images/LATEST/images/disulfiram/Liver/47844.svs,47844.svs,0,normal,492,12,3,disulfiram,disulfiram,,200,mg/kg,29 day,Repeat,Gavage,Rat,6,Liver,,,
/mnt/e/spass/open-tggates-pathological-images/LATEST/images/fenofibrate/Liver/20350.svs,20350.svs,0,normal,394,14,2,fenofibrate,fenofibrate,,1000,mg/kg,6 hr,Single,Gavage,Rat,6,Liver,,,
/mnt/e/spass/open-tggates-pathological-images/LATEST/images/furosemide/Liver/34509.svs,34509.svs,0,normal,393,1,5,furosemide,furosemide,,0,mg/kg,4 day,Repeat,Gavage,Rat,6,Liver,,,
/mnt/e/spass/open-tggates-pathological-images/LATEST/images/sulpiride/Liver/40806.svs,40806.svs,0,normal,508,1,1,sulpiride,sulpiride,,0,mg/kg,3 hr,Single,Gavage,Rat,6,Liver,,,
/mnt/e/spass/open-tggates-pathological-images/LATEST/images/cyclosporine_A/Liver/53981.svs,53981.svs,0,normal,604,3,1,cyclosporine A,cyclosporine_A,,0,mg/kg,9 hr,Single,Gavage,Rat,6,Liver,,,
/mnt/e/spass/open-tggates-pathological-images/LATEST/images/moxisylyte/Liver/18327.svs,18327.svs,0,normal,317,16,4,moxisylyte,moxisylyte,,500,mg/kg,29 day,Repeat,Gavage,Rat,6,Liver,,,
/mnt/e/spass/open-tggates-pathological-images/LATEST/images/sulpiride/Liver/40945.svs,40945.svs,0,normal,508,8,2,sulpiride,sulpiride,,300,mg/kg,24 hr,Single,Gavage,Rat,6,Liver,,,
/mnt/e/spass/open-tggates-pathological-images/LATEST/images/disopyramide/Liver/38507.svs,38507.svs,0,normal,463,9,4,disopyramide,disopyramide,,120,mg/kg,4 day,Repeat,Gavage,Rat,6,Liver,,,
/mnt/e/spass/open-tggates-pathological-images/LATEST/images/hydroxyzine/Liver/19341.svs,19341.svs,0,normal,369,10,4,hydroxyzine,hydroxyzine,,30,mg/kg,6 hr,Single,Gavage,Rat,6,Liver,,,
/mnt/e/spass/open-tggates-pathological-images/LATEST/images/promethazine/Liver/48829.svs,48829.svs,0,normal,494,9,5,promethazine,promethazine,,60,mg/kg,4 day,Repeat,Gavage,Rat,6,Liver,,,
/mnt/e/spass/open-tggates-pathological-images/LATEST/images/acetaminophen/Liver/68865.svs,68865.svs,0,normal,707,4,2,acetaminophen,acetaminophen,,0,mg/kg,29 day,Repeat,Gavage,Rat,12,Liver,,,
/mnt/e/spass/open-tggates-pathological-images/LATEST/images/furosemide/Liver/34632.svs,34632.svs,0,normal,393,10,2,furosemide,furosemide,,100,mg/kg,8 day,Repeat,Gavage,Rat,6,Liver,,,
/mnt/e/spass/open-tggates-pathological-images/LATEST/images/fluphenazine/Liver/9059.svs,9059.svs,0,normal,273,5,3,fluphenazine,fluphenazine,,2,mg/kg,3 hr,Single,Gavage,Rat,6,Liver,,,
/mnt/e/spass/open-tggates-pathological-images/LATEST/images/chlorpromazine/Liver/61504.svs,61504.svs,0,normal,635,10,4,chlorpromazine,chlorpromazine,,150,mg/kg,6 hr,Single,Gavage,Rat,6,Liver,,,
/mnt/e/spass/open-tggates-pathological-images/LATEST/images/triamterene/Liver/39979.svs,39979.svs,0,normal,445,11,4,triamterene,triamterene,,50,mg/kg,15 day,Repeat,Gavage,Rat,6,Liver,,,
/mnt/e/spass/open-tggates-pathological-images/LATEST/images/chlormadinone/Liver/49641.svs,49641.svs,0,normal,543,5,5,chlormadinone,chlormadinone,,100,mg/kg,4 day,Repeat,Gavage,Rat,6,Liver,,,
/mnt/e/spass/open-tggates-pathological-images/LATEST/images/promethazine/Liver/48686.svs,48686.svs,0,normal,494,4,1,promethazine,promethazine,,0,mg/kg,29 day,Repeat,Gavage,Rat,6,Liver,,,
/mnt/e/spass/open-tggates-pathological-images/LATEST/images/ethinylestradiol/Liver/13717.svs,13717.svs,0,normal,304,13,3,ethinylestradiol,ethinylestradiol,,10,mg/kg,3 hr,Single,Gavage,Rat,6,Liver,,,
/mnt/e/spass/open-tggates-pathological-images/LATEST/images/ethanol/Liver/47856.svs,47856.svs,0,normal,588,14,5,ethanol,ethanol,,4000,mg/kg,6 hr,Single,Gavage,Rat,6,Liver,,,
/mnt/e/spass/open-tggates-pathological-images/LATEST/images/hexachlorobenzene/Liver/62016.svs,62016.svs,0,normal,633,1,3,hexachlorobenzene,hexachlorobenzene,,0,mg/kg,3 hr,Single,Gavage,Rat,6,Liver,,,
/mnt/e/spass/open-tggates-pathological-images/LATEST/images/isoniazid/Liver/2663.svs,2663.svs,0,normal,61,15,3,isoniazid,isoniazid,,100,mg/kg,15 day,Repeat,Gavage,Rat,6,Liver,,,
/mnt/e/spass/open-tggates-pathological-images/LATEST/images/mexiletine/Liver/53796.svs,53796.svs,0,normal,465,8,4,mexiletine,mexiletine,,40,mg/kg,29 day,Repeat,Gavage,Rat,6,Liver,,,
/mnt/e/spass/open-tggates-pathological-images/LATEST/images/papaverine/Liver/37006.svs,37006.svs,0,normal,431,2,5,papaverine,papaverine,,0,mg/kg,6 hr,Single,Gavage,Rat,6,Liver,,,
/mnt/e/spass/open-tggates-pathological-images/LATEST/images/tolbutamide/Liver/40284.svs,40284.svs,0,normal,506,11,1,tolbutamide,tolbutamide,,300,mg/kg,9 hr,Single,Gavage,Rat,6,Liver,,,
/mnt/e/spass/open-tggates-pathological-images/LATEST/images/tunicamycin/Liver/59129.svs,59129.svs,0,normal,455,13,3,tunicamycin,tunicamycin,,300,꺤g/kg,3 hr,Single,intraperitoneal injection,Rat,6,Liver,,,
/mnt/e/spass/open-tggates-pathological-images/LATEST/images/chlorpromazine/Liver/28721.svs,28721.svs,0,normal,115,13,1,chlorpromazine,chlorpromazine,,45,mg/kg,4 day,Repeat,Gavage,Rat,6,Liver,,,
/mnt/e/spass/open-tggates-pathological-images/LATEST/images/chloramphenicol/Liver/15488.svs,15488.svs,0,normal,323,8,4,chloramphenicol,chloramphenicol,,100,mg/kg,24 hr,Single,Gavage,Rat,6,Liver,,,
/mnt/e/spass/open-tggates-pathological-images/LATEST/images/disopyramide/Liver/38469.svs,38469.svs,0,normal,463,8,1,disopyramide,disopyramide,,40,mg/kg,29 day,Repeat,Gavage,Rat,6,Liver,,,
/mnt/e/spass/open-tggates-pathological-images/LATEST/images/diclofenac/Liver/61793.svs,61793.svs,0,normal,632,3,4,diclofenac,diclofenac,,0,mg/kg,9 hr,Single,Gavage,Rat,6,Liver,,,
/mnt/e/spass/open-tggates-pathological-images/LATEST/images/ethambutol/Liver/36219.svs,36219.svs,0,normal,391,7,4,ethambutol,ethambutol,,100,mg/kg,15 day,Repeat,Gavage,Rat,6,Liver,,,
/mnt/e/spass/open-tggates-pathological-images/LATEST/images/naphthyl_isothiocyanate/Liver/25234.svs,25234.svs,0,normal,101,1,3,naphthyl isothiocyanate,naphthyl_isothiocyanate,,0,mg/kg,4 day,Repeat,Gavage,Rat,6,Liver,,,
/mnt/e/spass/open-tggates-pathological-images/LATEST/images/hydroxyzine/Liver/19288.svs,19288.svs,0,normal,369,4,3,hydroxyzine,hydroxyzine,,0,mg/kg,24 hr,Single,Gavage,Rat,6,Liver,,,
/mnt/e/spass/open-tggates-pathological-images/LATEST/images/cisplatin/Liver/70746.svs,70746.svs,0,normal,575,12,1,cisplatin,cisplatin,,0,mg/kg,29 day,Repeat,intravenous injection,Rat,6,Liver,,,
/mnt/e/spass/open-tggates-pathological-images/LATEST/images/enalapril/Liver/35634.svs,35634.svs,0,normal,423,11,3,enalapril,enalapril,,200,mg/kg,15 day,Repeat,Gavage,Rat,6,Liver,,,
/mnt/e/spass/open-tggates-pathological-images/LATEST/images/iproniazid/Liver/34374.svs,34374.svs,0,normal,319,12,2,iproniazid,iproniazid,,20,mg/kg,29 day,Repeat,Gavage,Rat,6,Liver,,,
/mnt/e/spass/open-tggates-pathological-images/LATEST/images/ethionine/Liver/4782.svs,4782.svs,0,normal,125,8,4,ethionine,ethionine,,25,mg/kg,24 hr,Single,Gavage,Rat,6,Liver,,,
/mnt/e/spass/open-tggates-pathological-images/LATEST/images/nitrosodiethylamine/Liver/52784.svs,52784.svs,0,normal,571,7,3,nitrosodiethylamine,nitrosodiethylamine,,3,mg/kg,15 day,Repeat,Gavage,Rat,6,Liver,,,
/mnt/e/spass/open-tggates-pathological-images/LATEST/images/tiopronin/Liver/46528.svs,46528.svs,0,normal,467,13,2,tiopronin,tiopronin,,1000,mg/kg,4 day,Repeat,Gavage,Rat,6,Liver,,,
/mnt/e/spass/open-tggates-pathological-images/LATEST/images/thioridazine/Liver/9883.svs,9883.svs,0,normal,252,16,3,thioridazine,thioridazine,,100,mg/kg,29 day,Repeat,Gavage,Rat,6,Liver,,,
/mnt/e/spass/open-tggates-pathological-images/LATEST/images/cisplatin/Liver/51079.svs,51079.svs,0,normal,574,6,4,cisplatin,cisplatin,,0,mg/kg,6 hr,Single,intravenous injection,Rat,6,Liver,,,
/mnt/e/spass/open-tggates-pathological-images/LATEST/images/methyltestosterone/Liver/31113.svs,31113.svs,0,normal,242,14,2,methyltestosterone,methyltestosterone,,300,mg/kg,8 day,Repeat,Gavage,Rat,6,Liver,,,
/mnt/e/spass/open-tggates-pathological-images/LATEST/images/sulfasalazine/Liver/8382.svs,8382.svs,0,normal,210,7,2,sulfasalazine,sulfasalazine,,100,mg/kg,9 hr,Single,Gavage,Rat,6,Liver,,,
/mnt/e/spass/open-tggates-pathological-images/LATEST/images/famotidine/Liver/20639.svs,20639.svs,0,normal,379,1,1,famotidine,famotidine,,0,mg/kg,3 hr,Single,Gavage,Rat,6,Liver,,,
/mnt/e/spass/open-tggates-pathological-images/LATEST/images/azathioprine/Liver/12239.svs,12239.svs,0,normal,228,8,4,azathioprine,azathioprine,,3,mg/kg,24 hr,Single,Gavage,Rat,6,Liver,,,
/mnt/e/spass/open-tggates-pathological-images/LATEST/images/diazepam/Liver/6528.svs,6528.svs,0,normal,159,12,1,diazepam,diazepam,,75,mg/kg,29 day,Repeat,Gavage,Rat,6,Liver,,,
/mnt/e/spass/open-tggates-pathological-images/LATEST/images/2%2C4-dinitrophenol/Liver/63044.svs,63044.svs,0,normal,672,16,4,"2,4-dinitrophenol",2%2C4-dinitrophenol,,60,mg/kg,24 hr,Single,Gavage,Rat,6,Liver,,,
/mnt/e/spass/open-tggates-pathological-images/LATEST/images/lornoxicam/Liver/45045.svs,45045.svs,0,normal,537,9,1,lornoxicam,lornoxicam,,3,mg/kg,3 hr,Single,Gavage,Rat,6,Liver,,,
/mnt/e/spass/open-tggates-pathological-images/LATEST/images/dantrolene/Liver/43439.svs,43439.svs,0,normal,519,2,2,dantrolene,dantrolene,,0,mg/kg,6 hr,Single,Gavage,Rat,6,Liver,,,
/mnt/e/spass/open-tggates-pathological-images/LATEST/images/trimethadione/Liver/43539.svs,43539.svs,0,normal,529,9,5,trimethadione,trimethadione,,150,mg/kg,4 day,Repeat,Gavage,Rat,6,Liver,,,
/mnt/e/spass/open-tggates-pathological-images/LATEST/images/sulfasalazine/Liver/30738.svs,30738.svs,0,normal,211,6,2,sulfasalazine,sulfasalazine,,100,mg/kg,8 day,Repeat,Gavage,Rat,6,Liver,,,
/mnt/e/spass/open-tggates-pathological-images/LATEST/images/chlorpropamide/Liver/35355.svs,35355.svs,0,normal,436,8,3,chlorpropamide,chlorpropamide,,30,mg/kg,29 day,Repeat,Gavage,Rat,6,Liver,,,
/mnt/e/spass/open-tggates-pathological-images/LATEST/images/nicotinic_acid/Liver/22816.svs,22816.svs,0,normal,387,4,5,nicotinic acid,nicotinic_acid,,0,mg/kg,29 day,Repeat,Gavage,Rat,6,Liver,,,
/mnt/e/spass/open-tggates-pathological-images/LATEST/images/triamterene/Liver/39946.svs,39946.svs,0,normal,445,8,3,triamterene,triamterene,,15,mg/kg,29 day,Repeat,Gavage,Rat,6,Liver,,,
/mnt/e/spass/open-tggates-pathological-images/LATEST/images/hydroxyzine/Liver/19690.svs,19690.svs,0,normal,370,9,3,hydroxyzine,hydroxyzine,,30,mg/kg,4 day,Repeat,Gavage,Rat,6,Liver,,,
/mnt/e/spass/open-tggates-pathological-images/LATEST/images/erythromycin_ethylsuccinate/Liver/23768.svs,23768.svs,0,normal,388,14,1,erythromycin ethylsuccinate,erythromycin_ethylsuccinate,,1000,mg/kg,6 hr,Single,Gavage,Rat,6,Liver,,,
/mnt/e/spass/open-tggates-pathological-images/LATEST/images/diclofenac/Liver/61814.svs,61814.svs,0,normal,632,11,4,diclofenac,diclofenac,,30,mg/kg,9 hr,Single,Gavage,Rat,6,Liver,,,
/mnt/e/spass/open-tggates-pathological-images/LATEST/images/promethazine/Liver/48676.svs,48676.svs,0,normal,494,3,4,promethazine,promethazine,,0,mg/kg,15 day,Repeat,Gavage,Rat,6,Liver,,,
/mnt/e/spass/open-tggates-pathological-images/LATEST/images/dantrolene/Liver/43434.svs,43434.svs,0,normal,519,1,5,dantrolene,dantrolene,,0,mg/kg,3 hr,Single,Gavage,Rat,6,Liver,,,
/mnt/e/spass/open-tggates-pathological-images/LATEST/images/tetracycline/Liver/11300.svs,11300.svs,0,normal,309,4,1,tetracycline,tetracycline,,0,mg/kg,29 day,Repeat,Gavage,Rat,6,Liver,,,
/mnt/e/spass/open-tggates-pathological-images/LATEST/images/allyl_alcohol/Liver/25600.svs,25600.svs,0,normal,103,5,5,allyl alcohol,allyl_alcohol,,3,mg/kg,4 day,Repeat,Gavage,Rat,6,Liver,,,
/mnt/e/spass/open-tggates-pathological-images/LATEST/images/lornoxicam/Liver/45510.svs,45510.svs,0,normal,538,4,3,lornoxicam,lornoxicam,,0,mg/kg,29 day,Repeat,Gavage,Rat,6,Liver,,,
/mnt/e/spass/open-tggates-pathological-images/LATEST/images/lornoxicam/Liver/45147.svs,45147.svs,0,normal,537,15,2,lornoxicam,lornoxicam,,10,mg/kg,9 hr,Single,Gavage,Rat,6,Liver,,,
/mnt/e/spass/open-tggates-pathological-images/LATEST/images/sulpiride/Liver/40902.svs,40902.svs,0,normal,508,6,1,sulpiride,sulpiride,,300,mg/kg,6 hr,Single,Gavage,Rat,6,Liver,,,
/mnt/e/spass/open-tggates-pathological-images/LATEST/images/haloperidol/Liver/9412.svs,9412.svs,0,normal,248,14,2,haloperidol,haloperidol,,30,mg/kg,8 day,Repeat,Gavage,Rat,6,Liver,,,
/mnt/e/spass/open-tggates-pathological-images/LATEST/images/methyldopa/Liver/14061.svs,14061.svs,0,normal,306,14,3,methyldopa,methyldopa,,600,mg/kg,6 hr,Single,Gavage,Rat,6,Liver,,,
/mnt/e/spass/open-tggates-pathological-images/LATEST/images/buthionine_sulfoximine/Liver/60096.svs,60096.svs,0,normal,457,8,5,buthionine sulfoximine,buthionine_sulfoximine,,150,mg/kg,24 hr,Single,intraperitoneal injection,Rat,6,Liver,,,
/mnt/e/spass/open-tggates-pathological-images/LATEST/images/glibenclamide/Liver/10514.svs,10514.svs,0,normal,235,9,5,glibenclamide,glibenclamide,,300,mg/kg,4 day,Repeat,Gavage,Rat,6,Liver,,,
/mnt/e/spass/open-tggates-pathological-images/LATEST/images/vitamin_A/Liver/14423.svs,14423.svs,0,normal,281,14,2,vitamin A,vitamin_A,,100,mg/kg,6 hr,Single,Gavage,Rat,6,Liver,,,
/mnt/e/spass/open-tggates-pathological-images/LATEST/images/simvastatin/Liver/42164.svs,42164.svs,0,normal,515,13,2,simvastatin,simvastatin,,400,mg/kg,3 hr,Single,Gavage,Rat,6,Liver,,,
/mnt/e/spass/open-tggates-pathological-images/LATEST/images/amphotericin_B/Liver/65011.svs,65011.svs,0,normal,691,7,4,amphotericin B,amphotericin_B,,0,mg/kg,15 day,Repeat,intravenous injection,Rat,6,Liver,,,
/mnt/e/spass/open-tggates-pathological-images/LATEST/images/nicotinic_acid/Liver/70600.svs,70600.svs,0,normal,387,7,4,nicotinic acid,nicotinic_acid,,100,mg/kg,15 day,Repeat,Gavage,Rat,6,Liver,,,
/mnt/e/spass/open-tggates-pathological-images/LATEST/images/thioacetamide/Liver/27620.svs,27620.svs,0,normal,116,10,2,thioacetamide,thioacetamide,,15,mg/kg,6 hr,Single,Gavage,Rat,6,Liver,,,
/mnt/e/spass/open-tggates-pathological-images/LATEST/images/tamoxifen/Liver/33355.svs,33355.svs,0,normal,297,12,3,tamoxifen,tamoxifen,,20,mg/kg,29 day,Repeat,Gavage,Rat,6,Liver,,,
/mnt/e/spass/open-tggates-pathological-images/LATEST/images/propranolol/Liver/65784.svs,65784.svs,0,normal,718,2,1,propranolol,propranolol,,0,mg/kg,6 hr,Single,Gavage,Rat,6,Liver,,,
/mnt/e/spass/open-tggates-pathological-images/LATEST/images/tiopronin/Liver/46293.svs,46293.svs,0,normal,467,5,1,tiopronin,tiopronin,,100,mg/kg,4 day,Repeat,Gavage,Rat,6,Liver,,,
/mnt/e/spass/open-tggates-pathological-images/LATEST/images/WY-14643/Liver/8346.svs,8346.svs,0,normal,181,9,4,WY-14643,WY-14643,,30,mg/kg,3 hr,Single,Gavage,Rat,6,Liver,,,
/mnt/e/spass/open-tggates-pathological-images/LATEST/images/mefenamic_acid/Liver/20084.svs,20084.svs,0,normal,377,12,4,mefenamic acid,mefenamic_acid,,100,mg/kg,24 hr,Single,Gavage,Rat,6,Liver,,,
/mnt/e/spass/open-tggates-pathological-images/LATEST/images/acetaminophen/Liver/26774.svs,26774.svs,0,normal,40,1,4,acetaminophen,acetaminophen,,0,mg/kg,3 hr,Single,Gavage,Rat,6,Liver,,,
/mnt/e/spass/open-tggates-pathological-images/LATEST/images/desmopressin_acetate/Liver/63947.svs,63947.svs,0,normal,693,5,3,desmopressin acetate,desmopressin_acetate,,2,꺤g/kg,4 day,Repeat,subcutaneous injection,Rat,6,Liver,,,
/mnt/e/spass/open-tggates-pathological-images/LATEST/images/benziodarone/Liver/44833.svs,44833.svs,0,normal,552,9,5,benziodarone,benziodarone,,100,mg/kg,3 hr,Single,Gavage,Rat,6,Liver,,,
/mnt/e/spass/open-tggates-pathological-images/LATEST/images/ciprofloxacin/Liver/47492.svs,47492.svs,0,normal,312,7,1,ciprofloxacin,ciprofloxacin,,100,mg/kg,9 hr,Single,Gavage,Rat,6,Liver,,,
/mnt/e/spass/open-tggates-pathological-images/LATEST/images/triazolam/Liver/42097.svs,42097.svs,0,normal,524,13,4,triazolam,triazolam,,1000,mg/kg,3 hr,Single,Gavage,Rat,6,Liver,,,
/mnt/e/spass/open-tggates-pathological-images/LATEST/images/methyltestosterone/Liver/31117.svs,31117.svs,0,normal,242,14,5,methyltestosterone,methyltestosterone,,300,mg/kg,8 day,Repeat,Gavage,Rat,6,Liver,,,
/mnt/e/spass/open-tggates-pathological-images/LATEST/images/azathioprine/Liver/12383.svs,12383.svs,0,normal,228,13,5,azathioprine,azathioprine,,30,mg/kg,3 hr,Single,Gavage,Rat,6,Liver,,,
/mnt/e/spass/open-tggates-pathological-images/LATEST/images/indomethacin/Liver/61757.svs,61757.svs,0,normal,631,5,3,indomethacin,indomethacin,,5,mg/kg,3 hr,Single,Gavage,Rat,6,Liver,,,
/mnt/e/spass/open-tggates-pathological-images/LATEST/images/acetaminophen/Liver/26964.svs,26964.svs,0,normal,40,9,3,acetaminophen,acetaminophen,,50,mg/kg,24 hr,Single,Gavage,Rat,6,Liver,,,
/mnt/e/spass/open-tggates-pathological-images/LATEST/images/desmopressin_acetate/Liver/63965.svs,63965.svs,0,normal,693,7,5,desmopressin acetate,desmopressin_acetate,,2,꺤g/kg,15 day,Repeat,subcutaneous injection,Rat,6,Liver,,,
/mnt/e/spass/open-tggates-pathological-images/LATEST/images/ajmaline/Liver/43098.svs,43098.svs,0,normal,518,3,2,ajmaline,ajmaline,,0,mg/kg,15 day,Repeat,Gavage,Rat,6,Liver,,,
/mnt/e/spass/open-tggates-pathological-images/LATEST/images/chlorpropamide/Liver/20584.svs,20584.svs,0,normal,435,9,4,chlorpropamide,chlorpropamide,,100,mg/kg,3 hr,Single,Gavage,Rat,6,Liver,,,
/mnt/e/spass/open-tggates-pathological-images/LATEST/images/theophylline/Liver/57410.svs,57410.svs,0,normal,427,5,2,theophylline,theophylline,,20,mg/kg,3 hr,Single,Gavage,Rat,6,Liver,,,
/mnt/e/spass/open-tggates-pathological-images/LATEST/images/triamterene/Liver/39902.svs,39902.svs,0,normal,445,4,1,triamterene,triamterene,,0,mg/kg,29 day,Repeat,Gavage,Rat,6,Liver,,,
/mnt/e/spass/open-tggates-pathological-images/LATEST/images/chlormezanone/Liver/13114.svs,13114.svs,0,normal,303,14,1,chlormezanone,chlormezanone,,500,mg/kg,8 day,Repeat,Gavage,Rat,6,Liver,,,
/mnt/e/spass/open-tggates-pathological-images/LATEST/images/captopril/Liver/24959.svs,24959.svs,0,normal,421,3,3,captopril,captopril,,0,mg/kg,15 day,Repeat,Gavage,Rat,6,Liver,,,
/mnt/e/spass/open-tggates-pathological-images/LATEST/images/famotidine/Liver/20765.svs,20765.svs,0,normal,379,11,2,famotidine,famotidine,,300,mg/kg,9 hr,Single,Gavage,Rat,6,Liver,,,
/mnt/e/spass/open-tggates-pathological-images/LATEST/images/tannic_acid/Liver/23994.svs,23994.svs,0,normal,418,16,3,tannic acid,tannic_acid,,1000,mg/kg,24 hr,Single,Gavage,Rat,6,Liver,,,
/mnt/e/spass/open-tggates-pathological-images/LATEST/images/ranitidine/Liver/23574.svs,23574.svs,0,normal,382,3,3,ranitidine,ranitidine,,0,mg/kg,15 day,Repeat,Gavage,Rat,6,Liver,,,
/mnt/e/spass/open-tggates-pathological-images/LATEST/images/mefenamic_acid/Liver/20079.svs,20079.svs,0,normal,377,12,2,mefenamic acid,mefenamic_acid,,100,mg/kg,24 hr,Single,Gavage,Rat,6,Liver,,,
/mnt/e/spass/open-tggates-pathological-images/LATEST/images/meloxicam/Liver/44591.svs,44591.svs,0,normal,535,12,4,meloxicam,meloxicam,,30,mg/kg,24 hr,Single,Gavage,Rat,6,Liver,,,
/mnt/e/spass/open-tggates-pathological-images/LATEST/images/perhexiline/Liver/12015.svs,12015.svs,0,normal,226,14,5,perhexiline,perhexiline,,150,mg/kg,6 hr,Single,Gavage,Rat,6,Liver,,,
/mnt/e/spass/open-tggates-pathological-images/LATEST/images/naphthyl_isothiocyanate/Liver/25255.svs,25255.svs,0,normal,101,9,1,naphthyl isothiocyanate,naphthyl_isothiocyanate,,5,mg/kg,4 day,Repeat,Gavage,Rat,6,Liver,,,
/mnt/e/spass/open-tggates-pathological-images/LATEST/images/amitriptyline/Liver/34217.svs,34217.svs,0,normal,368,10,3,amitriptyline,amitriptyline,,50,mg/kg,8 day,Repeat,Gavage,Rat,6,Liver,,,
/mnt/e/spass/open-tggates-pathological-images/LATEST/images/monocrotaline/Liver/12640.svs,12640.svs,0,normal,279,3,1,monocrotaline,monocrotaline,,0,mg/kg,9 hr,Single,Gavage,Rat,6,Liver,,,
/mnt/e/spass/open-tggates-pathological-images/LATEST/images/gentamicin/Liver/54906.svs,54906.svs,0,normal,612,1,4,gentamicin,gentamicin,,0,mg/kg,3 hr,Single,intravenous injection,Rat,6,Liver,,,
/mnt/e/spass/open-tggates-pathological-images/LATEST/images/chlormezanone/Liver/32746.svs,32746.svs,0,normal,263,15,5,chlormezanone,chlormezanone,,500,mg/kg,9 hr,Single,Gavage,Rat,6,Liver,,,
/mnt/e/spass/open-tggates-pathological-images/LATEST/images/methylene_dianiline/Liver/63744.svs,63744.svs,0,normal,686,10,2,methylene dianiline,methylene_dianiline,,30,mg/kg,8 day,Repeat,Gavage,Rat,6,Liver,,,
/mnt/e/spass/open-tggates-pathological-images/LATEST/images/chlormadinone/Liver/49122.svs,49122.svs,0,normal,542,2,2,chlormadinone,chlormadinone,,0,mg/kg,6 hr,Single,Gavage,Rat,6,Liver,,,
/mnt/e/spass/open-tggates-pathological-images/LATEST/images/papaverine/Liver/37322.svs,37322.svs,0,normal,431,15,4,papaverine,papaverine,,400,mg/kg,9 hr,Single,Gavage,Rat,6,Liver,,,
/mnt/e/spass/open-tggates-pathological-images/LATEST/images/isoniazid/Liver/60499.svs,60499.svs,0,normal,629,4,3,isoniazid,isoniazid,,0,mg/kg,24 hr,Single,Gavage,Rat,6,Liver,,,
/mnt/e/spass/open-tggates-pathological-images/LATEST/images/danazol/Liver/56901.svs,56901.svs,0,normal,544,2,4,danazol,danazol,,0,mg/kg,6 hr,Single,Gavage,Rat,6,Liver,,,
/mnt/e/spass/open-tggates-pathological-images/LATEST/images/famotidine/Liver/22966.svs,22966.svs,0,normal,380,16,2,famotidine,famotidine,,1000,mg/kg,29 day,Repeat,Gavage,Rat,6,Liver,,,
/mnt/e/spass/open-tggates-pathological-images/LATEST/images/tacrine/Liver/16160.svs,16160.svs,0,normal,315,10,5,tacrine,tacrine,,10,mg/kg,8 day,Repeat,Gavage,Rat,6,Liver,,,
/mnt/e/spass/open-tggates-pathological-images/LATEST/images/tacrine/Liver/16002.svs,16002.svs,0,normal,315,7,2,tacrine,tacrine,,3,mg/kg,15 day,Repeat,Gavage,Rat,6,Liver,,,
/mnt/e/spass/open-tggates-pathological-images/LATEST/images/etoposide/Liver/45329.svs,45329.svs,0,normal,554,11,2,etoposide,etoposide,,100,mg/kg,9 hr,Single,Gavage,Rat,6,Liver,,,
/mnt/e/spass/open-tggates-pathological-images/LATEST/images/amphotericin_B/Liver/65082.svs,65082.svs,0,normal,691,8,2,amphotericin B,amphotericin_B,,0,mg/kg,29 day,Repeat,intravenous injection,Rat,6,Liver,,,
/mnt/e/spass/open-tggates-pathological-images/LATEST/images/iproniazid/Liver/34290.svs,34290.svs,0,normal,319,8,4,iproniazid,iproniazid,,6,mg/kg,29 day,Repeat,Gavage,Rat,6,Liver,,,
/mnt/e/spass/open-tggates-pathological-images/LATEST/images/erythromycin_ethylsuccinate/Liver/35258.svs,35258.svs,0,normal,389,2,2,erythromycin ethylsuccinate,erythromycin_ethylsuccinate,,0,mg/kg,8 day,Repeat,Gavage,Rat,6,Liver,,,
/mnt/e/spass/open-tggates-pathological-images/LATEST/images/tetracycline/Liver/11438.svs,11438.svs,0,normal,309,12,5,tetracycline,tetracycline,,300,mg/kg,29 day,Repeat,Gavage,Rat,6,Liver,,,
/mnt/e/spass/open-tggates-pathological-images/LATEST/images/phenacetin/Liver/48569.svs,48569.svs,0,normal,593,7,4,phenacetin,phenacetin,,300,mg/kg,9 hr,Single,Gavage,Rat,6,Liver,,,
/mnt/e/spass/open-tggates-pathological-images/LATEST/images/propylthiouracil/Liver/7857.svs,7857.svs,0,normal,200,2,3,propylthiouracil,propylthiouracil,,0,mg/kg,6 hr,Single,Gavage,Rat,6,Liver,,,
/mnt/e/spass/open-tggates-pathological-images/LATEST/images/fluphenazine/Liver/9087.svs,9087.svs,0,normal,273,8,2,fluphenazine,fluphenazine,,2,mg/kg,24 hr,Single,Gavage,Rat,6,Liver,,,
/mnt/e/spass/open-tggates-pathological-images/LATEST/images/thioridazine/Liver/9629.svs,9629.svs,0,normal,251,5,1,thioridazine,thioridazine,,10,mg/kg,3 hr,Single,Gavage,Rat,6,Liver,,,
/mnt/e/spass/open-tggates-pathological-images/LATEST/images/isoniazid/Liver/2628.svs,2628.svs,0,normal,61,8,3,isoniazid,isoniazid,,10,mg/kg,29 day,Repeat,Gavage,Rat,6,Liver,,,
/mnt/e/spass/open-tggates-pathological-images/LATEST/images/nimesulide/Liver/47341.svs,47341.svs,0,normal,587,1,2,nimesulide,nimesulide,,0,mg/kg,4 day,Repeat,Gavage,Rat,6,Liver,,,
/mnt/e/spass/open-tggates-pathological-images/LATEST/images/furosemide/Liver/34623.svs,34623.svs,0,normal,393,9,4,furosemide,furosemide,,100,mg/kg,4 day,Repeat,Gavage,Rat,6,Liver,,,
/mnt/e/spass/open-tggates-pathological-images/LATEST/images/tetracycline/Liver/11028.svs,11028.svs,0,normal,308,14,5,tetracycline,tetracycline,,1000,mg/kg,6 hr,Single,Gavage,Rat,6,Liver,,,
/mnt/e/spass/open-tggates-pathological-images/LATEST/images/sulpiride/Liver/40987.svs,40987.svs,0,normal,508,10,4,sulpiride,sulpiride,,1000,mg/kg,6 hr,Single,Gavage,Rat,6,Liver,,,
/mnt/e/spass/open-tggates-pathological-images/LATEST/images/lornoxicam/Liver/45387.svs,45387.svs,0,normal,538,13,3,lornoxicam,lornoxicam,,3,mg/kg,4 day,Repeat,Gavage,Rat,6,Liver,,,
/mnt/e/spass/open-tggates-pathological-images/LATEST/images/disulfiram/Liver/47403.svs,47403.svs,0,normal,491,14,5,disulfiram,disulfiram,,600,mg/kg,6 hr,Single,Gavage,Rat,6,Liver,,,
/mnt/e/spass/open-tggates-pathological-images/LATEST/images/desmopressin_acetate/Liver/63960.svs,63960.svs,0,normal,693,6,5,desmopressin acetate,desmopressin_acetate,,2,꺤g/kg,8 day,Repeat,subcutaneous injection,Rat,6,Liver,,,
/mnt/e/spass/open-tggates-pathological-images/LATEST/images/ethionamide/Liver/46301.svs,46301.svs,0,normal,585,2,3,ethionamide,ethionamide,,0,mg/kg,8 day,Repeat,Gavage,Rat,6,Liver,,,
/mnt/e/spass/open-tggates-pathological-images/LATEST/images/tannic_acid/Liver/24331.svs,24331.svs,0,normal,419,16,3,tannic acid,tannic_acid,,1000,mg/kg,29 day,Repeat,Gavage,Rat,6,Liver,,,
/mnt/e/spass/open-tggates-pathological-images/LATEST/images/chlorpromazine/Liver/28673.svs,28673.svs,0,normal,115,7,1,chlorpromazine,chlorpromazine,,5,mg/kg,15 day,Repeat,Gavage,Rat,6,Liver,,,
/mnt/e/spass/open-tggates-pathological-images/LATEST/images/triamterene/Liver/38732.svs,38732.svs,0,normal,444,2,5,triamterene,triamterene,,0,mg/kg,6 hr,Single,Gavage,Rat,6,Liver,,,
/mnt/e/spass/open-tggates-pathological-images/LATEST/images/diazepam/Liver/6509.svs,6509.svs,0,normal,159,8,2,diazepam,diazepam,,25,mg/kg,29 day,Repeat,Gavage,Rat,6,Liver,,,
